name,description_text,image_url,size,type,habitat,challenge_rating,armor_class,hit_points,speed,abilities,skills,senses,special_abilities,actions,behavior,diet,domesticable,rideable,exp_value,id,created_date,updated_date,created_by_id,created_by,is_sample,world_id,token_url
Lapin de Garenne,Petit mammifère rapide et craintif. Chair tendre et maigre très appréciée.,,Très petit,Mammifère,"Prairies, forêts claires, collines",0,13,1,12 m,,,"Vision normale, ouïe excellente",,,"Très craintif, court en zigzag",Herbivore,TRUE,FALSE,0,68e2952e0b5bce32ea0851b5,2025-10-05T15:56:30.542000,2025-10-05T15:56:30.542000,68d133369c4bfb4942ca73e3,greg.demeulenaere@gmail.com,FALSE,,
Cerf Noble,Majestueux cervidé des forêts. La venaison est une viande noble.,,Grand,Mammifère,"Forêts tempérées, montagnes",0.125,13,13,15 m,,,"Vision normale, odorat excellent",,,"Méfiant, grégaire, noble",Herbivore,FALSE,FALSE,25,68e2952e0b5bce32ea0851b6,2025-10-05T15:56:30.542000,2025-10-05T15:56:30.542000,68d133369c4bfb4942ca73e3,greg.demeulenaere@gmail.com,FALSE,,
Sanglier Furieux,Cochon sauvage agressif et dangereux. Chair savoureuse mais difficile à chasser.,,Moyen,Mammifère,"Forêts denses, sous-bois",0.25,11,11,12 m,,,Odorat excellent,,,"Agressif si dérangé, charge",Omnivore,FALSE,FALSE,50,68e2952e0b5bce32ea0851b7,2025-10-05T15:56:30.542000,2025-10-05T15:56:30.542000,68d133369c4bfb4942ca73e3,greg.demeulenaere@gmail.com,FALSE,,
Faisan Doré,Oiseau au plumage éclatant. Gibier raffiné des chasses nobles.,,Très petit,Oiseau,"Forêts claires, lisières",0,12,2,"6 m, vol 18 m",,,Vision perçante,,,"Méfiant, beau plumage",Omnivore,TRUE,FALSE,0,68e2952e0b5bce32ea0851b8,2025-10-05T15:56:30.542000,2025-10-05T15:56:30.542000,68d133369c4bfb4942ca73e3,greg.demeulenaere@gmail.com,FALSE,,
Huître Perlière Géante,"Énorme mollusque bivalve. Peut contenir des perles précieuses, chair délicate.",,Petit,Mollusque,Fonds marins peu profonds,0,14,5,0 m,,,Vision aveugle 3 m,,,"Immobile, filtre l'eau",Filtreur,FALSE,FALSE,0,68e2952e0b5bce32ea0851b9,2025-10-05T15:56:30.542000,2025-10-05T15:56:30.542000,68d133369c4bfb4942ca73e3,greg.demeulenaere@gmail.com,FALSE,,
Langouste Rouge,Grand crustacé sans pinces. Chair exceptionnellement fine et prisée.,,Petit,Crustacé,Fonds rocheux marins,0,13,3,"3 m, nage 9 m",,,Vision sombre 9 m,,,"Nocturne, se cache le jour",Carnivore,FALSE,FALSE,0,68e2952e0b5bce32ea0851ba,2025-10-05T15:56:30.542000,2025-10-05T15:56:30.542000,68d133369c4bfb4942ca73e3,greg.demeulenaere@gmail.com,FALSE,,
Oie Grasse,Oie domestique élevée pour son foie gras. Volatile bruyant mais délicieux.,,Petit,Oiseau,"Fermes, basses-cours",0,10,3,"6 m, vol 12 m, nage 9 m",,,Vision normale,,,"Bruyant, territorial, agressif si nid",Omnivore,TRUE,FALSE,10,68e2952e0b5bce32ea0851bb,2025-10-05T15:56:30.542000,2025-10-05T15:56:30.542000,68d133369c4bfb4942ca73e3,greg.demeulenaere@gmail.com,FALSE,,
Saumon Royal,"Poisson migrateur impressionnant. Chair rose délicate, remonte les rivières.",,Petit,Poisson,Océans et rivières (migration),0,12,3,Nage 15 m,,,"Vision aquatique, odorat excellent",,,Instinct de migration puissant,Carnivore,FALSE,FALSE,0,68e2952e0b5bce32ea0851bc,2025-10-05T15:56:30.542000,2025-10-05T15:56:30.542000,68d133369c4bfb4942ca73e3,greg.demeulenaere@gmail.com,FALSE,,
Truite Argentée,Poisson d'eau douce aux écailles brillantes comme l'argent. Chair délicate prisée.,,Très petit,Poisson,"Rivières claires, lacs de montagne",0,13,1,Nage 12 m,,,Vision aquatique,,,"Craintif, nage en bancs",Insectivore,FALSE,FALSE,0,68e2942fdf16a667f1f97030,2025-10-05T15:52:15.984000,2025-10-05T15:52:15.984000,68d133369c4bfb4942ca73e3,greg.demeulenaere@gmail.com,FALSE,,
Cochon Noir,Porc domestique robuste à la chair savoureuse. Élevé pour la viande et le lard.,,Moyen,Mammifère,"Fermes, villages",0,9,11,9 m,,,Odorat développé,,,"Docile, glouton",Omnivore,TRUE,FALSE,10,68e2942fdf16a667f1f97031,2025-10-05T15:52:15.984000,2025-10-05T15:52:15.984000,68d133369c4bfb4942ca73e3,greg.demeulenaere@gmail.com,FALSE,,
Crabe Géant,Énorme crustacé des profondeurs. Sa chair est un mets délicat mais dangereux à pêcher.,,Moyen,Crustacé,"Fonds marins, récifs",0.125,15,13,"6 m, nage 9 m",,,Vision aveugle 9 m,,,"Territorial, défensif",Carnivore,FALSE,FALSE,25,68e2942fdf16a667f1f97032,2025-10-05T15:52:15.984000,2025-10-05T15:52:15.984000,68d133369c4bfb4942ca73e3,greg.demeulenaere@gmail.com,FALSE,,
Escargot Géant,Gros escargot comestible. Considéré comme un délice dans certaines cultures.,,Petit,Mollusque,"Forêts humides, jardins",0,10,2,1.5 m,,,Vision aveugle 3 m,,,"Lent, inoffensif",Herbivore,TRUE,FALSE,0,68e2942fdf16a667f1f97033,2025-10-05T15:52:15.984000,2025-10-05T15:52:15.984000,68d133369c4bfb4942ca73e3,greg.demeulenaere@gmail.com,FALSE,,
Bœuf des Plaines,Grand bovin domestique. Source principale de viande rouge et de lait.,,Grand,Mammifère,"Prairies, fermes",0.25,10,15,9 m,,,Vision normale,,,"Calme, grégaire",Herbivore,TRUE,FALSE,50,68e2942fdf16a667f1f97034,2025-10-05T15:52:15.984000,2025-10-05T15:52:15.984000,68d133369c4bfb4942ca73e3,greg.demeulenaere@gmail.com,FALSE,,
Canard Sauvage,"Oiseau aquatique migrateur. Chair savoureuse, particulièrement le magret.",,Très petit,Oiseau,"Lacs, étangs, rivières",0,11,2,"6 m, vol 15 m, nage 9 m",,,Vision normale,,,"Méfiant, migrateur",Omnivore,TRUE,FALSE,0,68e2942fdf16a667f1f97035,2025-10-05T15:52:15.984000,2025-10-05T15:52:15.984000,68d133369c4bfb4942ca73e3,greg.demeulenaere@gmail.com,FALSE,,
Pieuvre des Récifs,Céphalopode intelligent des eaux peu profondes. Chair tendre très appréciée.,,Petit,Mollusque,"Récifs coralliens, côtes rocheuses",0,12,3,"1.5 m, nage 9 m",,,Vision sombre 9 m,,,"Curieux, camoufle",Carnivore,FALSE,FALSE,10,68e2942fdf16a667f1f97036,2025-10-05T15:52:15.984000,2025-10-05T15:52:15.984000,68d133369c4bfb4942ca73e3,greg.demeulenaere@gmail.com,FALSE,,
Sanglier des Bois,Grand sanglier sauvage à la chair savoureuse. Agressif quand acculé.,,Moyen,Mammifère,"Forêts tempérées, taillis",0.25,11,11,12 m,,,Odorat aiguisé,,,"Territorial, charge si menacé",Omnivore,FALSE,FALSE,50,68e29304062c229af79b9c63,2025-10-05T15:47:16.164000,2025-10-05T15:47:16.164000,68d133369c4bfb4942ca73e3,greg.demeulenaere@gmail.com,FALSE,,
Lapin Lunaire,Lapin blanc aux yeux argentés. Sa chair est tendre et légèrement sucrée.,,Très petit,Mammifère,"Clairières, prairies sous la lune",0,13,1,12 m,,,Vision nocturne 18 m,,,"Très craintif, fuit au moindre danger",Herbivore,TRUE,FALSE,10,68e29304062c229af79b9c64,2025-10-05T15:47:16.164000,2025-10-05T15:47:16.164000,68d133369c4bfb4942ca73e3,greg.demeulenaere@gmail.com,FALSE,,
Poisson Cristallin,Poisson translucide des lacs de montagne. Chair délicate au goût pur.,,Très petit,Poisson,"Lacs de montagne purs, rivières glacées",0,12,1,Nage 12 m,,,Vision normale,,,"Nage en bancs, fuit les prédateurs",Insectivore,FALSE,FALSE,0,68e29304062c229af79b9c65,2025-10-05T15:47:16.164000,2025-10-05T15:47:16.164000,68d133369c4bfb4942ca73e3,greg.demeulenaere@gmail.com,FALSE,,
Volaille Dorée,Oiseau au plumage doré élevé pour sa chair exceptionnelle.,,Petit,Oiseau,"Fermes, basses-cours nobles",0,10,3,"3 m, vol 15 m",,,Vision normale,,,"Docile, grégaire",Omnivore,TRUE,FALSE,10,68e29304062c229af79b9c66,2025-10-05T15:47:16.164000,2025-10-05T15:47:16.164000,68d133369c4bfb4942ca73e3,greg.demeulenaere@gmail.com,FALSE,,
Cerf Majestueux,Grand cerf aux bois imposants. Chair noble et savoureuse.,,Grand,Mammifère,"Forêts anciennes, montagnes",0.25,13,13,15 m,,,"Vision nocturne, odorat développé",,,"Méfiant, majestueux, fuit les menaces",Herbivore,FALSE,FALSE,50,68e29304062c229af79b9c67,2025-10-05T15:47:16.164000,2025-10-05T15:47:16.164000,68d133369c4bfb4942ca73e3,greg.demeulenaere@gmail.com,FALSE,,
Thundrak Fracasse-Enclume,Bélier titanesque aux cornes métalliques capables de sonner comme des cloches. Les forgerons nains utilisent le son de ses cornes pour tester la qualité de leurs œuvres et maintenir le rythme de la forge.,,Grand,Mammifère,"Montagnes, forges naines, prairies alpines",3,14,52,"12m, escalade 9m",,,Perception passive 11,,,"Docile et travailleur, le Thundrak est un compagnon précieux dans les forges naines. Son sens du rythme est parfait et les forgerons synchronisent leurs coups de marteau sur ses sonneries. Peut servir de monture en montagne.",Herbivore,TRUE,TRUE,700,68e22e96f714beeab91efc25,2025-10-05T08:38:46.955000,2025-10-05T08:38:46.955000,68d133369c4bfb4942ca73e3,greg.demeulenaere@gmail.com,FALSE,,
Vrakshnar Chasseur-de-Sang,"Rapace nocturne massif aux plumes noires comme la nuit et au bec crochu teinté de rouge. Animal de chasse sacré des chamans orcs, capable de traquer ses proies sur des centaines de kilomètres.",,Grand,Oiseau,"Terres désolées, canyons, territoires de chasse orcs",4,14,68,"3m au sol, 24m en vol",,,"Vision dans le noir 36m, Perception passive 18",,,"Prédateur patient et impitoyable, le Vrakshnar ne lâche jamais sa proie une fois marquée. Les chamans orcs l'utilisent pour traquer les ennemis en fuite ou retrouver les proies blessées. Symbole de persévérance et de vengeance inéluctable.",Carnivore,TRUE,TRUE,1100,68e22e96f714beeab91efc26,2025-10-05T08:38:46.955000,2025-10-05T08:38:46.955000,68d133369c4bfb4942ca73e3,greg.demeulenaere@gmail.com,FALSE,,
Crystalyn Chante-Glace,Magnifique oiseau des neiges dont les plumes sont faites de cristaux de glace vivante. Son chant peut geler l'eau et créer des sculptures de givre éphémères. Vénéré par les elfes des montagnes.,,Petit,Oiseau,"Sommets enneigés, glaciers, forêts de conifères nordiques",1,14,22,"6m, vol 18m",,,Perception passive 12,,,"Artistique et gracieux, le Crystalyn crée des œuvres d'art éphémères en givre. Les elfes nordiques le considèrent comme un messager des esprits de l'hiver. Son chant au lever du soleil est considéré comme de bon augure.",Insectivore,TRUE,FALSE,200,68e22e96f714beeab91efc21,2025-10-05T08:38:46.954000,2025-10-05T08:38:46.954000,68d133369c4bfb4942ca73e3,greg.demeulenaere@gmail.com,FALSE,,
Groknash Mange-Roc,Imposant ver de terre cuirassé capable de dévorer la pierre comme de la terre. Les nains l'utilisent pour creuser de nouveaux tunnels et détecter les veines de minerai précieux en analysant ses excréments.,,Très grand,Insecte,"Profondeurs souterraines, mines naines, tunnels rocheux",5,16,102,"9m, fouissement 12m",,,"Tremblesens 18m, Perception passive 10",,,"Créature docile mais puissante, essentielle aux opérations minières naines. Lent mais infatigable, il creuse jour et nuit. Ses excréments sont analysés par les géologues pour identifier les gisements. Considéré comme un trésor vivant.",Omnivore,TRUE,FALSE,1800,68e22e96f714beeab91efc22,2025-10-05T08:38:46.954000,2025-10-05T08:38:46.954000,68d133369c4bfb4942ca73e3,greg.demeulenaere@gmail.com,FALSE,,
Zal'marak Hurleur-de-Guerre,"Loup géant mutant aux trois têtes, chacune hurlant un cri de guerre différent. Animal totémique des clans orcs les plus féroces, symbole de rage et de domination.",,Grand,Mammifère,"Terres désolées, champs de bataille, territoires de clans orcs",5,14,85,15m,,,"Vision dans le noir 18m, Perception passive 16",,,Extrêmement agressif et loyal envers son maître orc. Les trois têtes pensent indépendamment mais agissent en harmonie au combat. Symbole de statut pour les chefs de guerre orcs. Son hurlement peut briser le moral des armées ennemies.,Carnivore,TRUE,TRUE,1800,68e22e96f714beeab91efc23,2025-10-05T08:38:46.954000,2025-10-05T08:38:46.954000,68d133369c4bfb4942ca73e3,greg.demeulenaere@gmail.com,FALSE,,
Silmarien Gardien-de-Rêves,"Gracieux félin ailé aux yeux opalescents, capable de marcher dans les rêves et de protéger les dormeurs. Compagnon mystique des nobles elfiques, gardien des chambres et des sanctuaires.",,Moyen,Mammifère,"Palais elfiques, sanctuaires, chambres sacrées",3,15,45,"12m, vol 15m",,,"Vision dans le noir 18m, Perception passive 16",,,Protecteur loyal et mystique des elfes nobles. Passe ses nuits à patrouiller les rêves de sa maisonnée pour les protéger. Extrêmement intelligent et empathique. Peut détecter les menaces avant qu'elles ne se manifestent.,Carnivore,TRUE,FALSE,700,68e22e96f714beeab91efc24,2025-10-05T08:38:46.954000,2025-10-05T08:38:46.954000,68d133369c4bfb4942ca73e3,greg.demeulenaere@gmail.com,FALSE,,
Sylvandris Marche-Racine,Imposant cerf dont les bois sont des branches vivantes couvertes de feuillage et de fleurs. Chaque pas fait croître des plantes et revitalise la terre. Gardien sacré des forêts elfiques anciennes.,,Grand,Mammifère,"Forêts anciennes, bosquets sacrés, sanctuaires naturels elfiques",3,13,52,15m,,,"Vision dans le noir 18m, Perception passive 16",,,"Protecteur bienveillant des forêts, le Sylvandris ne combat que pour défendre la nature. Les elfes le considèrent comme un avatar de la déesse de la nature. Sa présence garantit l'abondance et la fertilité.",Herbivore,FALSE,TRUE,700,68e22da0353804f7b41cd15a,2025-10-05T08:34:40.723000,2025-10-05T08:34:40.723000,68d133369c4bfb4942ca73e3,greg.demeulenaere@gmail.com,FALSE,,
Throk'nar Écrase-Crâne,"Sanglier titanesque aux défenses de fer, élevé par les orcs pour la guerre. Ses charges sont dévastatrices et sa rage au combat est légendaire. Monture de guerre des chefs de guerre orcs.",,Très grand,Mammifère,"Terres sauvages, champs de bataille, enclos de guerre orcs",5,15,85,12m,,,Perception passive 10,,,Extrêmement agressif et territorial. Utilisé comme monture de guerre par les chefs orcs d'élite. Sa charge peut briser les lignes ennemies. Loyal envers son cavalier mais hostile à tous les autres.,Omnivore,TRUE,TRUE,1800,68e22da0353804f7b41cd15b,2025-10-05T08:34:40.723000,2025-10-05T08:34:40.723000,68d133369c4bfb4942ca73e3,greg.demeulenaere@gmail.com,FALSE,,
Nuviel Danse-Vent,Gracieuse créature aviaire ressemblant à une hirondelle géante aux plumes iridescentes. Capable de chevaucher les courants éoliens et de créer des bourrasques. Messager rapide des royaumes elfiques.,,Moyen,Oiseau,"Hautes tours elfiques, falaises venteuses, cieux dégagés",1,15,27,"6m, vol 24m",,,Perception passive 14,,,"Loyal et intelligent, le Nuviel sert souvent de messager entre les cités elfiques. Sa vitesse et sa grâce en font un coursier aérien prisé. Sociable et joueur avec ceux qu'il connaît.",Insectivore,TRUE,TRUE,200,68e22da0353804f7b41cd15c,2025-10-05T08:34:40.723000,2025-10-05T08:34:40.723000,68d133369c4bfb4942ca73e3,greg.demeulenaere@gmail.com,FALSE,,
Forgebrul Souffle-Forge,Salamandre géante métallique dont le corps génère une chaleur intense. Les nains l'élèvent dans leurs forges où elle aide à maintenir les températures extrêmes nécessaires au travail des métaux rares.,,Moyen,Reptile,"Forges naines, chambres magmatiques, volcans",2,14,38,"9m, escalade 9m",,,"Vision dans le noir 18m, Perception passive 10",,,Docile et précieux pour les forgerons nains. Passe la majorité de son temps dans les braises des forges. Sa présence est considérée comme un signe de chance pour un atelier. Craint l'eau et le froid.,Carnivore,TRUE,FALSE,450,68e22da0353804f7b41cd15d,2025-10-05T08:34:40.723000,2025-10-05T08:34:40.723000,68d133369c4bfb4942ca73e3,greg.demeulenaere@gmail.com,FALSE,,
Grishtak Crâne-Fendu,"Lézard cuirassé de la taille d'un cheval, au crâne osseux épais comme du roc. Les orcs l'utilisent comme bélier vivant et bête de somme. Tête quasi-indestructible capable de défoncer les murs.",,Grand,Reptile,"Déserts rocheux, badlands, camps militaires orcs",3,16,59,9m,,,Perception passive 9,,,"Têtu et agressif mais loyal envers son dresseur orc. Utilisé pour défoncer les portes et transporter du matériel de siège. Sa charge est dévastatrice. Mange n'importe quoi, y compris le bois et le cuir.",Omnivore,TRUE,TRUE,700,68e22da0353804f7b41cd15e,2025-10-05T08:34:40.723000,2025-10-05T08:34:40.723000,68d133369c4bfb4942ca73e3,greg.demeulenaere@gmail.com,FALSE,,
Lúmenis Porte-Lumière,Luciole géante au corps translucide rempli de lumière vivante. Sa bioluminescence peut éclairer comme le jour ou créer des illusions fascinantes. Gardienne des bibliothèques elfiques anciennes.,,Petit,Insecte,"Bibliothèques elfiques, forêts enchantées, grottes à cristaux",0.5,13,18,"3m, vol 12m",,,"Vision dans le noir 36m, Perception passive 12",,,"Paisible et curieuse, la Lúmenis aide les érudits elfes dans leurs recherches en éclairant les manuscrits anciens. Sa lumière préserve également les documents fragiles. Considérée comme un gardien du savoir.",Herbivore,TRUE,FALSE,100,68e22da0353804f7b41cd15f,2025-10-05T08:34:40.723000,2025-10-05T08:34:40.723000,68d133369c4bfb4942ca73e3,greg.demeulenaere@gmail.com,FALSE,,
Brondar Marche-Pierre,Tortue montagneuse géante dont la carapace est composée de strates rocheuses stratifiées. Les géologues nains peuvent lire l'histoire de la terre sur sa coquille. Vit des siècles et témoigne des ères géologiques.,,Très grand,Reptile,"Hautes montagnes, plateaux rocheux, cavernes anciennes",4,20,95,6m,,,"Tremblesens 18m, Perception passive 13",,,Extrêmement lent et paisible. Se nourrit de lichens et de mousses millénaires. Les nains le vénèrent comme témoin vivant de l'histoire de la terre. Sa carapace est une archive naturelle inestimable. Peut dormir pendant des décennies.,Herbivore,FALSE,TRUE,1100,68e22da0353804f7b41cd160,2025-10-05T08:34:40.723000,2025-10-05T08:34:40.723000,68d133369c4bfb4942ca73e3,greg.demeulenaere@gmail.com,FALSE,,
Vor'gath Marchombre,"Grand félin spectral aux yeux rouges luisants et au pelage qui absorbe la lumière. Chasseur nocturne des terres orcs, capable de se fondre dans les ombres et de traquer ses proies silencieusement pendant des jours.",,Grand,Mammifère,"Forêts sombres, cavernes, ruines, territoires orcs nocturnes",4,15,68,"15m, escalade 12m",,,"Vision dans le noir 36m, Perception passive 14",,,"Prédateur solitaire et patient, le Vor'gath peut traquer sa proie pendant des jours sans être détecté. Les chamans orcs le considèrent comme un esprit vengeur. Certains guerriers orcs d'élite en apprivoisent comme montures de chasse nocturne.",Carnivore,TRUE,TRUE,1100,68e22da0353804f7b41cd161,2025-10-05T08:34:40.723000,2025-10-05T08:34:40.723000,68d133369c4bfb4942ca73e3,greg.demeulenaere@gmail.com,FALSE,,
Zhar'gul Dévore-Os,Monstrueuse hyène blindée aux mâchoires capables de broyer la pierre. Élevée par les clans orcs pour ses capacités à dévorer armures et armes des ennemis tombés.,,Moyen,Mammifère,"Terres désolées, champs de bataille, territoires orcs",2,14,39,12m,,,"Vision dans le noir 18m, Perception passive 10",,,"Agressif et tenace, le Zhar'gul ne lâche jamais prise une fois qu'il a mordu. Les orcs l'utilisent pour détruire les équipements ennemis et terrifier leurs adversaires. Se nourrit de tout.",Omnivore,TRUE,FALSE,450,68e22d00c1e25d4ab005955d,2025-10-05T08:32:00.028000,2025-10-05T08:32:00.028000,68d133369c4bfb4942ca73e3,greg.demeulenaere@gmail.com,FALSE,,
Elendril Tisseur-de-Brume,"Araignée gracile aux pattes translucides comme du cristal, capable de tisser des toiles de brume enchantée. Créature vénérée par les elfes pour ses soies précieuses.",,Petit,Arachnide,"Forêts embrumées, bosquets elfiques, vallées brumeuses",0.5,14,16,"9m, escalade 9m",,,"Vision aveugle 3m, Vision dans le noir 18m, Perception passive 12",,,"Timide et artistique, l'Elendril crée des œuvres d'art éphémères avec ses toiles brumeuses. Les elfes récoltent sa soie pour créer des vêtements enchantés. Fuit plutôt que de combattre.",Insectivore,TRUE,FALSE,100,68e22d00c1e25d4ab005955e,2025-10-05T08:32:00.028000,2025-10-05T08:32:00.028000,68d133369c4bfb4942ca73e3,greg.demeulenaere@gmail.com,FALSE,,
Durathor Pierre-Vive,Tortue couverte de cristaux géologiques vivants qui croissent sur sa carapace. Les nains l'élèvent pour récolter des gemmes et utilisent sa carapace comme référence pour identifier les mineraux.,,Moyen,Reptile,"Cavernes profondes, mines naines, grottes cristallines",1,18,32,6m,,,"Vision dans le noir 18m, Tremblesens 9m, Perception passive 11",,,"Lent et paisible, le Durathor est un animal de compagnie apprécié des familles naines. Sa carapace sert d'encyclopédie vivante des formations minérales. Peut vivre plusieurs siècles.",Herbivore,TRUE,FALSE,200,68e22d00c1e25d4ab005955f,2025-10-05T08:32:00.028000,2025-10-05T08:32:00.028000,68d133369c4bfb4942ca73e3,greg.demeulenaere@gmail.com,FALSE,,
Shivrael Aile-Givrée,Magnifique papillon de nuit géant aux ailes recouvertes de givre éternel. Chaque battement d'ailes libère une poudre glaciale scintillante. Messager des royaumes hivernaux.,,Moyen,Insecte,"Toundras, sommets enneigés, forêts boréales, plans élémentaires du Froid",1,13,22,"3m, vol 15m",,,"Vision dans le noir 18m, Perception passive 11",,,"Créature nocturne et paisible, attirée par la lumière des étoiles et les aurores boréales. Les chamans nordiques croient qu'elle transporte les rêves des dormeurs vers les royaumes spirituels.",Herbivore,TRUE,FALSE,200,68e22d00c1e25d4ab0059560,2025-10-05T08:32:00.028000,2025-10-05T08:32:00.028000,68d133369c4bfb4942ca73e3,greg.demeulenaere@gmail.com,FALSE,,
Grukh'tar Mange-Roche,Énorme ver blindé aux mandibules capables de creuser la roche la plus dure. Élevé par les orcs et gobelins pour creuser des tunnels et dévorer les fortifications ennemies.,,Grand,Insecte,"Souterrains profonds, mines abandonnées, cavernes orcs",3,16,58,"9m, fouissement 9m",,,"Vision aveugle 18m, Tremblesens 18m, Perception passive 9",,,Créature aveugle qui détecte les vibrations. Utilisée comme arme de siège vivante par les armées orcs. Peut effondrer des murailles entières en quelques heures. Docile si bien nourri.,Omnivore,TRUE,FALSE,700,68e22d00c1e25d4ab0059561,2025-10-05T08:32:00.028000,2025-10-05T08:32:00.028000,68d133369c4bfb4942ca73e3,greg.demeulenaere@gmail.com,FALSE,,
Míriel Chante-Étoiles,Oiseau nocturne diaphane dont le plumage reflète les constellations. Son chant mélodieux peut apaiser les âmes tourmentées et guider les voyageurs perdus.,,Petit,Oiseau,"Tours elfiques, sommets de montagnes sacrées, jardins célestes",0.25,12,10,"3m, vol 18m",,,"Vision dans le noir 36m, Perception passive 15",,,"Messager et guide des elfes, le Míriel est considéré comme sacré. Son chant peut apaiser même les cœurs les plus troublés. On dit qu'il transporte les prières vers les divinités stellaires.",Insectivore,TRUE,FALSE,50,68e22d00c1e25d4ab0059562,2025-10-05T08:32:00.028000,2025-10-05T08:32:00.028000,68d133369c4bfb4942ca73e3,greg.demeulenaere@gmail.com,FALSE,,
Kazdurum Corne-d'Acier,"Bélier mécanique partiellement construit, fusion de chair et d'engrenages nains. Ses cornes d'acier peuvent enfoncer les portes les plus solides. Chef-d'œuvre d'ingénierie naine.",,Grand,Mammifère,"Forteresses naines, salles d'ingénierie, champs de bataille",4,17,68,12m,,,"Vision dans le noir 18m, Perception passive 10",,,Docile et obéissant envers ses maîtres nains. Utilisé pour enfoncer les fortifications ennemies et transporter de lourdes charges. Nécessite un entretien régulier de ses parties mécaniques.,Omnivore,TRUE,TRUE,1100,68e22d00c1e25d4ab0059563,2025-10-05T08:32:00.028000,2025-10-05T08:32:00.028000,68d133369c4bfb4942ca73e3,greg.demeulenaere@gmail.com,FALSE,,
Vrakka Crocs-de-Poison,"Serpent à sonnettes géant aux écailles noires et vertes, dont le venin provoque des hallucinations terrifiantes. Animal totémique des chamans orcs du désert.",,Grand,Reptile,"Déserts, badlands, canyons, camps orcs nomades",3,14,45,"9m, nage 9m",,,"Vision aveugle 3m, Perception passive 13",,,Chasseur embuscade patient et territorial. Les chamans orcs utilisent son venin dans leurs rituels visionnaires. Considéré comme messager des esprits du désert. Craint et respecté.,Carnivore,TRUE,FALSE,700,68e22d00c1e25d4ab0059564,2025-10-05T08:32:00.028000,2025-10-05T08:32:00.028000,68d133369c4bfb4942ca73e3,greg.demeulenaere@gmail.com,FALSE,,
Aelindris Lumineux,"Gracieux cervidé aux bois cristallins qui émettent une douce lumière argentée. Créature sacrée des forêts elfiques, son apparition est considérée comme un présage de paix.",https://base44.app/api/apps/68d133369c4bfb4942ca73e2/files/public/68d133369c4bfb4942ca73e2/71dabc5f4_AelindrisLumineux.png,Moyen,Mammifère,"Forêts anciennes, clairières sacrées, bosquets elfiques",1,14,26,15m,,,"Vision dans le noir 18m, Perception passive 15",,,"Timide et pacifique, l'Aelindris fuit généralement les dangers. Les elfes le considèrent sacré et le protègent farouchement. Sa lumière repousse les créatures des ténèbres.",Herbivore,TRUE,FALSE,200,68e22c50236eaaf8856d8350,2025-10-05T08:29:04.309000,2025-11-14T14:38:02.612000,68d133369c4bfb4942ca73e3,greg.demeulenaere@gmail.com,FALSE,690f88707ca28b390273316f,
Kragzar des Montagnes,"Massif bovin de montagne à la fourrure épaisse et aux cornes de pierre. Élevé par les nains pour sa force, son endurance et sa capacité à détecter les veines de minerai.",https://base44.app/api/apps/68d133369c4bfb4942ca73e2/files/public/68d133369c4bfb4942ca73e2/d0f1ec9bd_KragzardesMontagnes.png,Grand,Mammifère,"Montagnes, tunnels souterrains, forteresses naines",2,13,45,9m,,,"Vision dans le noir 18m, Perception passive 13, Tremblesens 9m",,,Docile et loyal envers ses maîtres nains. Têtu mais travailleur infatigable. Peut détecter l'instabilité structurelle dans les tunnels. Protecteur du troupeau.,Herbivore,TRUE,TRUE,450,68e22c50236eaaf8856d8351,2025-10-05T08:29:04.309000,2025-11-14T14:48:52.829000,68d133369c4bfb4942ca73e3,greg.demeulenaere@gmail.com,FALSE,,
Ghul'rakka Charognard,"Répugnante créature à six pattes ressemblant à une hyène mutante, avec une mâchoire surdimensionnée. Animal totémique des tribus orcs, symbole de survie et de férocité.",https://base44.app/api/apps/68d133369c4bfb4942ca73e2/files/public/68d133369c4bfb4942ca73e2/4e535e2e2_GhulrakkaCharognard.png,Moyen,Mammifère,"Terres désolées, champs de bataille, camps orcs",1,12,32,12m,,,"Vision dans le noir 18m, Perception passive 12",,,Agressif et opportuniste. Chasse en meute avec une coordination brutale mais efficace. Les orcs les élèvent pour nettoyer les champs de bataille et comme bêtes de guerre.,Carnivore,TRUE,FALSE,200,68e22c50236eaaf8856d8352,2025-10-05T08:29:04.309000,2025-11-14T14:30:16.059000,68d133369c4bfb4942ca73e3,greg.demeulenaere@gmail.com,FALSE,,
Sylphora Papillonée,Magnifique créature hybride entre un papillon géant et un félin ailé. Ses ailes iridescentes laissent une traînée de pollen magique. Créature adorée des druides.,,Petit,Créature aquatique,"Jardins enchantés, clairières fleuries, plans féeriques",0.5,15,18,"6m, vol 18m",,,Perception passive 14,,,"Douce et curieuse, attirée par les fleurs et la magie de la nature. Fuit les conflits mais peut défendre son territoire avec son pollen soporifique. Symbole de transformation et renouveau.",Herbivore,TRUE,FALSE,100,68e22c50236eaaf8856d8353,2025-10-05T08:29:04.309000,2025-10-05T08:29:04.309000,68d133369c4bfb4942ca73e3,greg.demeulenaere@gmail.com,FALSE,,
Thorzak Forge-Écaille,"Lézard de lave aux écailles de métal chauffées à blanc. Créature symbiotique des forges naines, capable de chauffer le métal par sa seule présence et de détecter les impuretés.",,Petit,Reptile,"Forges, volcans, tunnels magmatiques, salles de forge naines",0.25,16,14,"9m, escalade 9m",,,"Vision dans le noir 18m, Perception passive 10",,,"Docile et utilitaire, le Thorzak est considéré comme porte-bonheur par les forgerons nains. Il se nourrit de charbon et de minerai, et dort dans les braises des forges. Peut aider à maintenir une température constante.",Omnivore,TRUE,FALSE,50,68e22c50236eaaf8856d8354,2025-10-05T08:29:04.309000,2025-10-05T08:29:04.309000,68d133369c4bfb4942ca73e3,greg.demeulenaere@gmail.com,FALSE,,
Vaerenth Planant,Raie céleste aux nageoires translucides qui nage dans les airs comme dans l'eau. Ses écailles réfractent la lumière en arcs-en-ciel. Messager des dieux du vent selon les légendes elfiques.,,Grand,Créature aquatique,"Hautes montagnes, sommets de tours, nuages, plans élémentaires de l'Air",3,14,52,Vol 18m (vol stationnaire),,,"Vision aveugle 18m, Perception passive 15",,,"Majestueux et paisible, le Vaerenth glisse silencieusement dans les airs. Les marins du ciel considèrent sa rencontre comme un bon présage. Curieux mais timide avec les étrangers.",Carnivore,TRUE,TRUE,700,68e22c50236eaaf8856d8355,2025-10-05T08:29:04.309000,2025-10-05T08:29:04.309000,68d133369c4bfb4942ca73e3,greg.demeulenaere@gmail.com,FALSE,,
Morglath Crachefeu,Crapaud des marais volcaniques couvert de verrues incandescentes. Crache de la lave en fusion pour se défendre. Familier prisé des chamans orcs et gobelins.,,Très petit,Amphibien,"Marécages volcaniques, geysers, sources chaudes, camps orcs",0.125,11,7,"6m, nage 6m",,,"Vision dans le noir 9m, Perception passive 9",,,Agressif malgré sa petite taille. Territorial et prompt à cracher de la lave sur les intrus. Les orcs les élèvent comme gardiens et amusement. Se nourrit d'insectes carbonisés.,Carnivore,TRUE,FALSE,25,68e22c50236eaaf8856d8356,2025-10-05T08:29:04.309000,2025-10-05T08:29:04.309000,68d133369c4bfb4942ca73e3,greg.demeulenaere@gmail.com,FALSE,,
Lunaeth Argenté,"Majestueux félin spectral à la fourrure argentée qui brille sous la lune. Gardien des sanctuaires lunaires, il peut devenir intangible et marcher entre les ombres.",https://base44.app/api/apps/68d133369c4bfb4942ca73e2/files/public/68d133369c4bfb4942ca73e2/e43d41d8d_LunaethArgent.png,Moyen,Mammifère,"Sanctuaires lunaires, forêts nocturnes, plans de l'ombre",2,15,38,"15m, escalade 12m",,,"Vision dans le noir 36m, Perception passive 15",,,"Noble et mystérieux, le Lunaeth est gardien des lieux sacrés de la lune. Loyal envers ceux qui respectent la nuit et les mystères lunaires. Chasseur nocturne silencieux et efficace.",Carnivore,TRUE,FALSE,450,68e22c50236eaaf8856d8357,2025-10-05T08:29:04.309000,2025-11-14T14:42:34.989000,68d133369c4bfb4942ca73e3,greg.demeulenaere@gmail.com,FALSE,,
Rhinocéros Noir,"Herbivore massif au tempérament irascible, armé d'une ou deux cornes frontales. Malgré sa taille, capable de charger à grande vitesse.",,Très grand,Mammifère,"Savanes africaines, prairies arbustives",6,15,102,15m,,,Perception passive 13,,,Extrêmement territorial et agressif. Vue faible mais charge à la moindre perturbation. Peut atteindre 50 km/h malgré son poids.,Herbivore,FALSE,FALSE,2300,68e22b584112994818c448ae,2025-10-05T08:24:56.252000,2025-10-05T08:24:56.252000,68d133369c4bfb4942ca73e3,greg.demeulenaere@gmail.com,FALSE,,
Cobra Royal,"Le plus long serpent venimeux du monde, pouvant atteindre 5 mètres. Capable de se dresser pour faire face à un homme et de projeter son venin.",,Moyen,Reptile,Forêts tropicales d'Asie du Sud-Est,2,14,32,"9m, nage 6m, escalade 6m",,,"Vision aveugle 3m, Perception passive 12",,,Intelligent et territorial. Préfère fuir mais se défend férocement si acculé. Seul serpent à construire un nid pour ses œufs.,Carnivore,FALSE,FALSE,450,68e22b584112994818c448af,2025-10-05T08:24:56.252000,2025-10-05T08:24:56.252000,68d133369c4bfb4942ca73e3,greg.demeulenaere@gmail.com,FALSE,,
Colibri à Gorge Rubis,"Le plus petit oiseau migrateur, capable de battre des ailes jusqu'à 80 fois par seconde. Ses couleurs iridescentes brillent au soleil.",,Très petit,Oiseau,"Forêts, jardins, prairies fleuries",0,14,1,"1,50m au sol, 18m en vol",,,Perception passive 13,,,"Extrêmement territorial malgré sa taille. Agile et rapide, défend agressivement ses sources de nectar. Migration incroyable à travers le golfe du Mexique.",Omnivore,FALSE,FALSE,10,68e22b584112994818c448b0,2025-10-05T08:24:56.252000,2025-10-05T08:24:56.252000,68d133369c4bfb4942ca73e3,greg.demeulenaere@gmail.com,FALSE,,
Mouffette Rayée,Petit mammifère noir et blanc connu pour son spray défensif malodorant capable de repousser même les plus grands prédateurs.,,Petit,Mammifère,"Forêts, prairies, zones urbaines d'Amérique du Nord",0.125,10,5,9m,,,"Vision dans le noir 18m, Perception passive 13",,,Nocturne et solitaire. Préfère éviter les conflits mais son spray est redoutablement efficace. Même les ours l'évitent.,Omnivore,FALSE,FALSE,25,68e22b584112994818c448b1,2025-10-05T08:24:56.252000,2025-10-05T08:24:56.252000,68d133369c4bfb4942ca73e3,greg.demeulenaere@gmail.com,FALSE,,
Faucon Pèlerin,"L'animal le plus rapide du monde, capable d'atteindre plus de 300 km/h en piqué. Chasseur aérien sans égal.",,Petit,Oiseau,"Falaises, montagnes, villes (gratte-ciels)",0.25,13,7,"3m au sol, 27m en vol",,,Perception passive 16,,,Chasseur solitaire et territorial. Frappe ses proies en vol avec une précision mortelle. S'est adapté aux environnements urbains.,Carnivore,TRUE,FALSE,50,68e22b584112994818c448b2,2025-10-05T08:24:56.252000,2025-10-05T08:24:56.252000,68d133369c4bfb4942ca73e3,greg.demeulenaere@gmail.com,FALSE,,
Méduse-Boîte,L'une des créatures les plus venimeuses au monde. Ses tentacules transparents peuvent mesurer plusieurs mètres et contiennent un venin mortel.,,Moyen,Créature aquatique,Eaux côtières tropicales du Pacifique,2,9,22,Nage 12m,,,"Vision aveugle 18m, Perception passive 10",,,Dérive passivement avec les courants. Ses tentacules longs et transparents sont un danger mortel pour les nageurs imprudents.,Carnivore,FALSE,FALSE,450,68e22b584112994818c448b3,2025-10-05T08:24:56.252000,2025-10-05T08:24:56.252000,68d133369c4bfb4942ca73e3,greg.demeulenaere@gmail.com,FALSE,,
Porc-Épic,"Rongeur couvert de milliers de piquants acérés. Grimpeur excellent malgré son apparence encombrante, se défend en dressant ses piquants.",,Petit,Mammifère,"Forêts, zones boisées",0.25,13,11,"9m, escalade 6m",,,Perception passive 11,,,"Nocturne et solitaire. Excellent grimpeur, passe beaucoup de temps dans les arbres. Herbivore pacifique mais bien défendu.",Herbivore,FALSE,FALSE,50,68e22b584112994818c448b4,2025-10-05T08:24:56.252000,2025-10-05T08:24:56.252000,68d133369c4bfb4942ca73e3,greg.demeulenaere@gmail.com,FALSE,,
Anaconda Vert,"Le serpent le plus lourd du monde, constricteur aquatique massif capable d'avaler des proies aussi grandes qu'un cerf.",,Très grand,Reptile,"Marécages, rivières et forêts inondées d'Amazonie",5,12,85,"9m, nage 12m",,,"Vision aveugle 3m, Perception passive 10",,,"Chasseur patient à l'affût dans l'eau. Attaque par surprise, enroule sa proie et l'étouffe lentement. Peut avaler des proies entières.",Carnivore,FALSE,FALSE,1800,68e22b584112994818c448b5,2025-10-05T08:24:56.252000,2025-10-05T08:24:56.252000,68d133369c4bfb4942ca73e3,greg.demeulenaere@gmail.com,FALSE,,
Hippopotame,"Malgré son apparence massive et paisible, l'hippopotame est l'un des animaux les plus dangereux d'Afrique. Extrêmement territorial et agressif.",,Très grand,Mammifère,"Rivières, lacs et marécages d'Afrique",5,14,95,"12m, nage 9m",,,Perception passive 10,,,"Extrêmement territorial et agressif, surtout avec des petits. Responsable de plus de morts humaines en Afrique que les prédateurs.",Herbivore,FALSE,FALSE,1800,68e22af1f0b0a5a83d564cb1,2025-10-05T08:23:13.736000,2025-10-05T08:23:13.736000,68d133369c4bfb4942ca73e3,greg.demeulenaere@gmail.com,FALSE,,
Renard Roux,"Canidé rusé et adaptable, connu pour son intelligence et sa fourrure rousse flamboyante. Chasseur opportuniste et solitaire.",,Petit,Mammifère,"Forêts, prairies, zones urbaines",0.25,13,7,12m,,,"Vision dans le noir 18m, Perception passive 13",,,"Rusé et adaptable, chasse surtout la nuit. Capable de s'adapter aux environnements urbains. Solitaire sauf en période de reproduction.",Omnivore,TRUE,FALSE,50,68e22af1f0b0a5a83d564cb2,2025-10-05T08:23:13.736000,2025-10-05T08:23:13.736000,68d133369c4bfb4942ca73e3,greg.demeulenaere@gmail.com,FALSE,,
Orque Épaulard,Le plus grand dauphin et l'un des prédateurs les plus intelligents des océans. Chasse en meute avec des stratégies élaborées.,,Très grand,Mammifère,Tous les océans du monde,6,13,105,Nage 18m,,,"Vision aveugle 36m, Perception passive 16",,,Chasse en groupes familiaux coordonnés. Intelligence remarquable avec dialectes propres à chaque pod. Apex prédateur sans rival naturel.,Carnivore,FALSE,FALSE,2300,68e22af1f0b0a5a83d564cb3,2025-10-05T08:23:13.736000,2025-10-05T08:23:13.736000,68d133369c4bfb4942ca73e3,greg.demeulenaere@gmail.com,FALSE,,
Paresseux à Trois Doigts,"Mammifère arboricole au métabolisme extrêmement lent. Passe la majorité de sa vie suspendu aux arbres, se déplaçant avec une lenteur légendaire.",,Petit,Mammifère,Forêts tropicales d'Amérique du Sud,0,10,4,"1,50m, escalade 3m",,,Perception passive 10,,,Extrêmement lent mais excellent nageur. Descend au sol une fois par semaine. Pratiquement invisible dans les arbres grâce au camouflage.,Herbivore,TRUE,FALSE,10,68e22af1f0b0a5a83d564cb4,2025-10-05T08:23:13.736000,2025-10-05T08:23:13.736000,68d133369c4bfb4942ca73e3,greg.demeulenaere@gmail.com,FALSE,,
Caméléon Panthère,Lézard arboricole capable de changer de couleur pour se camoufler ou communiquer. Ses yeux peuvent bouger indépendamment l'un de l'autre.,,Très petit,Reptile,Forêts tropicales de Madagascar,0,12,2,"6m, escalade 6m",,,Perception passive 13,,,Chasseur patient qui attend immobile que des insectes passent à portée. Territoire et solitaire sauf en période d'accouplement.,Insectivore,TRUE,FALSE,10,68e22af1f0b0a5a83d564cb5,2025-10-05T08:23:13.736000,2025-10-05T08:23:13.736000,68d133369c4bfb4942ca73e3,greg.demeulenaere@gmail.com,FALSE,,
Loutre de Mer,Mammifère marin joueur qui utilise des outils pour casser des coquillages. Possède la fourrure la plus dense du règne animal pour résister au froid.,,Petit,Mammifère,"Côtes du Pacifique Nord, forêts de kelp",0.25,12,9,"6m, nage 12m",,,Perception passive 11,,,Extrêmement sociale et joueuse. Flotte sur le dos en se tenant les pattes. Utilise des outils avec dextérité remarquable.,Carnivore,FALSE,FALSE,50,68e22af1f0b0a5a83d564cb6,2025-10-05T08:23:13.736000,2025-10-05T08:23:13.736000,68d133369c4bfb4942ca73e3,greg.demeulenaere@gmail.com,FALSE,,
Kangourou Roux,"Le plus grand marsupial vivant, capable de bonds prodigieux. Les mâles sont puissants et peuvent être dangereux s'ils se sentent menacés.",,Grand,Mammifère,Plaines et déserts d'Australie,1,12,22,15m (en bondissant),,,Perception passive 12,,,"Sociable, vit en groupes appelés 'mobs'. Les mâles se battent en boxant. Peut être très agressif si acculé.",Herbivore,FALSE,FALSE,200,68e22af1f0b0a5a83d564cb7,2025-10-05T08:23:13.736000,2025-10-05T08:23:13.736000,68d133369c4bfb4942ca73e3,greg.demeulenaere@gmail.com,FALSE,,
Poulpe Géant du Pacifique,"Le plus grand poulpe au monde, créature intelligente capable de résoudre des problèmes complexes et de s'échapper de presque n'importe quel contenant.",,Grand,Créature aquatique,Fonds rocheux du Pacifique Nord,3,11,52,Nage 9m,,,"Vision dans le noir 18m, Perception passive 14",,,Extrêmement intelligent et curieux. Maître de l'évasion et du camouflage. Solitaire et territorial. Peut reconnaître des individus humains.,Carnivore,FALSE,FALSE,700,68e22af1f0b0a5a83d564cb8,2025-10-05T08:23:13.736000,2025-10-05T08:23:13.736000,68d133369c4bfb4942ca73e3,greg.demeulenaere@gmail.com,FALSE,,
Gorille des Montagnes,"Le plus grand primate vivant, herbivore paisible mais d'une force phénoménale. Vit en groupes familiaux dirigés par un mâle au dos argenté.",,Grand,Mammifère,Forêts de montagne d'Afrique centrale,4,12,59,"9m, escalade 9m",,,Perception passive 14,,,Généralement pacifique et herbivore. Devient extrêmement dangereux si sa famille est menacée. Très intelligent et capable d'émotions complexes.,Herbivore,FALSE,FALSE,1100,68e22a50f714beeab91ef4a6,2025-10-05T08:20:32.934000,2025-10-05T08:20:32.934000,68d133369c4bfb4942ca73e3,greg.demeulenaere@gmail.com,FALSE,,
Raie Manta Océanique,"Élégante créature marine aux nageoires semblables à des ailes. Filtre des tonnes d'eau pour se nourrir de plancton, paisible géant des océans.",,Très grand,Poisson,Océans tropicaux et subtropicaux,2,11,45,Nage 15m,,,"Vision aveugle 9m, Perception passive 10",,,Créature paisible et curieuse. Se nourrit de plancton en filtrant l'eau. Parfois joueuse avec les plongeurs.,Carnivore,FALSE,TRUE,450,68e22a50f714beeab91ef4a7,2025-10-05T08:20:32.934000,2025-10-05T08:20:32.934000,68d133369c4bfb4942ca73e3,greg.demeulenaere@gmail.com,FALSE,,
Varan de Komodo,"Le plus grand lézard vivant, prédateur redoutable à la morsure venimeuse et aux griffes acérées. Charognard opportuniste et chasseur patient.",,Grand,Reptile,"Îles d'Indonésie, savanes sèches",3,14,45,9m,,,"Vision dans le noir 9m, Perception passive 14",,,Prédateur patient qui suit ses proies blessées pendant des jours. Charognard opportuniste. Très territorial.,Carnivore,FALSE,FALSE,700,68e22a50f714beeab91ef4a8,2025-10-05T08:20:32.934000,2025-10-05T08:20:32.934000,68d133369c4bfb4942ca73e3,greg.demeulenaere@gmail.com,FALSE,,
Ours Polaire,"Le plus grand carnivore terrestre, parfaitement adapté aux régions arctiques. Chasseur redoutable sur terre comme dans l'eau glacée.",,Très grand,Mammifère,"Banquise arctique, régions polaires",5,13,84,"12m, nage 9m",,,Perception passive 16,,,Chasseur solitaire très territorial. Excellent nageur. L'un des rares animaux qui chasse activement les humains.,Carnivore,FALSE,FALSE,1800,68e22a50f714beeab91ef4a9,2025-10-05T08:20:32.934000,2025-10-05T08:20:32.934000,68d133369c4bfb4942ca73e3,greg.demeulenaere@gmail.com,FALSE,,
Cobra Royal,"Le plus long serpent venimeux au monde, pouvant atteindre 5 mètres. Capable de se dresser et d'affronter des créatures bien plus grandes.",,Moyen,Reptile,Forêts tropicales et jungles d'Asie,2,14,26,"9m, escalade 9m, nage 9m",,,"Vision aveugle 3m, Perception passive 10",,,Très territorial et agressif si menacé. Peut se dresser et affronter même des éléphants. Émet un sifflement caractéristique avant d'attaquer.,Carnivore,FALSE,FALSE,450,68e22a50f714beeab91ef4aa,2025-10-05T08:20:32.934000,2025-10-05T08:20:32.934000,68d133369c4bfb4942ca73e3,greg.demeulenaere@gmail.com,FALSE,,
Castor d'Amérique,Ingénieur naturel capable de modifier radicalement son environnement. Construit des barrages complexes qui créent des étangs artificiels.,,Petit,Mammifère,"Rivières, lacs, zones humides d'Amérique du Nord",0.25,11,13,"9m, nage 12m",,,Perception passive 11,,,"Travailleur infatigable, vit en colonies familiales. Modifie radicalement son environnement en construisant des barrages.",Herbivore,TRUE,FALSE,50,68e22a50f714beeab91ef4ab,2025-10-05T08:20:32.934000,2025-10-05T08:20:32.934000,68d133369c4bfb4942ca73e3,greg.demeulenaere@gmail.com,FALSE,,
Ara Hyacinthe,"Le plus grand perroquet du monde, au plumage bleu cobalt éclatant. Intelligent et sociable, capable d'imiter la parole humaine.",,Petit,Oiseau,Forêts tropicales d'Amérique du Sud,0,12,3,"3m au sol, 15m en vol",,,Perception passive 13,,,"Très social, vit en couples monogames pour la vie. Extrêmement intelligent, capable de résoudre des problèmes complexes.",Herbivore,TRUE,FALSE,10,68e22a50f714beeab91ef4ac,2025-10-05T08:20:32.934000,2025-10-05T08:20:32.934000,68d133369c4bfb4942ca73e3,greg.demeulenaere@gmail.com,FALSE,,
Méduse-Boîte,L'une des créatures les plus venimeuses au monde. Ses tentacules contiennent un poison foudroyant capable de tuer un humain en minutes.,,Très petit,Créature aquatique,"Eaux tropicales peu profondes, Indo-Pacifique",1,9,7,Nage 6m,,,"Vision dans le noir 18m, Perception passive 8",,,Dérive passivement mais peut nager activement. Extrêmement dangereuse malgré sa petite taille. Contact accidentel souvent fatal.,Carnivore,FALSE,FALSE,200,68e22a50f714beeab91ef4ad,2025-10-05T08:20:32.934000,2025-10-05T08:20:32.934000,68d133369c4bfb4942ca73e3,greg.demeulenaere@gmail.com,FALSE,,
Tigre du Bengale,"Le plus grand félin vivant, prédateur solitaire d'une puissance redoutable. Ses rayures noires et oranges lui permettent de se fondre dans la végétation.",,Grand,Mammifère,"Jungles, forêts tropicales, mangroves",4,13,68,15m,,,"Vision dans le noir 18m, Perception passive 15",,,"Chasseur solitaire et territorial. Chasse à l'affût, préférant tendre des embuscades. Excellent nageur.",Carnivore,FALSE,FALSE,1100,68e229ee8594e5e65ca99786,2025-10-05T08:18:54.024000,2025-10-05T08:18:54.024000,68d133369c4bfb4942ca73e3,greg.demeulenaere@gmail.com,FALSE,,
Baleine à Bosse,Géant des océans connu pour ses chants complexes et ses sauts spectaculaires. Créature paisible et majestueuse malgré sa taille colossale.,,Gigantesque,Mammifère,"Océans du monde entier, migrations saisonnières",8,13,189,Nage 18m,,,"Vision aveugle 36m, Perception passive 14",,,Paisible et migratoire. Vit en groupes familiaux. Communique par chants complexes audibles à des kilomètres.,Carnivore,FALSE,FALSE,3900,68e229ee8594e5e65ca99787,2025-10-05T08:18:54.024000,2025-10-05T08:18:54.024000,68d133369c4bfb4942ca73e3,greg.demeulenaere@gmail.com,FALSE,,
Python Réticulé,"Le plus long serpent du monde, pouvant atteindre plus de 8 mètres. Constricteur puissant qui étouffe ses proies.",,Grand,Reptile,"Forêts tropicales, jungles, près des cours d'eau",3,12,52,"9m, nage 9m, escalade 9m",,,"Vision aveugle 3m, Perception passive 10",,,Chasseur à l'affût patient. Se love sur les branches ou dans l'eau pour surprendre ses proies.,Carnivore,FALSE,FALSE,700,68e229ee8594e5e65ca99788,2025-10-05T08:18:54.024000,2025-10-05T08:18:54.024000,68d133369c4bfb4942ca73e3,greg.demeulenaere@gmail.com,FALSE,,
Hippopotame,Herbivore massif parmi les animaux les plus dangereux d'Afrique. Extrêmement territorial et agressif malgré son apparence placide.,,Très grand,Mammifère,"Rivières, lacs, marécages d'Afrique",5,14,95,"12m, nage 12m",,,Perception passive 10,,,Extrêmement territorial et agressif. Responsable de plus de morts humaines en Afrique que tout autre grand mammifère.,Herbivore,FALSE,FALSE,1800,68e229ee8594e5e65ca9978a,2025-10-05T08:18:54.024000,2025-10-05T08:18:54.024000,68d133369c4bfb4942ca73e3,greg.demeulenaere@gmail.com,FALSE,,
Pieuvre Géante,Céphalopode intelligent aux huit tentacules puissants. Capable de changer de couleur instantanément et de résoudre des problèmes complexes.,,Grand,Créature aquatique,"Fonds océaniques, récifs, grottes sous-marines",1,11,52,"3m, nage 18m",,,"Vision dans le noir 18m, Perception passive 14",,,"Intelligente et curieuse. Chasse à l'affût, utilise son camouflage pour surprendre ses proies.",Carnivore,FALSE,FALSE,200,68e229ee8594e5e65ca9978b,2025-10-05T08:18:54.024000,2025-10-05T08:18:54.024000,68d133369c4bfb4942ca73e3,greg.demeulenaere@gmail.com,FALSE,,
Rhinocéros Noir,Herbivore massif à la peau épaisse comme une armure. Très territorial et charge violemment tout ce qu'il perçoit comme une menace.,,Grand,Mammifère,"Savanes, prairies arbustives africaines",3,15,68,15m,,,Perception passive 13,,,"Très territorial et facilement provoqué. Charge à la moindre menace perçue, même sans raison apparente.",Herbivore,FALSE,FALSE,700,68e229ee8594e5e65ca9978c,2025-10-05T08:18:54.024000,2025-10-05T08:18:54.024000,68d133369c4bfb4942ca73e3,greg.demeulenaere@gmail.com,FALSE,,
Tarentule Géante,Araignée massive aux pattes velues et aux crochets venimeux impressionnants. Plus effrayante que réellement dangereuse pour les créatures de grande taille.,,Moyen,Arachnide,"Forêts tropicales, grottes, ruines",0.25,13,11,"9m, escalade 9m",,,"Vision aveugle 3m, vision dans le noir 18m, Perception passive 10",,,"Chasse à l'affût, généralement nocturne. Évite les grandes créatures sauf si acculée.",Insectivore,FALSE,FALSE,50,68e229ee8594e5e65ca9978d,2025-10-05T08:18:54.024000,2025-10-05T08:18:54.024000,68d133369c4bfb4942ca73e3,greg.demeulenaere@gmail.com,FALSE,,
Gorille des Montagnes,Grand singe d'une force prodigieuse mais généralement paisible. Les mâles à dos argenté protègent férocement leur groupe.,,Grand,Mammifère,Forêts de montagne tropicales,2,12,59,"9m, escalade 9m",,,Perception passive 14,,,Paisible et végétarien malgré sa force. Les mâles protègent agressivement leur groupe.,Herbivore,FALSE,FALSE,450,68e2297a5b4250de72d03f17,2025-10-05T08:16:58.779000,2025-10-05T08:16:58.779000,68d133369c4bfb4942ca73e3,greg.demeulenaere@gmail.com,FALSE,,
Aigle Royal,"Majestueux rapace aux plumes brun doré, symbole de puissance et de noblesse. Ses serres acérées et sa vue perçante en font un chasseur redoutable des montagnes.",,Moyen,Oiseau,"Montagnes, falaises, hautes collines",1,13,22,"3m au sol, 24m en vol",,,"Vision aveugle 3m, vision dans le noir 36m, Perception passive 19",,,"Territorial et noble, l'aigle chasse seul ou en couple. Il construit des nids massifs sur les falaises les plus hautes.",Carnivore,TRUE,FALSE,200,68e2297a5b4250de72d03f10,2025-10-05T08:16:58.778000,2025-10-05T08:16:58.778000,68d133369c4bfb4942ca73e3,greg.demeulenaere@gmail.com,FALSE,,
Éléphant d'Afrique,"Le plus grand animal terrestre, doté d'une intelligence remarquable et d'une force colossale. Sa trompe préhensile et ses défenses en ivoire en font une créature imposante.",,Très grand,Mammifère,"Savanes, forêts tropicales",4,12,76,12m,,,Perception passive 11,,,"Sociable et familial, vit en troupeaux matriarcaux. Extrêmement protecteur envers les jeunes.",Herbivore,TRUE,TRUE,1100,68e2297a5b4250de72d03f11,2025-10-05T08:16:58.778000,2025-10-05T08:16:58.778000,68d133369c4bfb4942ca73e3,greg.demeulenaere@gmail.com,FALSE,,
Crocodile du Nil,Reptile préhistorique massif aux mâchoires terriblement puissantes. Chasseur patient qui attend sa proie au bord de l'eau.,,Grand,Reptile,"Rivières, lacs, marécages tropicaux",5,14,76,"9m, nage 15m",,,Perception passive 10,,,Prédateur patient et opportuniste. Peut rester immobile pendant des heures. Extrêmement territorial.,Carnivore,FALSE,FALSE,1800,68e2297a5b4250de72d03f12,2025-10-05T08:16:58.778000,2025-10-05T08:16:58.778000,68d133369c4bfb4942ca73e3,greg.demeulenaere@gmail.com,FALSE,,
Dauphin à Gros Nez,"Mammifère marin intelligent et sociable, connu pour son aide aux marins et sa curiosité naturelle.",,Moyen,Mammifère,"Océans, mers chaudes et tempérées",0.25,12,11,Nage 18m,,,"Vision aveugle 36m, Perception passive 13",,,"Extrêmement sociable, vit en groupes. Curieux envers les humains, souvent serviable.",Piscivore,TRUE,TRUE,50,68e2297a5b4250de72d03f13,2025-10-05T08:16:58.778000,2025-10-05T08:16:58.778000,68d133369c4bfb4942ca73e3,greg.demeulenaere@gmail.com,FALSE,,
Ours Brun,"Puissant omnivore des forêts et montagnes, doté d'une force colossale et d'un tempérament imprévisible.",,Grand,Mammifère,"Forêts tempérées, montagnes, toundra",1,11,34,"12m, escalade 9m",,,Perception passive 13,,,Généralement solitaire sauf pendant la saison de reproduction. Peut être agressif si surpris. Hiberne en hiver.,Omnivore,FALSE,FALSE,200,68e2297a5b4250de72d03f14,2025-10-05T08:16:58.778000,2025-10-05T08:16:58.778000,68d133369c4bfb4942ca73e3,greg.demeulenaere@gmail.com,FALSE,,
Cobra Royal,"Le plus long serpent venimeux au monde, capable de se dresser à hauteur d'homme. Son venin neurotoxique est redouté.",,Moyen,Reptile,"Forêts tropicales, jungles d'Asie",0.25,14,13,"9m, nage 9m",,,"Vision aveugle 3m, Perception passive 10",,,Territorial et agressif quand menacé. Dresse la partie avant de son corps et déploie sa capuche en signe d'avertissement.,Carnivore,FALSE,FALSE,50,68e2297a5b4250de72d03f15,2025-10-05T08:16:58.778000,2025-10-05T08:16:58.778000,68d133369c4bfb4942ca73e3,greg.demeulenaere@gmail.com,FALSE,,
Requin Tigre,Prédateur océanique puissant aux rayures distinctives. Réputé pour manger pratiquement n'importe quoi.,,Grand,Poisson,"Océans tropicaux et subtropicaux, eaux côtières",3,13,52,Nage 15m,,,"Vision aveugle 18m, Perception passive 12",,,"Chasseur nocturne opportuniste. Extrêmement curieux, teste ses proies potentielles avec sa mâchoire.",Carnivore,FALSE,FALSE,700,68e2297a5b4250de72d03f16,2025-10-05T08:16:58.778000,2025-10-05T08:16:58.779000,68d133369c4bfb4942ca73e3,greg.demeulenaere@gmail.com,FALSE,,
Grenouille géante,Amphibien de taille inhabituelle avec une langue collante extensible. Peut effectuer des bonds impressionnants.,,Moyen,Amphibien,"Marais, étangs, forêts humides",0.25,11,18,"9 m, nage 9 m",,,"Vision dans le noir 9 m, Perception passive 12",,,Chasseur patient qui attend que ses proies passent à portée. Bond puissant pour échapper au danger.,Carnivore,FALSE,FALSE,50,68e1561a60e37f9dc0859c68,2025-10-04T17:15:06.043000,2025-10-04T17:15:06.043000,68d133369c4bfb4942ca73e3,greg.demeulenaere@gmail.com,FALSE,,
Dauphin,Mammifère marin intelligent et joueur. Les dauphins sont connus pour aider les naufragés et communiquer avec des sons complexes.,,Moyen,Créature aquatique,"Océans, mers chaudes",0.125,12,11,nage 18 m,,,"Vision aveugle 18 m, Perception passive 13",,,"Créature sociale, intelligente et amicale. Les dauphins voyagent en groupes et sont connus pour aider les créatures en détresse.",Piscivore,TRUE,FALSE,25,68e1561a60e37f9dc0859c71,2025-10-04T17:15:06.043000,2025-10-04T17:15:06.043000,68d133369c4bfb4942ca73e3,greg.demeulenaere@gmail.com,FALSE,,
Serpent venimeux,Reptile élancé et discret dont la morsure délivre un venin mortel. Ses écailles chatoyantes peuvent être d'avertissement de sa dangerosité.,,Petit,Reptile,"Forêts, déserts, marais",0.125,13,2,"9 m, nage 9 m",,,"Vision aveugle 3 m, Perception passive 10",,,Évite généralement les confrontations mais mord si menacé ou surpris. Certaines espèces sont agressives durant la saison de reproduction.,Carnivore,FALSE,FALSE,25,68e1561a60e37f9dc0859c67,2025-10-04T17:15:06.043000,2025-10-04T17:15:06.043000,68d133369c4bfb4942ca73e3,greg.demeulenaere@gmail.com,FALSE,,
Requin chasseur,Prédateur océanique redoutable avec des sens aiguisés. Peut détecter le sang dans l'eau à grande distance.,,Grand,Poisson,"Océans, mers",2,12,45,nage 18 m,,,"Vision aveugle 9 m, Perception passive 12",,,Chasseur solitaire et efficace. Devient particulièrement agressif s'il détecte du sang dans l'eau.,Carnivore,FALSE,FALSE,450,68e1561a60e37f9dc0859c6a,2025-10-04T17:15:06.043000,2025-10-04T17:15:06.043000,68d133369c4bfb4942ca73e3,greg.demeulenaere@gmail.com,FALSE,,
Poulpe géant,Créature marine intelligente avec huit tentacules puissants. Capable de changer de couleur pour se camoufler et peut projeter un nuage d'encre.,,Grand,Créature aquatique,Océans profonds,1,11,52,"3 m, nage 18 m",,,"Vision dans le noir 18 m, Perception passive 14",,,Créature intelligente et curieuse. Utilise son camouflage pour chasser en embuscade et son encre pour s'échapper.,Carnivore,FALSE,FALSE,200,68e1561a60e37f9dc0859c70,2025-10-04T17:15:06.043000,2025-10-04T17:15:06.043000,68d133369c4bfb4942ca73e3,greg.demeulenaere@gmail.com,FALSE,,
Panthère,"Félin agile et silencieux, chasseur nocturne redoutable qui traque ses proies depuis les arbres.",,Moyen,Mammifère,"Jungles, forêts tropicales",0.25,12,13,"15 m, escalade 12 m",,,Perception passive 14,,,Chasseur solitaire et furtif. Préfère attaquer depuis les hauteurs et évite les confrontations directes avec des proies dangereuses.,Carnivore,FALSE,FALSE,50,68e1561a60e37f9dc0859c73,2025-10-04T17:15:06.043000,2025-10-04T17:15:06.043000,68d133369c4bfb4942ca73e3,greg.demeulenaere@gmail.com,FALSE,,
Salamandre de feu,Amphibien magique qui prospère dans les environnements volcaniques. Sa peau sécrète un liquide toxique et peut résister à des chaleurs extrêmes.,,Petit,Amphibien,"Volcans, sources chaudes, plans élémentaires",0.5,12,14,"9 m, escalade 9 m",,,"Vision dans le noir 18 m, Perception passive 10",,,Créature timide qui évite les confrontations. Sa toxicité naturelle la protège des prédateurs.,Insectivore,FALSE,FALSE,100,68e1561a60e37f9dc0859c69,2025-10-04T17:15:06.043000,2025-10-04T17:15:06.043000,68d133369c4bfb4942ca73e3,greg.demeulenaere@gmail.com,FALSE,,
Essaim d'abeilles,Nuage dense d'abeilles agressives qui protègent leur ruche avec férocité. Leur piqûre collective peut être mortelle.,,Moyen,Insecte,"Forêts, prairies",0.5,12,22,"1,50 m, vol 18 m",,,"Vision aveugle 3 m, Perception passive 8",,,Extrêmement territorial et agressif pour protéger la ruche. Poursuit les intrus sur de longues distances.,Herbivore,FALSE,FALSE,100,68e1561a60e37f9dc0859c6f,2025-10-04T17:15:06.043000,2025-10-04T17:15:06.043000,68d133369c4bfb4942ca73e3,greg.demeulenaere@gmail.com,FALSE,,
Cerf,"Herbivore gracieux et vigilant, le cerf possède de magnifiques bois et peut courir à grande vitesse pour échapper aux prédateurs.",,Moyen,Mammifère,"Forêts, prairies",0,13,4,15 m,,,Perception passive 12,,,"Timide et craintif, le cerf fuit au moindre danger. Vit en troupeau pour plus de sécurité.",Herbivore,FALSE,FALSE,10,68e1561a60e37f9dc0859c72,2025-10-04T17:15:06.043000,2025-10-04T17:15:06.043000,68d133369c4bfb4942ca73e3,greg.demeulenaere@gmail.com,FALSE,,
Loup,"Prédateur social et intelligent, le loup chasse en meute avec une coordination remarquable. Son hurlement peut être entendu à plusieurs kilomètres.",,Moyen,Mammifère,"Forêts, toundras, montagnes",0.25,13,11,12 m,,,"Vision dans le noir 18 m, Perception passive 13",,,Les loups chassent en meute avec une stratégie élaborée. Ils évitent généralement les humains mais peuvent attaquer s'ils sont affamés ou menacés.,Carnivore,FALSE,FALSE,50,68e1561a60e37f9dc0859c61,2025-10-04T17:15:06.043000,2025-10-04T17:15:06.043000,68d133369c4bfb4942ca73e3,greg.demeulenaere@gmail.com,FALSE,,
Mille-pattes géant,Insecte massif et blindé avec des dizaines de pattes qui lui permettent de se déplacer rapidement. Sa morsure est venimeuse.,,Petit,Insecte,"Cavernes, forêts humides, sous-sols",0.25,13,4,"12 m, escalade 12 m",,,"Vision aveugle 9 m, Perception passive 8",,,Chasseur nocturne agressif. Se déplace rapidement et attaque toute créature qu'il perçoit comme une menace ou une proie.,Carnivore,FALSE,FALSE,50,68e1561a60e37f9dc0859c6e,2025-10-04T17:15:06.043000,2025-10-04T17:15:06.043000,68d133369c4bfb4942ca73e3,greg.demeulenaere@gmail.com,FALSE,,
Ours brun,"Massif et puissant, l'ours brun est un omnivore territorial qui peut se montrer extrêmement dangereux s'il est provoqué ou si ses petits sont menacés.",,Grand,Mammifère,"Forêts, montagnes",1,11,34,"12 m, escalade 9 m",,,Perception passive 13,,,"Généralement évite les humains mais devient agressif si provoqué, affamé ou pour protéger ses petits. Hiberne en hiver.",Omnivore,FALSE,FALSE,200,68e1561a60e37f9dc0859c63,2025-10-04T17:15:06.043000,2025-10-04T17:15:06.043000,68d133369c4bfb4942ca73e3,greg.demeulenaere@gmail.com,FALSE,,
Crocodile géant,"Prédateur préhistorique redoutable, le crocodile géant peut rester immobile pendant des heures avant de frapper avec une vitesse fulgurante.",,Très grand,Reptile,"Marais, rivières, lacs",5,14,85,"9 m, nage 15 m",,,Perception passive 10,,,"Patient et implacable. Reste immobile dans l'eau en attendant qu'une proie s'approche, puis attaque avec une violence explosive.",Carnivore,FALSE,FALSE,1800,68e1561a60e37f9dc0859c66,2025-10-04T17:15:06.043000,2025-10-04T17:15:06.043000,68d133369c4bfb4942ca73e3,greg.demeulenaere@gmail.com,FALSE,,
Araignée géante,Arachnide de taille monstrueuse qui tisse des toiles résistantes et injecte un venin paralysant à ses proies.,,Grand,Arachnide,"Grottes, forêts sombres, ruines",1,14,26,"9 m, escalade 9 m",,,"Vision aveugle 3 m, Vision dans le noir 18 m, Perception passive 10",,,Chasseuse patiente qui attend dans sa toile. Paralyse ses proies avant de les dévorer.,Carnivore,FALSE,FALSE,200,68e1561a60e37f9dc0859c6c,2025-10-04T17:15:06.043000,2025-10-04T17:15:06.043000,68d133369c4bfb4942ca73e3,greg.demeulenaere@gmail.com,FALSE,,
Corbeau,"Oiseau intelligent et rusé, le corbeau peut imiter des sons et résoudre des problèmes simples. Souvent associé aux présages.",,Très petit,Oiseau,Partout,0,12,1,"3 m, vol 15 m",,,Perception passive 13,,,"Très intelligent, curieux et opportuniste. Peut être apprivoisé et former des liens avec les humains.",Omnivore,TRUE,FALSE,10,68e1561a60e37f9dc0859c65,2025-10-04T17:15:06.043000,2025-10-04T17:15:06.043000,68d133369c4bfb4942ca73e3,greg.demeulenaere@gmail.com,FALSE,,
Scorpion géant,Arachnide massif avec des pinces puissantes et un dard venimeux. Chasseur nocturne redoutable des déserts et cavernes.,,Grand,Arachnide,"Déserts, cavernes",3,15,52,12 m,,,"Vision aveugle 18 m, Perception passive 9",,,Prédateur nocturne qui chasse en embuscade. Utilise ses pinces pour immobiliser avant d'injecter son venin mortel.,Carnivore,FALSE,FALSE,700,68e1561a60e37f9dc0859c6d,2025-10-04T17:15:06.043000,2025-10-04T17:15:06.043000,68d133369c4bfb4942ca73e3,greg.demeulenaere@gmail.com,FALSE,,
Cheval de guerre,"Dressé pour le combat, ce destrier puissant et courageux ne recule pas devant le danger. Loyal envers son cavalier, il peut charger l'ennemi avec férocité.",,Grand,Mammifère,"Plaines, prairies, écuries",0.5,11,19,18 m,,,Perception passive 11,,,"Courageux et obéissant, le cheval de guerre est formé pour ne pas paniquer au combat. Il protège instinctivement son cavalier.",Herbivore,TRUE,TRUE,100,68e1561a60e37f9dc0859c62,2025-10-04T17:15:06.043000,2025-10-04T17:15:06.043000,68d133369c4bfb4942ca73e3,greg.demeulenaere@gmail.com,FALSE,,
Aigle géant,"Majestueux rapace de taille impressionnante, l'aigle géant est intelligent et noble. Certains peuvent être apprivoisés comme montures volantes.",,Grand,Oiseau,"Montagnes, falaises",1,13,26,"3 m, vol 24 m",,,Perception passive 14,,,"Noble et fier, l'aigle géant peut être apprivoisé par ceux qui gagnent sa confiance. Il chasse depuis les hauteurs et protège férocement son territoire.",Carnivore,TRUE,TRUE,200,68e1561a60e37f9dc0859c64,2025-10-04T17:15:06.043000,2025-10-04T17:15:06.043000,68d133369c4bfb4942ca73e3,greg.demeulenaere@gmail.com,FALSE,,
Piranha géant,Poisson carnivore agressif avec des dents acérées comme des rasoirs. Chasse en bancs et peut dévorer une créature en quelques minutes.,,Petit,Poisson,Rivières tropicales,0.25,13,7,nage 12 m,,,"Vision dans le noir 18 m, Perception passive 8",,,"Extrêmement agressif en groupe. Attaque tout ce qui entre dans l'eau, surtout s'il y a du sang.",Carnivore,FALSE,FALSE,50,68e1561a60e37f9dc0859c6b,2025-10-04T17:15:06.043000,2025-10-04T17:15:06.043000,68d133369c4bfb4942ca73e3,greg.demeulenaere@gmail.com,FALSE,,