world_id,name,type,description,image_url,parent_id,visibility,orbital_data,astrological_influence,mythology,cultural_significance,position_data,notes,id,created_date,updated_date,created_by_id,created_by,is_sample
68e137a0493026cabfd05389,Paladh'inas - La Couronne du Dragon de Platine,constellation,"Majestueuse constellation en forme de couronne céleste, composée de sept étoiles brillantes représentant les sept têtes du Dragon de Platine. C'est la constellation la plus révérée de Krynn.",,,,,,"Selon la légende, cette constellation est l'empreinte même de Paladine dans le ciel, créée lorsqu'il vainquit Takhisis lors de la Première Guerre. Les Chevaliers de Solamnia prêtent serment sous ses étoiles.",Symbole suprême du Bien sur Krynn. Voir cette constellation clairement est considéré comme une bénédiction divine.,,,6915bcd5e742a9cd4bc970a1,2025-11-13T11:11:17.143000,2025-11-13T11:11:17.143000,68d133369c4bfb4942ca73e3,greg.demeulenaere@gmail.com,FALSE
68e137a0493026cabfd05389,Takh'zerath - Les Griffes de la Reine,constellation,Sinistre constellation formant cinq griffes acérées s'étendant à travers le ciel nocturne. Ses étoiles rouges pulsent comme du sang ancien.,https://base44.app/api/apps/68d133369c4bfb4942ca73e2/files/public/68d133369c4bfb4942ca73e2/e4b1352f6_Takhzerath.png,,,,,"Créée par Takhisis elle-même pour marquer sa domination céleste. Durant la Guerre des Lances, cette constellation brillait d'un éclat terrible au-dessus des armées de dragons.",Redoutée et évitée par les gens du Bien. Les draconiens la vénèrent comme un rappel de leur créatrice.,,,6915bcd5e742a9cd4bc970a2,2025-11-13T11:11:17.143000,2025-11-15T09:38:50.523000,68d133369c4bfb4942ca73e3,greg.demeulenaere@gmail.com,FALSE
68e137a0493026cabfd05389,Hum'astara - L'Épée du Héros,constellation,"Constellation en forme d'épée flamboyante, commémorant la Dragonlance elle-même. Cinq étoiles brillantes forment la lame, trois autres le pommeau.",,,,,,Forgée dans le ciel par les dieux lors de la création des premières Dragonlances. Huma Dragonbane lui-même serait devenu une étoile dans cette constellation après sa mort héroïque.,Constellation sacrée pour tous les guerriers et héros d'Ansalon. Les Chevaliers de Solamnia la considèrent comme leur guide céleste.,,,6915bcd5e742a9cd4bc970a3,2025-11-13T11:11:17.143000,2025-11-13T11:11:17.143000,68d133369c4bfb4942ca73e3,greg.demeulenaere@gmail.com,FALSE
68e137a0493026cabfd05389,Gil'thanas - La Balance Cosmique,constellation,"Parfaite constellation en forme de balance, avec deux plateaux parfaitement équilibrés. Symbole de Gilean, le dieu de la Neutralité et de l'Équilibre.",,,,,,Créée par Gilean lui-même pour rappeler que l'univers nécessite un équilibre entre Bien et Mal. Les mages des Robes Rouges méditent sous cette constellation.,"Vénérée par les érudits, les juges et tous ceux qui cherchent la vérité objective.",,,6915bcd5e742a9cd4bc970a4,2025-11-13T11:11:17.143000,2025-11-13T11:11:17.143000,68d133369c4bfb4942ca73e3,greg.demeulenaere@gmail.com,FALSE
68e137a0493026cabfd05389,Solin'ethara - Le Croissant d'Argent,constellation,"Gracieuse constellation formant un croissant de lune parfait, écho céleste de Solinari. Ses étoiles scintillent d'un éclat argenté pur.",,,,,,"Reflet céleste de Solinari, cette constellation guide les mages des Robes Blanches dans leur quête de sagesse et de protection du monde.",Les temples de Mishakal et les tours des mages blancs sont souvent orientés vers cette constellation.,,,6915bcd5e742a9cd4bc970a5,2025-11-13T11:11:17.143000,2025-11-13T11:11:17.143000,68d133369c4bfb4942ca73e3,greg.demeulenaere@gmail.com,FALSE
68e137a0493026cabfd05389,Luni'verath - Le Cercle Écarlate,constellation,"Constellation circulaire parfaite d'étoiles rougeoyantes, écho de Lunitari. Le cercle symbolise l'éternel cycle de l'équilibre.",,,,,,"Manifestation céleste de Lunitari, guide des mages des Robes Rouges dans leur quête d'équilibre entre Bien et Mal.",Les mages neutres effectuent leurs rituels les plus importants quand cette constellation est au zénith.,,,6915bcd5e742a9cd4bc970a6,2025-11-13T11:11:17.143000,2025-11-13T11:11:17.143000,68d133369c4bfb4942ca73e3,greg.demeulenaere@gmail.com,FALSE
68e137a0493026cabfd05389,Nuit'umbra - L'Œil Invisible,constellation,"Constellation étrange qui semble être un vide dans le ciel étoilé, visible uniquement par les mages des Robes Noires. Au centre se trouve une étoile noire qui absorbe la lumière.",,,,,,"Marque céleste de Nuitari, visible uniquement par ceux qui ont embrassé la magie noire. Les mages des Robes Noires effectuent leur Test sous cette constellation.","Crainte et respectée, cette constellation est le symbole ultime du pouvoir magique sans contrainte morale.",,,6915bcd5e742a9cd4bc970a7,2025-11-13T11:11:17.143000,2025-11-13T11:11:17.143000,68d133369c4bfb4942ca73e3,greg.demeulenaere@gmail.com,FALSE
68e137a0493026cabfd05389,Sturm'kalath - Le Bouclier Étoilé,constellation,"Constellation en forme de bouclier orné d'une rose, en hommage au chevalier Sturm Brightblade. Quatre étoiles brillantes marquent les coins, une cinquième au centre brille comme une rose.",https://base44.app/api/apps/68d133369c4bfb4942ca73e2/files/public/68d133369c4bfb4942ca73e2/d9aba80c1_Sturmkalath.png,,,,,Créée par les dieux en hommage à Sturm Brightblade après son sacrifice héroïque durant la Guerre des Lances. L'étoile centrale s'illumine particulièrement lors des actes de bravoure.,Constellation patronne des Chevaliers de Solamnia. Les jeunes écuyers prêtent serment sous ses étoiles.,,,6915bcd5e742a9cd4bc970a8,2025-11-13T11:11:17.143000,2025-11-15T12:51:41.203000,68d133369c4bfb4942ca73e3,greg.demeulenaere@gmail.com,FALSE
68e137a0493026cabfd05389,Rais'tilin - La Main Volante,constellation,Constellation ludique formant une main ouverte qui semble toujours prête à attraper quelque chose. Les étoiles scintillent avec malice.,https://base44.app/api/apps/68d133369c4bfb4942ca73e2/files/public/68d133369c4bfb4942ca73e2/a94c606ab_Raistilin.png,,,,,Dit avoir été créée par Branchala le Chanteur en l'honneur des kenders et de leur curiosité insatiable. Certains disent que Tasslehoff Burrfoot y brille maintenant.,Les kenders la voient comme leur constellation protectrice. Naître sous elle garantit une vie d'aventures passionnantes.,,,6915bcd5e742a9cd4bc970a9,2025-11-13T11:11:17.143000,2025-11-15T13:23:23.036000,68d133369c4bfb4942ca73e3,greg.demeulenaere@gmail.com,FALSE
68e137a0493026cabfd05389,Reor'khan - Le Marteau de la Forge,constellation,"Constellation robuste en forme de marteau de forge, avec une enclume céleste à proximité. Les étoiles brillent d'un éclat métallique.",,,,,,"Représente le marteau de Reorx, dieu de la forge. Les nains croient que chaque étoile est une étincelle de sa forge divine.","Constellation sacrée pour tous les forgerons, particulièrement les nains de Thorbardin. Les meilleures armes sont forgées sous sa lumière.",,,6915bcd5e742a9cd4bc970aa,2025-11-13T11:11:17.143000,2025-11-13T11:11:17.143000,68d133369c4bfb4942ca73e3,greg.demeulenaere@gmail.com,FALSE
68e137a0493026cabfd05389,Mish'alara - Le Cœur Guérisseur,constellation,Douce constellation en forme de cœur entouré de mains bienveillantes. Ses étoiles bleutées pulsent doucement comme un cœur battant.,,,,,,"Empreinte céleste de Mishakal, déesse de la guérison. Ses prêtres effectuent des miracles de guérison sous cette constellation.",Tous les guérisseurs et médecins de Krynn la révèrent. Les enfants nés sous elle sont souvent destinés à devenir clercs de Mishakal.,,,6915bcd5e742a9cd4bc970ab,2025-11-13T11:11:17.143000,2025-11-13T11:11:17.143000,68d133369c4bfb4942ca73e3,greg.demeulenaere@gmail.com,FALSE
68e137a0493026cabfd05389,Drak'theron - Les Cinq Têtes,constellation,"Terrifiante constellation formant cinq têtes de dragons chromiques (rouge, bleu, vert, noir, blanc) disposées en cercle, gueules ouvertes vers un centre commun.",,,,,,"Représente les cinq dragons chromiques originels, lieutenants de Takhisis. Créée lors de la Première Guerre comme avertissement de la puissance draconique.",Les draconiens créés par les œufs de dragons métalliques corrompus y voient un rappel de leur nature tragique.,,,6915bcd5e742a9cd4bc970ac,2025-11-13T11:11:17.143000,2025-11-13T11:11:17.143000,68d133369c4bfb4942ca73e3,greg.demeulenaere@gmail.com,FALSE
68e137a0493026cabfd05389,Fizz'wizzle - La Spirale Étincelante,constellation,Constellation chaotique et joyeuse formant une spirale d'étoiles multicolores qui semblent clignoter et danser. Aucune nuit ne lui ressemble exactement.,https://base44.app/api/apps/68d133369c4bfb4942ca73e2/files/public/68d133369c4bfb4942ca73e2/88286ee24_Fizzwizzle.png,,,,,Créée par Reorx après une nuit particulièrement productive où il inventa des machines étranges et merveilleuses. Les gnomes y voient leur inspiration divine.,Les gnomes de Mount Nevermind organisent des conventions d'invention sous cette constellation. C'est leur symbole d'excellence scientifique.,,,6915bcd5e742a9cd4bc970ad,2025-11-13T11:11:17.143000,2025-11-15T12:57:20.926000,68d133369c4bfb4942ca73e3,greg.demeulenaere@gmail.com,FALSE
68e137a0493026cabfd05389,Tak'aran - La Comète de Sang,comet,Comète apocalyptique à la traînée rouge sang qui apparaît tous les 50 ans. Son passage marque toujours des événements cataclysmiques sur Krynn.,,,,,,"Selon la légende, c'est un fragment de l'Abysse lui-même, jeté dans le ciel lors de la guerre entre les dieux. Son dernier passage en 333 AC annonça des troubles majeurs.","Présage de guerre, de mort et de destruction. Les peuples de Krynn la redoutent et se préparent à des temps difficiles lors de son approche.",,,6915bcd5e742a9cd4bc970ae,2025-11-13T11:11:17.143000,2025-11-13T11:11:17.143000,68d133369c4bfb4942ca73e3,greg.demeulenaere@gmail.com,FALSE
68e137a0493026cabfd05389,Sil'vanesti - La Couronne Verte,constellation,Élégante constellation en forme de couronne de feuilles et de vignes entrelacées. Ses étoiles vertes et dorées évoquent la splendeur de la nature éternelle.,,,,,,"Représente l'ancienne gloire de Silvanesti, royaume elfique avant sa chute. Les elfes Qualinesti la voient comme un rappel de leur héritage.",Constellation sacrée pour tous les peuples elfiques. Les cérémonies importantes sont organisées sous sa lumière.,,,6915bcd5e742a9cd4bc970af,2025-11-13T11:11:17.143000,2025-11-13T11:11:17.143000,68d133369c4bfb4942ca73e3,greg.demeulenaere@gmail.com,FALSE
68e137a0493026cabfd05389,Kith'kanan - L'Arc et la Flèche,constellation,Constellation dynamique montrant un arc tendu avec une flèche prête à être décochée. L'étoile de la pointe de flèche brille particulièrement.,,,,,,"Nommée d'après Kith-Kanan, prince elfe légendaire qui fonda Qualinesti. Son arc était réputé ne jamais manquer sa cible.",Les rangers et rôdeurs de tous les peuples la prennent comme guide. Les Qualinesti effectuent des cérémonies de tir à l'arc sous ses étoiles.,,,6915bcd5e742a9cd4bc970b0,2025-11-13T11:11:17.143000,2025-11-13T11:11:17.143000,68d133369c4bfb4942ca73e3,greg.demeulenaere@gmail.com,FALSE
68e137a0493026cabfd05389,Catacl'ysmara - La Fracture Céleste,constellation,"Constellation brisée et chaotique représentant le Cataclysme. Une grande fissure semble traverser cette partie du ciel, séparant les étoiles en deux groupes déchirés.",,,,,,Créée lors du Cataclysme quand les dieux lancèrent la Montagne de Feu sur Istar. La fracture dans le ciel reflète la fracture dans le monde.,"Rappel permanent du Cataclysme. Le 13 Gildember, jour anniversaire, les gens évitent de regarder cette constellation.",,,6915bcd5e742a9cd4bc970b1,2025-11-13T11:11:17.143000,2025-11-13T11:11:17.143000,68d133369c4bfb4942ca73e3,greg.demeulenaere@gmail.com,FALSE
68e137a0493026cabfd05389,Khas'thor - L'Étoile du Minotaure,star,"Étoile rouge massif et pulsante, visible même en plein jour lors de certaines périodes. Brille avec une intensité féroce et implacable.",,,,,,"Étoile sacrée pour les minotaures de Mithas et Kothas. Khas le Minotaure, premier de sa race, serait devenu cette étoile après avoir défié les dieux.",Les minotaures organisent leurs combats d'arène les plus importants quand cette étoile est au zénith.,,,6915bcd5e742a9cd4bc970b2,2025-11-13T11:11:17.143000,2025-11-13T11:11:17.143000,68d133369c4bfb4942ca73e3,greg.demeulenaere@gmail.com,FALSE
68e137a0493026cabfd05389,Ziv'lara - La Harpe d'Étoiles,constellation,"Mélodieuse constellation en forme de harpe, dont les étoiles semblent vibrer en harmonie. Certains disent entendre sa musique lors des nuits claires.",,,,,,"Instrument céleste de Branchala, dieu de la musique. Sa musique silencieuse inspire les bardes et artistes de tout Krynn.",Les bardes composent leurs plus grandes œuvres sous cette constellation. Les mariages célébrés sous elle sont accompagnés des plus belles chansons.,,,6915bcd5e742a9cd4bc970b3,2025-11-13T11:11:17.143000,2025-11-13T11:11:17.143000,68d133369c4bfb4942ca73e3,greg.demeulenaere@gmail.com,FALSE
68e137a0493026cabfd05389,Mor'gadros - Le Crâne Éternel,constellation,Sinistre constellation formant un crâne aux orbites vides qui semble vous fixer. Ses étoiles pâles donnent l'impression d'os blanchis.,,,,,,"Marque de Chemosh, dieu de la mort. Les nécromanciens invoques les morts-vivants sous cette constellation pour maximiser leur pouvoir.","Évitée par les vivants, recherchée par ceux qui étudient la nécromancie. Son apparition dans le ciel nocturne est un mauvais présage.",,,6915bcd5e742a9cd4bc970b4,2025-11-13T11:11:17.143000,2025-11-13T11:11:17.143000,68d133369c4bfb4942ca73e3,greg.demeulenaere@gmail.com,FALSE
68e137a0493026cabfd05389,Thor'barras - La Montagne Étoilée,constellation,Imposante constellation en forme de montagne aux pics multiples. Les étoiles sont disposées comme les salles et tunnels d'une forteresse souterraine vue en coupe.,,,,,,"Représentation céleste de Thorbardin, la plus grande forteresse naine. Créée par Reorx pour guider les nains dans leurs excavations.",Constellation la plus sacrée pour les nains. Les salles importantes de Thorbardin sont alignées avec ses étoiles.,,,6915bcd5e742a9cd4bc970b5,2025-11-13T11:11:17.143000,2025-11-13T11:11:17.143000,68d133369c4bfb4942ca73e3,greg.demeulenaere@gmail.com,FALSE
68e137a0493026cabfd05389,Sar'gasath - Le Serpent de Mer,constellation,Longue constellation ondulante traversant le ciel comme un serpent de mer géant. Ses étoiles bleu-vert évoquent les profondeurs océaniques.,,,,,,"Représente les grands serpents de mer légendaires qui gardent les routes maritimes vers les îles lointaines. Zeboim, déesse de la mer, en a fait son symbole.",Les marins prient sous cette constellation avant les longs voyages. La voir clairement annonce une navigation favorable.,,,6915bcd5e742a9cd4bc970b6,2025-11-13T11:11:17.143000,2025-11-13T11:11:17.143000,68d133369c4bfb4942ca73e3,greg.demeulenaere@gmail.com,FALSE
68e137a0493026cabfd05389,Ast'inus - Le Livre Ouvert,constellation,"Constellation unique formant un livre ouvert avec des pages d'étoiles. Chaque étoile représenterait une page de l'Iconochronos, le livre infini.",,,,,,"Nommée d'après Astinus, chroniqueur immortel de Palanthas qui enregistre chaque événement de Krynn. Gilean aurait créé cette constellation comme miroir céleste de l'Iconochronos.",Les bibliothécaires et chroniqueurs la considèrent comme leur patronne céleste. La Grande Bibliothèque de Palanthas est orientée vers elle.,,,6915bcd5e742a9cd4bc970b7,2025-11-13T11:11:17.143000,2025-11-13T11:11:17.143000,68d133369c4bfb4942ca73e3,greg.demeulenaere@gmail.com,FALSE
68e137a0493026cabfd05389,Raist'majere - La Tour Ténébreuse,constellation,"Constellation inquiétante formant une tour élancée surmontée d'un orbe de pouvoir. Les étoiles oscillent entre argenté et noir, reflétant la dualité du bien et du mal.",,,,,,"Certains croient qu'elle représente Raistlin Majere après son ascension divine avortée. D'autres y voient simplement la Tour de Wayreth, siège de la Haute Sorcellerie.",Constellation fascinante et terrifiante pour tous les mages. Représente le prix ultime de la quête du pouvoir.,,,6915bcd5e742a9cd4bc970b8,2025-11-13T11:11:17.143000,2025-11-13T11:11:17.143000,68d133369c4bfb4942ca73e3,greg.demeulenaere@gmail.com,FALSE
68e137a0493026cabfd05389,Wan'derer - Le Voyageur Éternel,planet,"Planète errante d'un bleu profond qui se déplace rapidement à travers le ciel nocturne. Contrairement aux autres corps célestes, sa position change dramatiquement chaque nuit.",,,,,,"Associée à Branchala et Chislev, dieux du voyage et de la nature. Les kenders la suivent comme guide céleste de leurs pérégrinations.","Constellation favorite des kenders, explorateurs et marchands. La suivre porte chance aux voyageurs.",,,6915bcd5e742a9cd4bc970b9,2025-11-13T11:11:17.143000,2025-11-13T11:11:17.143000,68d133369c4bfb4942ca73e3,greg.demeulenaere@gmail.com,FALSE
68e137a0493026cabfd05389,Tanis'hael - L'Étoile du Demi-Sang,star,"Étoile double unique où une étoile argentée et une étoile dorée tournent l'une autour de l'autre, symbolisant l'union de deux héritages.",,,,,,"Nommée d'après Tanis Half-Elven, héros légendaire de la Guerre des Lances. Symbolise l'union entre elfes et humains.",Particulièrement significative pour les demi-elfes qui y voient la validation de leur double héritage.,,,6915bcd5e742a9cd4bc970ba,2025-11-13T11:11:17.143000,2025-11-13T11:11:17.143000,68d133369c4bfb4942ca73e3,greg.demeulenaere@gmail.com,FALSE
68e137a0493026cabfd05389,Goldm'ora - La Lune d'Or Perdue,constellation,Mystérieuse constellation circulaire d'étoiles dorées qui forme une quatrième lune fantomatique. Certains sages pensent qu'elle était une vraie lune autrefois.,https://base44.app/api/apps/68d133369c4bfb4942ca73e2/files/public/68d133369c4bfb4942ca73e2/19a8e0c28_Goldmora.png,,,,,"Les légendes parlent d'une quatrième lune détruite lors du Cataclysme. Cette constellation serait son souvenir céleste, marquant où elle brillait autrefois.",Les marchands et commerçants la prennent comme symbole. Signer un contrat sous elle garantit la prospérité.,,,6915bcd5e742a9cd4bc970bb,2025-11-13T11:11:17.143000,2025-11-15T13:15:39.521000,68d133369c4bfb4942ca73e3,greg.demeulenaere@gmail.com,FALSE
68e137a0493026cabfd05389,Flint'heart - L'Enclume du Ciel,constellation,"Constellation carrée et solide représentant une enclume divine. À proximité, trois étoiles forment un marteau qui semble frapper l'enclume éternellement.",,,,,,"Nommée d'après Flint Fireforge, compagnon nain légendaire des Héros de la Lance. Symbolise l'amitié inébranlable et la loyauté.",Les nains organisent des cérémonies d'amitié et de fraternité sous cette constellation.,,,6915bcd5e742a9cd4bc970bc,2025-11-13T11:11:17.143000,2025-11-13T11:11:17.143000,68d133369c4bfb4942ca73e3,greg.demeulenaere@gmail.com,FALSE
68e137a0493026cabfd05389,Kitiara'zhan - La Cavalière Sombre,constellation,"Constellation dynamique montrant une cavalière sur un dragon en plein vol, épée levée. Les étoiles semblent se mouvoir dans le ciel nocturne.",,,,,,"Créée en mémoire de Kitiara uth Matar, Dragon Highlord et guerrière légendaire. Son héritage est à la fois admiré et craint.","Les femmes guerrières de Krynn la voient comme une inspiration, malgré son allégeance au Mal.",,,6915bcd5e742a9cd4bc970bd,2025-11-13T11:11:17.143000,2025-11-13T11:11:17.143000,68d133369c4bfb4942ca73e3,greg.demeulenaere@gmail.com,FALSE
68e137a0493026cabfd05389,Solamn'ias - La Rose et l'Épée,constellation,Noble constellation montrant une rose majestueuse entrelacée avec une épée. Symbole des Chevaliers de Solamnia et de leur devise 'Est Sularus oth Mithas'.,,,,,,"Créée par les dieux pour guider les premiers Chevaliers de Solamnia. Virilius Solamnus, fondateur de l'ordre, aurait reçu sa vision sous cette constellation.",La constellation la plus sacrée pour les Chevaliers de Solamnia. Tous les serments importants sont prononcés sous sa lumière.,,,6915bcd5e742a9cd4bc970be,2025-11-13T11:11:17.143000,2025-11-13T11:11:17.143000,68d133369c4bfb4942ca73e3,greg.demeulenaere@gmail.com,FALSE
68e137a0493026cabfd05389,Tass'lara - Le Sac de Merveilles,constellation,"Constellation chaotique et joyeuse ressemblant à un sac renversé d'où s'échappent des objets variés formés d'étoiles : une cuillère, une clé, un bijou, une carte.",,,,,,"Nommée d'après Tasslehoff Burrfoot, le kender le plus célèbre de Krynn. Ses 'emprunts' légendaires sont immortalisés dans le ciel.",Constellation adorée par tous les kenders. Ils organisent des festivals de trouvailles sous sa lumière.,,,6915bcd5e742a9cd4bc970bf,2025-11-13T11:11:17.143000,2025-11-13T11:11:17.143000,68d133369c4bfb4942ca73e3,greg.demeulenaere@gmail.com,FALSE
68e137a0493026cabfd05389,Zith'aros - Le Serpent Ailé,constellation,"Constellation sinueuse formant un serpent avec des ailes de dragon. Ses étoiles changent subtilement de couleur entre vert, noir et bleu.",,,,,,"Représente les dragons verts et noirs, maîtres de la tromperie et du poison. Hiddukel, dieu de la tromperie, en a fait son symbole.","Évitée par les honnêtes gens, recherchée par les assassins et conspirateurs. Voir cette constellation annonce des trahisons à venir.",,,6915bcd5e742a9cd4bc970c0,2025-11-13T11:11:17.143000,2025-11-13T11:11:17.143000,68d133369c4bfb4942ca73e3,greg.demeulenaere@gmail.com,FALSE
68e137a0493026cabfd05389,Lau'rana - La Princesse Dorée,constellation,"Gracieuse constellation formant une figure féminine couronnée, tenant un sceptre de lumière. Ses étoiles brillent avec une beauté pure et royale.",,,,,,"Créée en l'honneur de Laurana, princesse elfe et commandante de la Whitestone Forces durant la Guerre des Lances.",Symbole de leadership féminin noble. Les princesses et reines d'Ansalon sont couronnées sous cette constellation quand possible.,,,6915bcd5e742a9cd4bc970c1,2025-11-13T11:11:17.143000,2025-11-13T11:11:17.143000,68d133369c4bfb4942ca73e3,greg.demeulenaere@gmail.com,FALSE
68e137a0493026cabfd05389,Caram'onath - Le Château des Ombres,constellation,Constellation menaçante formant un château noir aux tours acérées. Ses étoiles sombres absorbent presque la lumière environnante.,https://base44.app/api/apps/68d133369c4bfb4942ca73e2/files/public/68d133369c4bfb4942ca73e2/ea5616b87_Caramonath.png,,,,,"Représente Dargaard Keep, forteresse maudite de Lord Soth. Les étoiles reflètent les flammes éternelles qui consument le château.",Symbole de la chute par orgueil. Voir cette constellation clairement est un présage de trahison et de damnation.,,,6915bcd5e742a9cd4bc970c2,2025-11-13T11:11:17.143000,2025-11-15T13:29:08.324000,68d133369c4bfb4942ca73e3,greg.demeulenaere@gmail.com,FALSE
68e137a0493026cabfd05389,Qua'linor - La Harpe des Arbres,constellation,Constellation délicate formant un arbre dont les branches ressemblent aux cordes d'une harpe. Les étoiles vertes et dorées chantent la beauté de la nature.,,,,,,"Représente le royaume de Qualinesti et ses forêts enchantées. Créée par Chislev, déesse de la nature.",Les elfes Qualinesti effectuent leurs plus belles cérémonies musicales sous cette constellation.,,,6915bcd5e742a9cd4bc970c3,2025-11-13T11:11:17.143000,2025-11-13T11:11:17.143000,68d133369c4bfb4942ca73e3,greg.demeulenaere@gmail.com,FALSE
68e137a0493026cabfd05389,Shin'ara - L'Œil du Tigre,star,Étoile orange brillante qui pulse comme l'œil d'un grand félin. Son éclat intense domine une section entière du ciel nocturne.,,,,,,Étoile sacrée pour les peuples des plaines et les tribus barbares. Représenterait le premier grand tigre créé par les dieux.,Les chasseurs et rangers prient sous cette étoile avant leurs chasses importantes.,,,6915bcd5e742a9cd4bc970c4,2025-11-13T11:11:17.143000,2025-11-13T11:11:17.143000,68d133369c4bfb4942ca73e3,greg.demeulenaere@gmail.com,FALSE
68e137a0493026cabfd05389,Crys'talmir - Le Prisme Céleste,constellation,Fascinante constellation formant un cristal géométrique parfait. Ses étoiles réfractent la lumière cosmique en un arc-en-ciel d'énergies mystiques.,,,,,,Représente les Pierres du Dragon et leur pouvoir de révéler la vérité. Créée par Solinari pour guider les mages dans leur quête de sagesse.,Les devins et augures méditent sous cette constellation. Les visions y sont plus claires et précises.,,,6915bcd5e742a9cd4bc970c5,2025-11-13T11:11:17.143000,2025-11-13T11:11:17.143000,68d133369c4bfb4942ca73e3,greg.demeulenaere@gmail.com,FALSE
68e137a0493026cabfd05389,Eld'ereth - Le Sage Antique,constellation,"Constellation représentant un vieil homme barbu tenant un bâton, penché sur un livre. Ses étoiles blanches évoquent sagesse et ancienneté.",,,,,,"Représente Fizban le Fabuleux, manifestation de Paladine parmi les mortels. Son bâton contient la sagesse des âges.",Les académies de magie et les bibliothèques sont orientées vers cette constellation. Symbole de la transmission du savoir.,,,6915bcd5e742a9cd4bc970c6,2025-11-13T11:11:17.143000,2025-11-13T11:11:17.143000,68d133369c4bfb4942ca73e3,greg.demeulenaere@gmail.com,FALSE
68e137a0493026cabfd05389,Ver'minax - L'Essaim Stellaire,constellation,"Constellation dérangeante formant un essaim de créatures rampantes. Les étoiles se regroupent et se dispersent, créant un effet hypnotique et répugnant.",,,,,,"Marque de Morgion, dieu de la maladie et de la décomposition. Les plaies et épidémies sont plus virulentes sous sa lumière.","Crainte et évitée. Quand elle brille intensément, les villes se préparent aux épidémies.",,,6915bcd5e742a9cd4bc970c7,2025-11-13T11:11:17.143000,2025-11-13T11:11:17.143000,68d133369c4bfb4942ca73e3,greg.demeulenaere@gmail.com,FALSE
,Durak'Thurum - La Forge Céleste,constellation,"Constellation en forme d'enclume et de marteau, visible principalement en hiver. Durak'Thurum brille d'un éclat rouge-orange comme le métal chauffé à blanc.",,,,,,"La constellation représente la forge de Reorx, le dieu nain de la forge. La légende dit que chaque étoile est une étincelle de sa forge divine, et que les meilleurs artisans peuvent entendre le son de son marteau céleste.",Les nains organisent de grandes fêtes de forgeage quand Durak'Thurum culmine dans le ciel. Les maîtres forgerons nés sous cette constellation sont légendaires.,,,690da71a608cdbb1c7837395,2025-11-07T08:00:26.161000,2025-11-07T08:00:26.161000,68d133369c4bfb4942ca73e3,greg.demeulenaere@gmail.com,FALSE
,Tillindel - La Lune Douce,moon,Petite lune d'un blanc crémeux qui apparaît particulièrement brillante et chaleureuse. Tillindel apporte réconfort et bonne fortune aux voyageurs et aux humbles.,,,,,,"Tillindel serait le sourire de Yondalla, la déesse halfeline, figé dans les cieux pour protéger les petites gens. On dit que faire un vœu sous sa pleine lune apporte toujours un peu de chance.",Les halfelins célèbrent Tillindel avec des festins et des danses. Naître sous cette lune est vu comme un présage de vie longue et heureuse.,,,690da71a608cdbb1c7837396,2025-11-07T08:00:26.161000,2025-11-07T08:00:26.161000,68d133369c4bfb4942ca73e3,greg.demeulenaere@gmail.com,FALSE
,Zar'Nakthul - L'Œil de Tiamat,planet,"Planète massive aux anneaux spectaculaires, visible comme un point brillant multicolore. Zar'Nakthul pulse de cinq couleurs différentes : rouge, bleu, vert, blanc et noir.",,,,,,"Zar'Nakthul serait l'œil de Tiamat elle-même, veillant sur le monde et choisissant ses champions. Les cinq couleurs représentent ses cinq têtes draconiques. Une naissance sous cette planète promet un destin de pouvoir et de tragédie.",Les dracénides voient cette planète avec crainte et respect. Les cultes draconiques organisent des rituels secrets lors de ses alignements rares.,,,690da71a608cdbb1c7837397,2025-11-07T08:00:26.161000,2025-11-07T08:00:26.161000,68d133369c4bfb4942ca73e3,greg.demeulenaere@gmail.com,FALSE
,Val'Sharis - Le Serpent de Feu,comet,Comète spectaculaire qui trace une ligne enflammée à travers le ciel tous les 75 ans. Sa queue ondule comme un serpent de flammes dorées et écarlates.,,,,,,"Val'Sharis serait un ancien dragon d'or transformé en comète pour punir son orgueil. Chaque passage rappelle que même les plus puissants peuvent tomber, mais aussi qu'ils peuvent se relever transformés.",Son apparition est vue comme un présage de grands changements. Les royaumes tremblent et les prophètes surgissent lors de son passage.,,,690da71a608cdbb1c7837398,2025-11-07T08:00:26.161000,2025-11-07T08:00:26.161000,68d133369c4bfb4942ca73e3,greg.demeulenaere@gmail.com,FALSE
,Mor'Drezith - Les Voiles Pourpres,constellation,"Constellation sombre et sinistre formant des voiles déchirés dans le ciel nocturne. Visible surtout en hiver, elle semble absorber la lumière des étoiles environnantes.",,,,,,"Mor'Drezith représente le linceul de la Reine des Ténèbres, tombé lors de sa chute. Les tieffelins voient dans cette constellation leur héritage maudit mais aussi leur force.",Cette constellation est crainte mais fascinante. Les tieffelins nés sous son signe sont souvent devenus des dirigeants puissants mais controversés.,,,690da71a608cdbb1c7837399,2025-11-07T08:00:26.161000,2025-11-07T08:00:26.161000,68d133369c4bfb4942ca73e3,greg.demeulenaere@gmail.com,FALSE
,Khor'Drakaan - Le Souffle du Dragon,star,"Étoile rouge flamboyant qui pulse comme un cœur battant. Khor'Drakaan est l'étoile la plus chaude visible depuis Krynn, rayonnant d'un éclat quasi solaire.",,,,,,"Khor'Drakaan serait le premier souffle de Bahamut, le Dragon de Platine, cristallisé en étoile. Les dracénides la vénèrent comme source de leur pouvoir ancestral.",Les dracénides prêtent leurs serments les plus sacrés sous cette étoile. Naître sous Khor'Drakaan marque un destin héroïque.,,,690da71a608cdbb1c783739a,2025-11-07T08:00:26.161000,2025-11-07T08:00:26.161000,68d133369c4bfb4942ca73e3,greg.demeulenaere@gmail.com,FALSE
,Thimble'Wink - La Danse des Lucioles,constellation,Joyeuse constellation formant un cercle d'étoiles scintillantes qui semblent danser et clignoter. Visible surtout au printemps et en été.,,,,,,Thimble'Wink serait le rire des dieux des halfelins transformé en étoiles. Chaque étoile représenterait un moment de joie pure capturé pour l'éternité.,Les halfelins organisent des festivals de danse sous cette constellation. Les mariages célébrés sous Thimble'Wink sont réputés exceptionnellement heureux.,,,690da71a608cdbb1c783739b,2025-11-07T08:00:26.161000,2025-11-07T08:00:26.161000,68d133369c4bfb4942ca73e3,greg.demeulenaere@gmail.com,FALSE
,Rax'Gharoth - La Pierre Sanglante,asteroid,Astéroïde massif d'un rouge profond qui traverse le système régulièrement. Visible comme une étoile rouge se déplaçant lentement parmi les constellations.,,,,,,"Rax'Gharoth serait un fragment du champ de bataille où les dieux combattirent, imprégné du sang de centaines de guerriers divins. Les orques le voient comme un rappel que la guerre est éternelle.",Les tribus orques et barbares lancent leurs plus grands raids lorsque Rax'Gharoth traverse le ciel. C'est un présage de guerre.,,,690da71a608cdbb1c783739c,2025-11-07T08:00:26.161000,2025-11-07T08:00:26.161000,68d133369c4bfb4942ca73e3,greg.demeulenaere@gmail.com,FALSE
,Shal'Mystra - Le Tissage Étoilé,constellation,"Magnifique constellation formant une toile complexe d'étoiles interconnectées. Elle semble changer légèrement de forme chaque nuit, comme si elle était vivante.",,,,,,"Shal'Mystra représente la Trame elle-même, visible dans le ciel nocturne. Les mages disent que méditer sous cette constellation permet d'entrevoir les secrets les plus profonds de la magie.",Les écoles de magie considèrent les enfants nés sous Shal'Mystra comme des candidats idéaux. Beaucoup deviennent des archimages légendaires.,,,690da71a608cdbb1c783739d,2025-11-07T08:00:26.161000,2025-11-07T08:00:26.161000,68d133369c4bfb4942ca73e3,greg.demeulenaere@gmail.com,FALSE
,Grimnak'Zur - L'Éclat Noir,planet,Planète mystérieuse qui apparaît comme un trou noir entouré d'un halo verdâtre. Grimnak'Zur semble absorber la lumière plutôt que la refléter.,,,,,,"Grimnak'Zur serait la prison d'un ancien dieu du mal, scellé dans les profondeurs de l'espace. Son influence corrompt ceux qui naissent sous son regard maudit.",Cette planète est crainte et évitée. Les orques et tieffelins la voient comme une source de pouvoir ultime mais aussi de damnation certaine.,,,690da71a608cdbb1c783739e,2025-11-07T08:00:26.161000,2025-11-07T08:00:26.161000,68d133369c4bfb4942ca73e3,greg.demeulenaere@gmail.com,FALSE
,Thral'Kazhar - La Planète de Sang,planet,Planète rouge sombre qui brille d'un éclat sanglant dans le ciel nocturne. Thral'Kazhar est vénérée par les orques et les guerriers comme le cœur battant du dieu de la guerre.,,,,,,"Thral'Kazhar serait le cœur arraché d'un ancien dieu de la guerre, jeté dans les cieux après sa défaite. Les orques croient que lorsque la planète est à son zénith, leurs guerriers reçoivent une fraction de cette rage divine.",Les tribus orques et barbares organisent des raids et des duels sacrés lorsque Thral'Kazhar est visible. Les enfants nés sous cette planète sont marqués comme futurs chefs de guerre.,,,690da71a608cdbb1c7837393,2025-11-07T08:00:26.160000,2025-11-07T08:00:26.160000,68d133369c4bfb4942ca73e3,greg.demeulenaere@gmail.com,FALSE
,Ae'lior'andúl - L'Étoile du Crépuscule,star,"La plus belle étoile du firmament, brillant d'un éclat argenté-violet au crépuscule et à l'aube. Ae'lior'andúl est révérée par les elfes comme le pont entre les mondes.",,,,,,Ae'lior'andúl serait l'âme d'un ancien roi elfe qui choisit de devenir une étoile pour guider son peuple éternellement. Les elfes disent que ceux qui méditent sous sa lumière peuvent entendre des chants anciens.,Les elfes prient sous cette étoile lors de leurs cérémonies sacrées. Une naissance sous Ae'lior'andúl est considérée comme le plus grand des honneurs.,,,690da71a608cdbb1c7837394,2025-11-07T08:00:26.160000,2025-11-07T08:00:26.160000,68d133369c4bfb4942ca73e3,greg.demeulenaere@gmail.com,FALSE
,Solinari,moon,"La lune argentée de la magie bénéfique, symbole de l'ordre de la Bonne Magie. Solinari brille d'un éclat pur et argenté, guidant les magiciens vers la sagesse et la justice.",,,,,,"Solinari est le dieu de la magie blanche, fils de Paladine. Sa lune guide les Robes Blanches vers la sagesse et la protection des innocents. Lorsque Solinari est pleine, la magie bénéfique est à son apogée.",Les Robes Blanches suivent les cycles de Solinari pour leurs rituels. Une naissance lors d'une pleine lune argentée est considérée comme un présage de grand pouvoir magique bénéfique.,,,690da60d808731c53f2cc6e4,2025-11-07T07:55:57.423000,2025-11-07T07:55:57.423000,68d133369c4bfb4942ca73e3,greg.demeulenaere@gmail.com,FALSE
,Lunitari,moon,"La lune rouge de la magie neutre, symbole de l'équilibre entre le bien et le mal. Lunitari brille d'une lueur rouge sang, représentant la liberté et l'indépendance magique.",,,,,,"Lunitari est la déesse de la magie neutre, fille de Gilean le Livre. Sa lune guide les Robes Rouges qui cherchent la connaissance magique pour elle-même, sans se soucier de morale.",Les Robes Rouges célèbrent les phases de Lunitari comme symboles de transformation. Naître sous la lune rouge signifie un destin de grand pouvoir et d'indépendance d'esprit.,,,690da60d808731c53f2cc6e5,2025-11-07T07:55:57.423000,2025-11-07T07:55:57.423000,68d133369c4bfb4942ca73e3,greg.demeulenaere@gmail.com,FALSE
,Nuitari,moon,"La lune noire de la magie maléfique, invisible aux non-initiés. Nuitari est la plus mystérieuse des trois lunes, absorbant la lumière plutôt que de la refléter, ne révélant sa présence que par l'absence d'étoiles.",,,,,,"Nuitari est le dieu de la magie noire, fils de Takhisis la Reine des Ténèbres. Sa lune invisible guide les Robes Noires vers le pouvoir absolu sans considération morale. Seuls les initiés à la magie noire peuvent percevoir Nuitari.",Les Robes Noires suivent les cycles secrets de Nuitari. Une naissance lors de la Nuit de l'Œil (quand Nuitari occulte les étoiles) promet un destin de pouvoir noir immense.,,,690da60d808731c53f2cc6e6,2025-11-07T07:55:57.423000,2025-11-07T07:55:57.423000,68d133369c4bfb4942ca73e3,greg.demeulenaere@gmail.com,FALSE
,Drak'Thalanar - La Constellation du Dragon,constellation,"La plus grande constellation visible depuis Krynn, formant la silhouette d'un dragon majestueux aux ailes déployées. Elle domine le ciel nocturne et symbolise la puissance primordiale.",,,,,,Cette constellation représente les Dragons Métalliques et Chromatiques dans leur splendeur éternelle. Les anciens croient que les âmes des grands dragons rejoignent cette constellation à leur mort.,Les Chevaliers de Solamnia considèrent cette constellation comme un symbole de leur honneur. Les enfants nés sous son signe sont souvent destinés à devenir chevaliers.,,,690da60d808731c53f2cc6e7,2025-11-07T07:55:57.423000,2025-11-07T08:04:03.066000,68d133369c4bfb4942ca73e3,greg.demeulenaere@gmail.com,FALSE
,Aequi'Libris - La Balance du Jugement,constellation,"Une constellation formant une balance parfaitement équilibrée, symbole de justice et de neutralité. Elle brille d'un éclat constant, jamais vacillant.",,,,,,"La Balance représente Gilean, le dieu de la Neutralité et de la Connaissance. Elle rappelle que l'équilibre entre le bien et le mal maintient l'ordre cosmique.",Les marchands et les juges prêtent serment sous cette constellation. Un enfant né sous son signe est destiné à devenir un grand médiateur.,,,690da60d808731c53f2cc6e8,2025-11-07T07:55:57.423000,2025-11-07T08:04:06.204000,68d133369c4bfb4942ca73e3,greg.demeulenaere@gmail.com,FALSE
,Durak'Balthar - L'Épée Stellaire,constellation,"Une constellation en forme d'épée flamboyante pointant vers le ciel. Elle représente le courage, l'honneur et le sacrifice héroïque.",,,,,,"L'Épée représente l'arme légendaire de Huma Dragonsbane, le plus grand héros de Krynn. Elle brille plus fort pendant les temps de guerre.",Les Chevaliers de Solamnia la considèrent comme leur constellation protectrice. Un chevalier né sous ce signe est destiné à accomplir de grandes prouesses.,,,690da60d808731c53f2cc6e9,2025-11-07T07:55:57.423000,2025-11-07T08:04:08.156000,68d133369c4bfb4942ca73e3,greg.demeulenaere@gmail.com,FALSE
,Zar'Nethys - La Rose Noire,constellation,Une constellation sombre et inquiétante formant une rose aux pétales noirs. Elle n'est visible que lors des nuits sans lune et inspire crainte et fascination.,,,,,,"La Rose Noire symbolise la Reine des Ténèbres, Takhisis. Elle apparut dans le ciel lors de la Guerre de la Lance comme présage de destruction.","Les sorciers noirs vénèrent cette constellation. Une naissance sous son signe est souvent cachée, car elle porte malchance.",,,690da60d808731c53f2cc6ea,2025-11-07T07:55:57.423000,2025-11-07T08:04:09.740000,68d133369c4bfb4942ca73e3,greg.demeulenaere@gmail.com,FALSE
,Khaz'Torun - Le Livre des Étoiles,constellation,"Une constellation formant un livre ouvert parmi les étoiles, ses pages semblant contenir les secrets de l'univers écrits en lumière stellaire.",,,,,,Le Livre représente la bibliothèque infinie de Gilean où toute connaissance est conservée. Les étoiles qui le composent sont les âmes des grands sages.,Les bibliothèques et académies célèbrent les naissances sous le Livre. Ces enfants sont souvent choisis pour devenir érudits ou mages.,,,690da60d808731c53f2cc6eb,2025-11-07T07:55:57.423000,2025-11-07T08:04:12.180000,68d133369c4bfb4942ca73e3,greg.demeulenaere@gmail.com,FALSE
,Mystral'Drakor - La Comète du Destin,comet,"Une comète légendaire qui n'apparaît qu'une fois par génération, annonçant de grands bouleversements. Sa queue ardente traverse le ciel pendant des semaines.",,,,,,"La Comète apparut lors de la naissance de Huma et de Raistlin, deux des plus grands héros/antihéros de Krynn. Son passage annonce toujours des changements majeurs dans l'histoire.",Son apparition provoque terreur et espoir. Les oracles scrutent le ciel en permanence pour prédire son retour.,,,690da60d808731c53f2cc6ec,2025-11-07T07:55:57.423000,2025-11-07T08:04:13.872000,68d133369c4bfb4942ca73e3,greg.demeulenaere@gmail.com,FALSE
,Sil'Vanar'Ethil - L'Étoile de Paladine,star,"L'étoile la plus brillante du ciel de Krynn, symbole du dieu Paladine. Elle brille d'un éclat argenté constant, guidant les voyageurs et les héros.",,,,,,"Cette étoile est le regard même de Paladine sur Krynn. Tant qu'elle brille, le bien n'est jamais complètement vaincu.",Les temples de Paladine sont orientés vers cette étoile. Les paladins prêtent serment sous sa lumière.,,,690da60d808731c53f2cc6ed,2025-11-07T07:55:57.423000,2025-11-07T08:04:15.665000,68d133369c4bfb4942ca73e3,greg.demeulenaere@gmail.com,FALSE
,Grok'Nar - L'Œil Rouge,star,"Une étoile rouge sang qui pulse comme un cœur battant. Elle est associée à la guerre, au sang et au sacrifice.",,,,,,"L'Œil Rouge serait le regard de Sargonnas, dieu de la Vengeance et de la Fureur. Il brille plus fort en temps de guerre.",Les tribus barbares le vénèrent comme leur guide. Un guerrier né sous cette étoile est prédestiné à devenir un grand chef de guerre.,,,690da60d808731c53f2cc6ee,2025-11-07T07:55:57.423000,2025-11-07T08:04:17.512000,68d133369c4bfb4942ca73e3,greg.demeulenaere@gmail.com,FALSE
,Tillindel'Vyar - L'Étoile Vagabonde,star,"Une étoile qui semble se déplacer lentement à travers le ciel, ne restant jamais au même endroit. Les astronomes la considèrent comme un mystère cosmique.",,,,,,"Certains disent que l'Étoile Vagabonde est l'esprit de Hiddukel, le dieu de la Tromperie, toujours en mouvement, jamais capturé.",Les marchands et voyageurs la considèrent comme leur protectrice. Ceux nés sous son signe deviennent souvent des explorateurs célèbres.,,,690da60d808731c53f2cc6ef,2025-11-07T07:55:57.423000,2025-11-07T08:04:19.732000,68d133369c4bfb4942ca73e3,greg.demeulenaere@gmail.com,FALSE