name,class,level,description,subclass,usage,uses_per_rest,rest_type,id,created_date,updated_date,created_by_id,created_by,is_sample
Explorateur-né,ranger,1,Vous êtes particulièrement familier avec un type de terrain. Voyager une heure ou plus dans votre terrain de prédilection vous octroie plusieurs avantages.,,passive,,none,68e2663bec30b2f6d1ea0532,2025-10-05T12:36:11.290000,2025-10-05T12:36:11.290000,68d133369c4bfb4942ca73e3,greg.demeulenaere@gmail.com,FALSE
Style de combat (Rôdeur),ranger,2,"Vous adoptez un style de combat : Archerie, Combat à deux armes, Défense, ou Duel.",,passive,,none,68e2663bec30b2f6d1ea0533,2025-10-05T12:36:11.290000,2025-10-05T12:36:11.290000,68d133369c4bfb4942ca73e3,greg.demeulenaere@gmail.com,FALSE
Incantation (Rôdeur),ranger,2,Vous avez appris à canaliser la magie de la nature. Vous connaissez des sorts de rôdeur.,,spell,,none,68e2663bec30b2f6d1ea0534,2025-10-05T12:36:11.290000,2025-10-05T12:36:11.290000,68d133369c4bfb4942ca73e3,greg.demeulenaere@gmail.com,FALSE
Archétype de rôdeur,ranger,3,"Vous choisissez un archétype : Chasseur, Maître des bêtes, etc.",,passive,,none,68e2663bec30b2f6d1ea0535,2025-10-05T12:36:11.290000,2025-10-05T12:36:11.290000,68d133369c4bfb4942ca73e3,greg.demeulenaere@gmail.com,FALSE
Conscience primitive,ranger,3,"En action, vous pouvez dépenser un emplacement de sort pour concentrer votre attention sur la région autour de vous. Pendant 1 minute par niveau de sort, vous détectez certains types de créatures dans un rayon de 1,5 km.",,action,Emplacements de sort,long,68e2663bec30b2f6d1ea0536,2025-10-05T12:36:11.290000,2025-10-05T12:36:11.290000,68d133369c4bfb4942ca73e3,greg.demeulenaere@gmail.com,FALSE
Amélioration de caractéristique (Rôdeur),ranger,4,"Vous pouvez augmenter une valeur de caractéristique de 2, ou deux valeurs de 1. Vous ne pouvez pas augmenter une caractéristique au-delà de 20.",,passive,,none,68e2663bec30b2f6d1ea0537,2025-10-05T12:36:11.290000,2025-10-05T12:36:11.290000,68d133369c4bfb4942ca73e3,greg.demeulenaere@gmail.com,FALSE
Attaque supplémentaire (Rôdeur),ranger,5,Vous pouvez attaquer deux fois au lieu d'une lorsque vous réalisez l'action Attaquer durant votre tour.,,passive,,none,68e2663bec30b2f6d1ea0538,2025-10-05T12:36:11.290000,2025-10-05T12:36:11.290000,68d133369c4bfb4942ca73e3,greg.demeulenaere@gmail.com,FALSE
Déplacement agile,ranger,8,Les déplacements difficiles dus au terrain naturel ne vous coûtent pas de déplacement supplémentaire.,,passive,,none,68e2663bec30b2f6d1ea0539,2025-10-05T12:36:11.290000,2025-10-05T12:36:11.290000,68d133369c4bfb4942ca73e3,greg.demeulenaere@gmail.com,FALSE
Camouflage naturel,ranger,10,"Vous pouvez passer 1 minute à vous camoufler. Une fois fait, vous avez un bonus de +10 aux jets de Dextérité (Discrétion) tant que vous restez immobile et silencieux.",,action,,none,68e2663bec30b2f6d1ea053a,2025-10-05T12:36:11.290000,2025-10-05T12:36:11.290000,68d133369c4bfb4942ca73e3,greg.demeulenaere@gmail.com,FALSE
Disparition,ranger,14,"Vous pouvez utiliser l'action Se cacher en action bonus. De plus, vous ne pouvez pas être pisté par des moyens non magiques sauf si vous choisissez de laisser une piste.",,passive,,none,68e2663bec30b2f6d1ea053b,2025-10-05T12:36:11.290000,2025-10-05T12:36:11.290000,68d133369c4bfb4942ca73e3,greg.demeulenaere@gmail.com,FALSE
Sens sauvages,ranger,18,"Vous gagnez des sens surnaturels. En action, vous pouvez dépenser un emplacement de sort pour détecter les créatures invisibles et cachées dans un rayon de 9m pendant 1 heure.",,action,Emplacements de sort,long,68e2663bec30b2f6d1ea053c,2025-10-05T12:36:11.290000,2025-10-05T12:36:11.290000,68d133369c4bfb4942ca73e3,greg.demeulenaere@gmail.com,FALSE
Tueur de monstres,ranger,20,"Vous devenez un chasseur de monstres incomparable. Une fois par tour, vous pouvez ajouter votre modificateur de Sagesse à un jet d'attaque ou de dégâts contre votre ennemi juré.",,passive,,none,68e2663bec30b2f6d1ea053d,2025-10-05T12:36:11.290000,2025-10-05T12:36:11.290000,68d133369c4bfb4942ca73e3,greg.demeulenaere@gmail.com,FALSE
Expertise (Roublard),rogue,1,Choisissez deux compétences ou outils que vous maîtrisez. Votre bonus de maîtrise est doublé pour ces compétences ou outils.,,passive,,none,68e2663bec30b2f6d1ea053e,2025-10-05T12:36:11.290000,2025-10-05T12:36:11.290000,68d133369c4bfb4942ca73e3,greg.demeulenaere@gmail.com,FALSE
Attaque sournoise,rogue,1,"Une fois par tour, vous infligez 1d6 dégâts supplémentaires à une créature que vous touchez avec une attaque si vous avez l'avantage. Les dégâts augmentent avec les niveaux.",,passive,,none,68e2663bec30b2f6d1ea053f,2025-10-05T12:36:11.290000,2025-10-05T12:36:11.290000,68d133369c4bfb4942ca73e3,greg.demeulenaere@gmail.com,FALSE
Argot des voleurs,rogue,1,"Vous connaissez l'argot des voleurs, un mélange secret de dialecte, de jargon et de codes. Vous pouvez comprendre et utiliser ce langage.",,passive,,none,68e2663bec30b2f6d1ea0540,2025-10-05T12:36:11.290000,2025-10-05T12:36:11.290000,68d133369c4bfb4942ca73e3,greg.demeulenaere@gmail.com,FALSE
Ruse,rogue,2,"Vous pouvez utiliser une action bonus pour Foncer, Se désengager ou Se cacher.",,bonus_action,,none,68e2663bec30b2f6d1ea0541,2025-10-05T12:36:11.290000,2025-10-05T12:36:11.290000,68d133369c4bfb4942ca73e3,greg.demeulenaere@gmail.com,FALSE
Archétype de roublard,rogue,3,"Vous choisissez un archétype : Voleur, Assassin, Arcane trickster, etc.",,passive,,none,68e2663bec30b2f6d1ea0542,2025-10-05T12:36:11.290000,2025-10-05T12:36:11.290000,68d133369c4bfb4942ca73e3,greg.demeulenaere@gmail.com,FALSE
Amélioration de caractéristique (Roublard),rogue,4,"Vous pouvez augmenter une valeur de caractéristique de 2, ou deux valeurs de 1. Vous ne pouvez pas augmenter une caractéristique au-delà de 20.",,passive,,none,68e2663bec30b2f6d1ea0543,2025-10-05T12:36:11.290000,2025-10-05T12:36:11.290000,68d133369c4bfb4942ca73e3,greg.demeulenaere@gmail.com,FALSE
Esquive instinctive,rogue,5,"Quand un attaquant que vous pouvez voir vous touche avec une attaque, vous pouvez utiliser votre réaction pour réduire de moitié les dégâts de cette attaque.",,reaction,,none,68e2663bec30b2f6d1ea0544,2025-10-05T12:36:11.290000,2025-10-05T12:36:11.290000,68d133369c4bfb4942ca73e3,greg.demeulenaere@gmail.com,FALSE
Esquive totale (Roublard),rogue,7,"Quand vous êtes soumis à un effet qui permet un JdS de Dextérité pour ne subir que la moitié des dégâts, vous ne subissez aucun dégât en cas de réussite, et seulement la moitié en cas d'échec.",,passive,,none,68e2663bec30b2f6d1ea0545,2025-10-05T12:36:11.290000,2025-10-05T12:36:11.290000,68d133369c4bfb4942ca73e3,greg.demeulenaere@gmail.com,FALSE
Fiabilité,rogue,11,"Lorsque vous effectuez un jet de caractéristique avec une compétence que vous maîtrisez, vous pouvez traiter un d20 de 9 ou moins comme un 10.",,passive,,none,68e2663bec30b2f6d1ea0546,2025-10-05T12:36:11.290000,2025-10-05T12:36:11.290000,68d133369c4bfb4942ca73e3,greg.demeulenaere@gmail.com,FALSE
Sens aveugle,rogue,14,"Si vous êtes capable d'entendre, vous êtes conscient de l'emplacement de toute créature invisible ou cachée dans un rayon de 3m.",,passive,,none,68e2663bec30b2f6d1ea0547,2025-10-05T12:36:11.290000,2025-10-05T12:36:11.290000,68d133369c4bfb4942ca73e3,greg.demeulenaere@gmail.com,FALSE
Esprit impénétrable,rogue,15,Vous gagnez la maîtrise des jets de sauvegarde de Sagesse.,,passive,,none,68e2663bec30b2f6d1ea0548,2025-10-05T12:36:11.290000,2025-10-05T12:36:11.290000,68d133369c4bfb4942ca73e3,greg.demeulenaere@gmail.com,FALSE
Chance insigne,rogue,20,"Si votre attaque rate une cible à portée, vous pouvez transformer le raté en touché. Si vous ratez un jet de caractéristique, vous pouvez traiter le d20 comme un 20.",,limited_use,1,short,68e2663bec30b2f6d1ea0549,2025-10-05T12:36:11.290000,2025-10-05T12:36:11.290000,68d133369c4bfb4942ca73e3,greg.demeulenaere@gmail.com,FALSE
Incantation (Ensorceleur),sorcerer,1,Votre magie innée vous permet de lancer des sorts. Vous connaissez 4 sorts mineurs et 2 sorts de niveau 1.,,spell,,none,68e2663bec30b2f6d1ea054a,2025-10-05T12:36:11.290000,2025-10-05T12:36:11.290000,68d133369c4bfb4942ca73e3,greg.demeulenaere@gmail.com,FALSE
Origine magique,sorcerer,1,"Vous choisissez une origine de votre magie innée : Lignée draconique, Magie sauvage, etc.",,passive,,none,68e2663bec30b2f6d1ea054b,2025-10-05T12:36:11.290000,2025-10-05T12:36:11.290000,68d133369c4bfb4942ca73e3,greg.demeulenaere@gmail.com,FALSE
Source de magie,sorcerer,2,Vous puisez dans une source profonde de magie en vous. Vous gagnez 2 points de sorcellerie que vous pouvez transformer en emplacements de sorts ou utiliser pour des métamagies.,,limited_use,Niveau d'ensorceleur,long,68e2663bec30b2f6d1ea054c,2025-10-05T12:36:11.290000,2025-10-05T12:36:11.290000,68d133369c4bfb4942ca73e3,greg.demeulenaere@gmail.com,FALSE
Métamagie,sorcerer,3,"Vous gagnez la capacité de modifier vos sorts. Vous apprenez 2 options de métamagie parmi : Sort distant, Sort prolongé, Sort puissant, Sort rapide, Sort subtil, Sort jumelé, Transmutation de sorts.",,limited_use,Points de sorcellerie,long,68e2663bec30b2f6d1ea054d,2025-10-05T12:36:11.290000,2025-10-05T12:36:11.290000,68d133369c4bfb4942ca73e3,greg.demeulenaere@gmail.com,FALSE
Amélioration de caractéristique (Ensorceleur),sorcerer,4,"Vous pouvez augmenter une valeur de caractéristique de 2, ou deux valeurs de 1. Vous ne pouvez pas augmenter une caractéristique au-delà de 20.",,passive,,none,68e2663bec30b2f6d1ea054e,2025-10-05T12:36:11.290000,2025-10-05T12:36:11.290000,68d133369c4bfb4942ca73e3,greg.demeulenaere@gmail.com,FALSE
Restauration magique,sorcerer,20,Vous récupérez 4 points de sorcellerie dépensés lorsque vous terminez un repos court.,,passive,,short,68e2663bec30b2f6d1ea054f,2025-10-05T12:36:11.290000,2025-10-05T12:36:11.290000,68d133369c4bfb4942ca73e3,greg.demeulenaere@gmail.com,FALSE
Protecteur d'outremonde,warlock,1,"Vous avez conclu un pacte avec un être d'outremonde : Archifée, Fiélon, Grand Ancien, etc. Votre protecteur vous accorde des pouvoirs et des sorts.",,passive,,none,68e2663bec30b2f6d1ea0550,2025-10-05T12:36:11.290000,2025-10-05T12:36:11.290000,68d133369c4bfb4942ca73e3,greg.demeulenaere@gmail.com,FALSE
Magie de pacte,warlock,1,"Vous pouvez lancer des sorts de sorcier. Contrairement aux autres lanceurs de sorts, vos emplacements se rechargent après un repos court. Vous connaissez 2 sorts mineurs et 2 sorts de niveau 1.",,spell,,short,68e2663bec30b2f6d1ea0551,2025-10-05T12:36:11.290000,2025-10-05T12:36:11.290000,68d133369c4bfb4942ca73e3,greg.demeulenaere@gmail.com,FALSE
Invocations occultes,warlock,2,"Vous apprenez des invocations occultes, fragments de savoir interdit qui vous confèrent des capacités magiques permanentes. Vous en apprenez 2.",,passive,,none,68e2663bec30b2f6d1ea0552,2025-10-05T12:36:11.290000,2025-10-05T12:36:11.290000,68d133369c4bfb4942ca73e3,greg.demeulenaere@gmail.com,FALSE
Faveur du pacte,warlock,3,"Votre protecteur vous accorde un don magique : Pacte de la chaîne (familier), Pacte de la lame (arme), ou Pacte du grimoire (sorts).",,passive,,none,68e2663bec30b2f6d1ea0553,2025-10-05T12:36:11.290000,2025-10-05T12:36:11.290000,68d133369c4bfb4942ca73e3,greg.demeulenaere@gmail.com,FALSE
Amélioration de caractéristique (Sorcier),warlock,4,"Vous pouvez augmenter une valeur de caractéristique de 2, ou deux valeurs de 1. Vous ne pouvez pas augmenter une caractéristique au-delà de 20.",,passive,,none,68e2663bec30b2f6d1ea0554,2025-10-05T12:36:11.290000,2025-10-05T12:36:11.290000,68d133369c4bfb4942ca73e3,greg.demeulenaere@gmail.com,FALSE
Arcane mystique,warlock,11,Votre protecteur vous confère un secret magique : un sort de niveau 6 que vous pouvez lancer une fois par repos long sans dépenser d'emplacement.,,limited_use,1,long,68e2663bec30b2f6d1ea0555,2025-10-05T12:36:11.290000,2025-10-05T12:36:11.290000,68d133369c4bfb4942ca73e3,greg.demeulenaere@gmail.com,FALSE
Maître des arcanes,warlock,20,"Vous pouvez puiser dans votre réserve intérieure de pouvoir mystique. En action bonus, vous récupérez tous vos emplacements de sorts dépensés.",,bonus_action,1,long,68e2663bec30b2f6d1ea0556,2025-10-05T12:36:11.290000,2025-10-05T12:36:11.290000,68d133369c4bfb4942ca73e3,greg.demeulenaere@gmail.com,FALSE
Incantation (Magicien),wizard,1,Vous avez un grimoire contenant des sorts. Vous connaissez 3 sorts mineurs et 6 sorts de niveau 1. Vous pouvez préparer un nombre de sorts égal à votre modificateur d'Intelligence + niveau de magicien.,,spell,,none,68e2663bec30b2f6d1ea0557,2025-10-05T12:36:11.290000,2025-10-05T12:36:11.290000,68d133369c4bfb4942ca73e3,greg.demeulenaere@gmail.com,FALSE
Restauration arcanique,wizard,1,"Une fois par jour après un repos court, vous récupérez des emplacements de sorts dépensés d'un niveau total égal à la moitié de votre niveau de magicien (arrondi au supérieur).",,passive,1,short,68e2663bec30b2f6d1ea0558,2025-10-05T12:36:11.290000,2025-10-05T12:36:11.290000,68d133369c4bfb4942ca73e3,greg.demeulenaere@gmail.com,FALSE
Tradition arcanique,wizard,2,"Vous choisissez une tradition : École d'abjuration, de conjuration, de divination, d'enchantement, d'évocation, d'illusion, de nécromancie, ou de transmutation.",,passive,,none,68e2663bec30b2f6d1ea0559,2025-10-05T12:36:11.290000,2025-10-05T12:36:11.290000,68d133369c4bfb4942ca73e3,greg.demeulenaere@gmail.com,FALSE
Amélioration de caractéristique (Magicien),wizard,4,"Vous pouvez augmenter une valeur de caractéristique de 2, ou deux valeurs de 1. Vous ne pouvez pas augmenter une caractéristique au-delà de 20.",,passive,,none,68e2663bec30b2f6d1ea055a,2025-10-05T12:36:11.290000,2025-10-05T12:36:11.290000,68d133369c4bfb4942ca73e3,greg.demeulenaere@gmail.com,FALSE
Sorts de signature,wizard,20,"Choisissez 2 sorts de magicien de niveau 3 dans votre grimoire comme sorts de signature. Vous pouvez les lancer sans dépenser d'emplacement. Après les avoir lancés ainsi, vous ne pouvez pas le refaire avant de terminer un repos court ou long.",,limited_use,1 fois chacun,short,68e2663bec30b2f6d1ea055b,2025-10-05T12:36:11.290000,2025-10-05T12:36:11.290000,68d133369c4bfb4942ca73e3,greg.demeulenaere@gmail.com,FALSE
Attaque téméraire,barbarian,2,"Lors de votre premier jet d'attaque de votre tour, vous pouvez décider d'attaquer avec témérité. Vous avez l'avantage sur les jets d'attaque de mêlée utilisant la Force ce tour, mais les créatures ont l'avantage pour vous attaquer jusqu'à votre prochain tour.",,action,,none,68e2663bec30b2f6d1ea04e8,2025-10-05T12:36:11.289000,2025-10-05T12:36:11.289000,68d133369c4bfb4942ca73e3,greg.demeulenaere@gmail.com,FALSE
Sens du danger,barbarian,2,"Vous avez l'avantage aux jets de sauvegarde de Dextérité contre les effets que vous pouvez voir (pièges, sorts...). Pour bénéficier de cet avantage, vous ne devez pas être aveuglé, assourdi ou incapable d'agir.",,passive,,none,68e2663bec30b2f6d1ea04e9,2025-10-05T12:36:11.289000,2025-10-05T12:36:11.289000,68d133369c4bfb4942ca73e3,greg.demeulenaere@gmail.com,FALSE
Instinct primitif,barbarian,3,"Vous choisissez une voie qui façonne la nature de votre rage : Voie du Berserker, Voie du Combattant totémique, etc.",,passive,,none,68e2663bec30b2f6d1ea04ea,2025-10-05T12:36:11.289000,2025-10-05T12:36:11.289000,68d133369c4bfb4942ca73e3,greg.demeulenaere@gmail.com,FALSE
Amélioration de caractéristique (Barbare),barbarian,4,"Vous pouvez augmenter une valeur de caractéristique de 2, ou deux valeurs de 1. Vous ne pouvez pas augmenter une caractéristique au-delà de 20.",,passive,,none,68e2663bec30b2f6d1ea04eb,2025-10-05T12:36:11.289000,2025-10-05T12:36:11.289000,68d133369c4bfb4942ca73e3,greg.demeulenaere@gmail.com,FALSE
Attaque supplémentaire (Barbare),barbarian,5,Vous pouvez attaquer deux fois au lieu d'une lorsque vous réalisez l'action Attaquer durant votre tour.,,passive,,none,68e2663bec30b2f6d1ea04ec,2025-10-05T12:36:11.289000,2025-10-05T12:36:11.289000,68d133369c4bfb4942ca73e3,greg.demeulenaere@gmail.com,FALSE
Déplacement rapide,barbarian,5,Votre vitesse augmente de 3 mètres tant que vous ne portez pas d'armure lourde.,,passive,,none,68e2663bec30b2f6d1ea04ed,2025-10-05T12:36:11.289000,2025-10-05T12:36:11.289000,68d133369c4bfb4942ca73e3,greg.demeulenaere@gmail.com,FALSE
Critique brutal,barbarian,9,"Lorsque vous obtenez un coup critique avec une attaque de mêlée, vous lancez un dé de dégâts supplémentaire de l'arme.",,passive,,none,68e2663bec30b2f6d1ea04ee,2025-10-05T12:36:11.289000,2025-10-05T12:36:11.289000,68d133369c4bfb4942ca73e3,greg.demeulenaere@gmail.com,FALSE
Rage implacable,barbarian,11,"Si vous tombez à 0 points de vie en rage et que vous ne mourez pas sur le coup, vous pouvez faire un JdS de Constitution DD 10. En cas de réussite, vous restez à 1 PV. Le DD augmente de 5 à chaque utilisation, se réinitialisant après un repos court ou long.",,reaction,,short,68e2663bec30b2f6d1ea04ef,2025-10-05T12:36:11.289000,2025-10-05T12:36:11.289000,68d133369c4bfb4942ca73e3,greg.demeulenaere@gmail.com,FALSE
Rage persistante,barbarian,15,Votre rage ne prend fin prématurément que si vous tombez inconscient ou si vous choisissez d'y mettre fin.,,passive,,none,68e2663bec30b2f6d1ea04f0,2025-10-05T12:36:11.289000,2025-10-05T12:36:11.289000,68d133369c4bfb4942ca73e3,greg.demeulenaere@gmail.com,FALSE
Champion indomptable,barbarian,20,Vous incarnez la puissance de la nature sauvage. Vos valeurs de Force et Constitution augmentent de 4. Votre maximum pour ces caractéristiques passe à 24.,,passive,,none,68e2663bec30b2f6d1ea04f1,2025-10-05T12:36:11.289000,2025-10-05T12:36:11.289000,68d133369c4bfb4942ca73e3,greg.demeulenaere@gmail.com,FALSE
Incantation (Barde),bard,1,Vous avez appris à démêler et remodeler le tissu de la réalité. Vous connaissez 4 sorts mineurs et 4 sorts de niveau 1.,,spell,,none,68e2663bec30b2f6d1ea04f2,2025-10-05T12:36:11.289000,2025-10-05T12:36:11.289000,68d133369c4bfb4942ca73e3,greg.demeulenaere@gmail.com,FALSE
Inspiration bardique,bard,1,"En action bonus, vous pouvez inspirer un allié (sauf vous) dans les 18m. Dans les 10 prochaines minutes, il peut ajouter un d6 à un jet de caractéristique, d'attaque ou de sauvegarde.",,bonus_action,Modificateur de Charisme,long,68e2663bec30b2f6d1ea04f3,2025-10-05T12:36:11.289000,2025-10-05T12:36:11.289000,68d133369c4bfb4942ca73e3,greg.demeulenaere@gmail.com,FALSE
Touche-à-tout,bard,2,Vous pouvez ajouter la moitié de votre bonus de maîtrise (arrondi au chiffre inférieur) aux jets de caractéristique qui n'appliquent pas déjà votre bonus de maîtrise.,,passive,,none,68e2663bec30b2f6d1ea04f4,2025-10-05T12:36:11.289000,2025-10-05T12:36:11.289000,68d133369c4bfb4942ca73e3,greg.demeulenaere@gmail.com,FALSE
Chant reposant,bard,2,Vous pouvez utiliser de la musique ou une oraison apaisante pour aider à raviver vos alliés blessés durant un repos court. Vous et vos alliés qui peuvent entendre récupèrent 1d6 PV supplémentaires par Dé de Vie dépensé.,,passive,,none,68e2663bec30b2f6d1ea04f5,2025-10-05T12:36:11.289000,2025-10-05T12:36:11.289000,68d133369c4bfb4942ca73e3,greg.demeulenaere@gmail.com,FALSE
Collège bardique,bard,3,"Vous choisissez un collège : Collège du savoir, Collège de la vaillance, etc.",,passive,,none,68e2663bec30b2f6d1ea04f6,2025-10-05T12:36:11.289000,2025-10-05T12:36:11.289000,68d133369c4bfb4942ca73e3,greg.demeulenaere@gmail.com,FALSE
Expertise (Barde),bard,3,Choisissez deux compétences que vous maîtrisez. Votre bonus de maîtrise est doublé pour ces compétences.,,passive,,none,68e2663bec30b2f6d1ea04f7,2025-10-05T12:36:11.289000,2025-10-05T12:36:11.289000,68d133369c4bfb4942ca73e3,greg.demeulenaere@gmail.com,FALSE
Amélioration de caractéristique (Barde),bard,4,"Vous pouvez augmenter une valeur de caractéristique de 2, ou deux valeurs de 1. Vous ne pouvez pas augmenter une caractéristique au-delà de 20.",,passive,,none,68e2663bec30b2f6d1ea04f8,2025-10-05T12:36:11.289000,2025-10-05T12:36:11.289000,68d133369c4bfb4942ca73e3,greg.demeulenaere@gmail.com,FALSE
Source d'inspiration,bard,5,Vous récupérez vos utilisations d'Inspiration bardique après un repos court ou long.,,passive,,short,68e2663bec30b2f6d1ea04f9,2025-10-05T12:36:11.289000,2025-10-05T12:36:11.289000,68d133369c4bfb4942ca73e3,greg.demeulenaere@gmail.com,FALSE
Contre-charme,bard,6,"En action, vous pouvez commencer une représentation qui dure jusqu'à la fin de votre prochain tour. Les créatures alliées dans un rayon de 9m ont l'avantage aux JdS contre être charmées ou effrayées.",,action,,none,68e2663bec30b2f6d1ea04fa,2025-10-05T12:36:11.289000,2025-10-05T12:36:11.289000,68d133369c4bfb4942ca73e3,greg.demeulenaere@gmail.com,FALSE
Secrets magiques,bard,10,"Vous pouvez apprendre 2 sorts de n'importe quelle classe, de n'importe quel niveau que vous pouvez lancer.",,passive,,none,68e2663bec30b2f6d1ea04fb,2025-10-05T12:36:11.289000,2025-10-05T12:36:11.289000,68d133369c4bfb4942ca73e3,greg.demeulenaere@gmail.com,FALSE
Inspiration supérieure,bard,20,"Lorsque vous lancez l'initiative et qu'il ne vous reste aucune utilisation d'Inspiration bardique, vous en récupérez une.",,passive,,none,68e2663bec30b2f6d1ea04fc,2025-10-05T12:36:11.289000,2025-10-05T12:36:11.289000,68d133369c4bfb4942ca73e3,greg.demeulenaere@gmail.com,FALSE
Incantation (Clerc),cleric,1,Vous êtes un conduit de puissance divine. Vous connaissez 3 sorts mineurs et pouvez préparer un nombre de sorts égal à votre modificateur de Sagesse + niveau de clerc.,,spell,,none,68e2663bec30b2f6d1ea04fd,2025-10-05T12:36:11.289000,2025-10-05T12:36:11.289000,68d133369c4bfb4942ca73e3,greg.demeulenaere@gmail.com,FALSE
Domaine divin,cleric,1,"Vous choisissez un domaine lié à votre divinité : Vie, Lumière, Guerre, Connaissance, Tempête, etc. Vous gagnez des sorts de domaine et des capacités spéciales.",,passive,,none,68e2663bec30b2f6d1ea04fe,2025-10-05T12:36:11.289000,2025-10-05T12:36:11.289000,68d133369c4bfb4942ca73e3,greg.demeulenaere@gmail.com,FALSE
Canalisation d'énergie divine,cleric,2,Vous gagnez la capacité de canaliser directement l'énergie divine de votre divinité pour alimenter des effets magiques. Vous commencez avec Renvoi des morts-vivants.,,action,1,short,68e2663bec30b2f6d1ea04ff,2025-10-05T12:36:11.289000,2025-10-05T12:36:11.289000,68d133369c4bfb4942ca73e3,greg.demeulenaere@gmail.com,FALSE
Renvoi des morts-vivants,cleric,2,"En action, vous présentez votre symbole sacré. Chaque mort-vivant qui peut vous voir ou entendre dans un rayon de 9m doit faire un JdS de Sagesse ou être renvoyé pendant 1 minute.",,action,1 Canalisation,short,68e2663bec30b2f6d1ea0500,2025-10-05T12:36:11.289000,2025-10-05T12:36:11.289000,68d133369c4bfb4942ca73e3,greg.demeulenaere@gmail.com,FALSE
Amélioration de caractéristique (Clerc),cleric,4,"Vous pouvez augmenter une valeur de caractéristique de 2, ou deux valeurs de 1. Vous ne pouvez pas augmenter une caractéristique au-delà de 20.",,passive,,none,68e2663bec30b2f6d1ea0501,2025-10-05T12:36:11.289000,2025-10-05T12:36:11.289000,68d133369c4bfb4942ca73e3,greg.demeulenaere@gmail.com,FALSE
Destruction des morts-vivants,cleric,5,"Quand un mort-vivant rate son JdS contre Renvoi des morts-vivants, il est détruit instantanément si son FP est assez faible (1/2 au niveau 5).",,passive,,none,68e2663bec30b2f6d1ea0502,2025-10-05T12:36:11.289000,2025-10-05T12:36:11.289000,68d133369c4bfb4942ca73e3,greg.demeulenaere@gmail.com,FALSE
Intervention divine,cleric,10,"Vous pouvez implorer l'aide de votre divinité. Lancez 1d100. Si le résultat est ≤ niveau de clerc, elle intervient. Si elle intervient, vous ne pouvez plus utiliser cette capacité pendant 7 jours.",,action,1,long,68e2663bec30b2f6d1ea0503,2025-10-05T12:36:11.289000,2025-10-05T12:36:11.289000,68d133369c4bfb4942ca73e3,greg.demeulenaere@gmail.com,FALSE
Intervention divine améliorée,cleric,20,"Votre demande d'intervention réussit automatiquement, sans jet de dés.",,passive,,none,68e2663bec30b2f6d1ea0504,2025-10-05T12:36:11.289000,2025-10-05T12:36:11.289000,68d133369c4bfb4942ca73e3,greg.demeulenaere@gmail.com,FALSE
Druidique,druid,1,"Vous connaissez le druidique, la langue secrète des druides. Vous pouvez parler et laisser des messages cachés dans cette langue.",,passive,,none,68e2663bec30b2f6d1ea0505,2025-10-05T12:36:11.289000,2025-10-05T12:36:11.289000,68d133369c4bfb4942ca73e3,greg.demeulenaere@gmail.com,FALSE
Incantation (Druide),druid,1,"Puisant dans l'essence divine de la nature, vous pouvez lancer des sorts druidiques. Vous connaissez 2 sorts mineurs et pouvez préparer un nombre de sorts égal à votre modificateur de Sagesse + niveau de druide.",,spell,,none,68e2663bec30b2f6d1ea0506,2025-10-05T12:36:11.289000,2025-10-05T12:36:11.289000,68d133369c4bfb4942ca73e3,greg.demeulenaere@gmail.com,FALSE
Forme sauvage,druid,2,"En action, vous pouvez vous transformer magiquement en un animal que vous avez déjà vu. Vous pouvez rester sous cette forme un nombre d'heures égal à la moitié de votre niveau de druide.",,action,2,short,68e2663bec30b2f6d1ea0507,2025-10-05T12:36:11.289000,2025-10-05T12:36:11.289000,68d133369c4bfb4942ca73e3,greg.demeulenaere@gmail.com,FALSE
Cercle druidique,druid,2,"Vous choisissez un cercle druidique : Cercle de la terre, Cercle de la lune, etc.",,passive,,none,68e2663bec30b2f6d1ea0508,2025-10-05T12:36:11.289000,2025-10-05T12:36:11.289000,68d133369c4bfb4942ca73e3,greg.demeulenaere@gmail.com,FALSE
Amélioration de caractéristique (Druide),druid,4,"Vous pouvez augmenter une valeur de caractéristique de 2, ou deux valeurs de 1. Vous ne pouvez pas augmenter une caractéristique au-delà de 20.",,passive,,none,68e2663bec30b2f6d1ea0509,2025-10-05T12:36:11.289000,2025-10-05T12:36:11.289000,68d133369c4bfb4942ca73e3,greg.demeulenaere@gmail.com,FALSE
Jeunesse éternelle,druid,18,"La magie primitive que vous maniez ralentit votre vieillissement. Pour chaque 10 années qui passent, votre corps ne vieillit que d'un an.",,passive,,none,68e2663bec30b2f6d1ea050a,2025-10-05T12:36:11.289000,2025-10-05T12:36:11.289000,68d133369c4bfb4942ca73e3,greg.demeulenaere@gmail.com,FALSE
Sorts de bête,druid,18,Vous pouvez lancer vos sorts de druide sous n'importe quelle forme obtenue grâce à Forme sauvage.,,passive,,none,68e2663bec30b2f6d1ea050b,2025-10-05T12:36:11.289000,2025-10-05T12:36:11.289000,68d133369c4bfb4942ca73e3,greg.demeulenaere@gmail.com,FALSE
Archidruide,druid,20,"Vous pouvez utiliser Forme sauvage un nombre illimité de fois. De plus, vous pouvez ignorer les composantes verbales et somatiques de vos sorts de druide.",,passive,,none,68e2663bec30b2f6d1ea050c,2025-10-05T12:36:11.289000,2025-10-05T12:36:11.289000,68d133369c4bfb4942ca73e3,greg.demeulenaere@gmail.com,FALSE
Style de combat (Guerrier),fighter,1,"Vous adoptez un style de combat comme spécialité : Archerie, Combat à deux armes, Défense, Duel, Combat à mains nues, Protection, ou Arme à deux mains.",,passive,,none,68e2663bec30b2f6d1ea050d,2025-10-05T12:36:11.289000,2025-10-05T12:36:11.289000,68d133369c4bfb4942ca73e3,greg.demeulenaere@gmail.com,FALSE
Second souffle,fighter,1,"En action bonus, vous pouvez récupérer un nombre de PV égal à 1d10 + niveau de guerrier.",,bonus_action,1,short,68e2663bec30b2f6d1ea050e,2025-10-05T12:36:11.289000,2025-10-05T12:36:11.289000,68d133369c4bfb4942ca73e3,greg.demeulenaere@gmail.com,FALSE
Fougue,fighter,2,"En action, vous pouvez effectuer une action supplémentaire immédiatement (avec restrictions). Une fois utilisée, vous devez terminer un repos court ou long pour l'utiliser à nouveau.",,action,1,short,68e2663bec30b2f6d1ea050f,2025-10-05T12:36:11.289000,2025-10-05T12:36:11.289000,68d133369c4bfb4942ca73e3,greg.demeulenaere@gmail.com,FALSE
Archétype martial,fighter,3,"Vous choisissez un archétype : Champion, Chevalier occulte, Maître de guerre, etc.",,passive,,none,68e2663bec30b2f6d1ea0510,2025-10-05T12:36:11.289000,2025-10-05T12:36:11.289000,68d133369c4bfb4942ca73e3,greg.demeulenaere@gmail.com,FALSE
Amélioration de caractéristique (Guerrier),fighter,4,"Vous pouvez augmenter une valeur de caractéristique de 2, ou deux valeurs de 1. Vous ne pouvez pas augmenter une caractéristique au-delà de 20.",,passive,,none,68e2663bec30b2f6d1ea0511,2025-10-05T12:36:11.289000,2025-10-05T12:36:11.289000,68d133369c4bfb4942ca73e3,greg.demeulenaere@gmail.com,FALSE
Attaque supplémentaire (Guerrier),fighter,5,Vous pouvez attaquer deux fois au lieu d'une lorsque vous réalisez l'action Attaquer durant votre tour.,,passive,,none,68e2663bec30b2f6d1ea0512,2025-10-05T12:36:11.289000,2025-10-05T12:36:11.289000,68d133369c4bfb4942ca73e3,greg.demeulenaere@gmail.com,FALSE
Indomptable,fighter,9,"Vous pouvez relancer un jet de sauvegarde raté. Si vous le faites, vous devez utiliser le nouveau résultat.",,reaction,1,long,68e2663bec30b2f6d1ea0513,2025-10-05T12:36:11.289000,2025-10-05T12:36:11.289000,68d133369c4bfb4942ca73e3,greg.demeulenaere@gmail.com,FALSE
Attaque supplémentaire (2),fighter,11,Vous pouvez attaquer trois fois au lieu d'une lorsque vous réalisez l'action Attaquer durant votre tour.,,passive,,none,68e2663bec30b2f6d1ea0514,2025-10-05T12:36:11.289000,2025-10-05T12:36:11.289000,68d133369c4bfb4942ca73e3,greg.demeulenaere@gmail.com,FALSE
Attaque supplémentaire (3),fighter,20,Vous pouvez attaquer quatre fois au lieu d'une lorsque vous réalisez l'action Attaquer durant votre tour.,,passive,,none,68e2663bec30b2f6d1ea0515,2025-10-05T12:36:11.289000,2025-10-05T12:36:11.289000,68d133369c4bfb4942ca73e3,greg.demeulenaere@gmail.com,FALSE
Défense sans armure (Moine),monk,1,"Tant que vous ne portez ni armure ni bouclier, votre CA est égale à 10 + modificateur de Dextérité + modificateur de Sagesse.",,passive,,none,68e2663bec30b2f6d1ea0516,2025-10-05T12:36:11.289000,2025-10-05T12:36:11.289000,68d133369c4bfb4942ca73e3,greg.demeulenaere@gmail.com,FALSE
Arts martiaux,monk,1,Vos attaques à mains nues et avec armes de moine infligent 1d4 dégâts minimum. Vous pouvez utiliser Dextérité au lieu de Force. Vous pouvez effectuer une attaque à mains nues en action bonus après une action Attaquer.,,passive,,none,68e2663bec30b2f6d1ea0517,2025-10-05T12:36:11.289000,2025-10-05T12:36:11.289000,68d133369c4bfb4942ca73e3,greg.demeulenaere@gmail.com,FALSE
Ki,monk,2,"Vous gagnez des points de ki (égal à niveau de moine) pour alimenter des capacités spéciales : Déluge de coups, Défense patiente, Déplacement aérien.",,limited_use,Niveau de moine,short,68e2663bec30b2f6d1ea0518,2025-10-05T12:36:11.289000,2025-10-05T12:36:11.289000,68d133369c4bfb4942ca73e3,greg.demeulenaere@gmail.com,FALSE
Déplacement sans armure,monk,2,Votre vitesse augmente de 3m tant que vous ne portez ni armure ni bouclier. Ce bonus augmente avec les niveaux.,,passive,,none,68e2663bec30b2f6d1ea0519,2025-10-05T12:36:11.289000,2025-10-05T12:36:11.289000,68d133369c4bfb4942ca73e3,greg.demeulenaere@gmail.com,FALSE
Tradition monastique,monk,3,"Vous choisissez une tradition : Voie de la main ouverte, Voie de l'ombre, Voie des quatre éléments, etc.",,passive,,none,68e2663bec30b2f6d1ea051a,2025-10-05T12:36:11.289000,2025-10-05T12:36:11.289000,68d133369c4bfb4942ca73e3,greg.demeulenaere@gmail.com,FALSE
Parade de projectiles,monk,3,"En réaction quand vous êtes touché par une attaque à distance, vous pouvez réduire les dégâts de 1d10 + modificateur de Dextérité + niveau de moine.",,reaction,,none,68e2663bec30b2f6d1ea051b,2025-10-05T12:36:11.289000,2025-10-05T12:36:11.289000,68d133369c4bfb4942ca73e3,greg.demeulenaere@gmail.com,FALSE
Amélioration de caractéristique (Moine),monk,4,"Vous pouvez augmenter une valeur de caractéristique de 2, ou deux valeurs de 1. Vous ne pouvez pas augmenter une caractéristique au-delà de 20.",,passive,,none,68e2663bec30b2f6d1ea051c,2025-10-05T12:36:11.289000,2025-10-05T12:36:11.289000,68d133369c4bfb4942ca73e3,greg.demeulenaere@gmail.com,FALSE
Chute ralentie,monk,4,"En réaction, vous pouvez réduire les dégâts de chute que vous subissez d'un montant égal à 5 fois votre niveau de moine.",,reaction,,none,68e2663bec30b2f6d1ea051d,2025-10-05T12:36:11.289000,2025-10-05T12:36:11.289000,68d133369c4bfb4942ca73e3,greg.demeulenaere@gmail.com,FALSE
Attaque supplémentaire (Moine),monk,5,Vous pouvez attaquer deux fois au lieu d'une lorsque vous réalisez l'action Attaquer durant votre tour.,,passive,,none,68e2663bec30b2f6d1ea051e,2025-10-05T12:36:11.289000,2025-10-05T12:36:11.289000,68d133369c4bfb4942ca73e3,greg.demeulenaere@gmail.com,FALSE
Frappe étourdissante,monk,5,"Après avoir touché une créature avec une attaque de mêlée, vous pouvez dépenser 1 point de ki pour tenter de l'étourdir. La cible doit réussir un JdS de Constitution ou être étourdie jusqu'à la fin de votre prochain tour.",,limited_use,Coûte 1 ki,short,68e2663bec30b2f6d1ea051f,2025-10-05T12:36:11.289000,2025-10-05T12:36:11.289000,68d133369c4bfb4942ca73e3,greg.demeulenaere@gmail.com,FALSE
Frappe de ki,monk,6,Vos attaques à mains nues comptent comme magiques pour surmonter les résistances et immunités.,,passive,,none,68e2663bec30b2f6d1ea0520,2025-10-05T12:36:11.289000,2025-10-05T12:36:11.289000,68d133369c4bfb4942ca73e3,greg.demeulenaere@gmail.com,FALSE
Esquive totale,monk,7,"Quand vous êtes soumis à un effet qui permet un JdS de Dextérité pour ne subir que la moitié des dégâts, vous ne subissez aucun dégât en cas de réussite, et seulement la moitié en cas d'échec.",,passive,,none,68e2663bec30b2f6d1ea0521,2025-10-05T12:36:11.289000,2025-10-05T12:36:11.289000,68d133369c4bfb4942ca73e3,greg.demeulenaere@gmail.com,FALSE
Sérénité,monk,7,"À la fin d'un repos long, vous gagnez l'effet du sort Sanctuaire qui dure jusqu'au début de votre prochain repos long (DD = 8 + modificateur de Sagesse + bonus de maîtrise).",,passive,,long,68e2663bec30b2f6d1ea0522,2025-10-05T12:36:11.289000,2025-10-05T12:36:11.289000,68d133369c4bfb4942ca73e3,greg.demeulenaere@gmail.com,FALSE
Esprit vide,monk,18,"En action, vous pouvez dépenser 4 points de ki pour lancer Invisibilité sur vous-même.",,action,Coûte 4 ki,short,68e2663bec30b2f6d1ea0523,2025-10-05T12:36:11.289000,2025-10-05T12:36:11.289000,68d133369c4bfb4942ca73e3,greg.demeulenaere@gmail.com,FALSE
Corps parfait,monk,20,"Lorsque vous lancez l'initiative et qu'il ne vous reste aucun point de ki, vous récupérez 4 points de ki.",,passive,,none,68e2663bec30b2f6d1ea0524,2025-10-05T12:36:11.289000,2025-10-05T12:36:11.289000,68d133369c4bfb4942ca73e3,greg.demeulenaere@gmail.com,FALSE
Sens divin,paladin,1,"En action, vous détectez l'emplacement de célestes, fiélons ou morts-vivants dans un rayon de 18m qui ne sont pas derrière une couverture totale.",,action,1 + modificateur de Charisme,long,68e2663bec30b2f6d1ea0525,2025-10-05T12:36:11.289000,2025-10-05T12:36:11.289000,68d133369c4bfb4942ca73e3,greg.demeulenaere@gmail.com,FALSE
Imposition des mains,paladin,1,"En action, vous touchez une créature pour lui rendre un nombre de PV égal à 5 fois votre niveau de paladin (réserve qui se recharge après repos long). Vous pouvez aussi dépenser 5 PV de cette réserve pour soigner une maladie ou poison.",,action,5 × niveau,long,68e2663bec30b2f6d1ea0526,2025-10-05T12:36:11.289000,2025-10-05T12:36:11.289000,68d133369c4bfb4942ca73e3,greg.demeulenaere@gmail.com,FALSE
Style de combat (Paladin),paladin,2,"Vous adoptez un style de combat comme spécialité : Défense, Duel, Combat à deux armes, ou Protection.",,passive,,none,68e2663bec30b2f6d1ea0527,2025-10-05T12:36:11.289000,2025-10-05T12:36:11.289000,68d133369c4bfb4942ca73e3,greg.demeulenaere@gmail.com,FALSE
Incantation (Paladin),paladin,2,Vous pouvez lancer des sorts de paladin. Vous préparez un nombre de sorts égal à la moitié de votre niveau de paladin + modificateur de Charisme (minimum 1).,,spell,,none,68e2663bec30b2f6d1ea0528,2025-10-05T12:36:11.289000,2025-10-05T12:36:11.289000,68d133369c4bfb4942ca73e3,greg.demeulenaere@gmail.com,FALSE
Châtiment divin,paladin,2,"Lorsque vous touchez une créature avec une attaque de mêlée, vous pouvez dépenser un emplacement de sort pour infliger 2d8 dégâts radiants supplémentaires (+1d8 par niveau de sort au-delà du 1er).",,limited_use,Emplacements de sort,long,68e2663bec30b2f6d1ea0529,2025-10-05T12:36:11.289000,2025-10-05T12:36:11.289000,68d133369c4bfb4942ca73e3,greg.demeulenaere@gmail.com,FALSE
Santé divine,paladin,3,Vous êtes immunisé aux maladies grâce à la magie divine qui vous traverse.,,passive,,none,68e2663bec30b2f6d1ea052a,2025-10-05T12:36:11.289000,2025-10-05T12:36:11.289000,68d133369c4bfb4942ca73e3,greg.demeulenaere@gmail.com,FALSE
Serment sacré,paladin,3,"Vous prêtez serment qui vous lie à la cause de la justice : Serment de dévotion, Serment des anciens, Serment de vengeance, etc.",,passive,,none,68e2663bec30b2f6d1ea052b,2025-10-05T12:36:11.289000,2025-10-05T12:36:11.289000,68d133369c4bfb4942ca73e3,greg.demeulenaere@gmail.com,FALSE
Amélioration de caractéristique (Paladin),paladin,4,"Vous pouvez augmenter une valeur de caractéristique de 2, ou deux valeurs de 1. Vous ne pouvez pas augmenter une caractéristique au-delà de 20.",,passive,,none,68e2663bec30b2f6d1ea052c,2025-10-05T12:36:11.289000,2025-10-05T12:36:11.289000,68d133369c4bfb4942ca73e3,greg.demeulenaere@gmail.com,FALSE
Attaque supplémentaire (Paladin),paladin,5,Vous pouvez attaquer deux fois au lieu d'une lorsque vous réalisez l'action Attaquer durant votre tour.,,passive,,none,68e2663bec30b2f6d1ea052d,2025-10-05T12:36:11.289000,2025-10-05T12:36:11.289000,68d133369c4bfb4942ca73e3,greg.demeulenaere@gmail.com,FALSE
Aura de protection,paladin,6,Vous et les créatures amicales dans un rayon de 3m gagnent un bonus aux jets de sauvegarde égal à votre modificateur de Charisme (minimum +1).,,passive,,none,68e2663bec30b2f6d1ea052e,2025-10-05T12:36:11.289000,2025-10-05T12:36:11.289000,68d133369c4bfb4942ca73e3,greg.demeulenaere@gmail.com,FALSE
Aura de courage,paladin,10,Vous et les créatures amicales dans un rayon de 3m ne pouvez pas être effrayés tant que vous êtes conscient.,,passive,,none,68e2663bec30b2f6d1ea052f,2025-10-05T12:36:11.289000,2025-10-05T12:36:11.289000,68d133369c4bfb4942ca73e3,greg.demeulenaere@gmail.com,FALSE
Châtiment divin amélioré,paladin,11,Toutes vos attaques de mêlée infligent 1d8 dégâts radiants supplémentaires.,,passive,,none,68e2663bec30b2f6d1ea0530,2025-10-05T12:36:11.289000,2025-10-05T12:36:11.289000,68d133369c4bfb4942ca73e3,greg.demeulenaere@gmail.com,FALSE
Ennemi juré,ranger,1,Vous choisissez un type de créature comme ennemi juré. Vous avez l'avantage aux jets de Sagesse (Survie) pour les pister et aux jets d'Intelligence pour vous rappeler d'informations les concernant.,,passive,,none,68e2663bec30b2f6d1ea0531,2025-10-05T12:36:11.289000,2025-10-05T12:36:11.289000,68d133369c4bfb4942ca73e3,greg.demeulenaere@gmail.com,FALSE
Rage,barbarian,1,"En action bonus, vous pouvez entrer en rage pour 1 minute. En rage, vous gagnez : avantage aux jets de Force et JdS de Force, bonus aux dégâts de mêlée (+2 au niveau 1), résistance aux dégâts contondants, perforants et tranchants.",,limited_use,2,long,68e2663bec30b2f6d1ea04e6,2025-10-05T12:36:11.288000,2025-10-05T12:36:11.288000,68d133369c4bfb4942ca73e3,greg.demeulenaere@gmail.com,FALSE
Défense sans armure,barbarian,1,"Tant que vous ne portez pas d'armure, votre CA est égale à 10 + modificateur de Dextérité + modificateur de Constitution. Vous pouvez utiliser un bouclier.",,passive,,none,68e2663bec30b2f6d1ea04e7,2025-10-05T12:36:11.288000,2025-10-05T12:36:11.288000,68d133369c4bfb4942ca73e3,greg.demeulenaere@gmail.com,FALSE