continent_id,name,description,image_url,government_type,ruler,population,capital,language,currency,military,economy,culture,history,relations,notes,id,created_date,updated_date,created_by_id,created_by,is_sample
690f895f7ca28b3902733216,Principautés de Syl'morah,Les Principautés de Syl'morah sont une confédération de cités-états humaines et Syl'variennes dans les forêts cristallines du nord. Alliance entre humains et elfes cristallins basée sur le respect mutuel et la magie.,,oligarchy,"Conseil des Douze Princes (6 humains, 6 Syl'variens)","15 millions (40% Syl'variens, 35% humains, 25% autres)",Lys'sylvaar,Véh'ran des Forêts (Syl'vehn) et Syl'varien,Le Cristal Lys (gemme),,"Magie cristalline, alchimie, soins, artisanat magique","Harmonie avec la nature cristalline, magie blanche, arts et musique",Alliance formée il y a 1200 ans entre colons Véh'ranii et Syl'variens.,,,690f895f7ca28b390273321c,2025-11-08T18:18:07.991000,2025-11-08T18:18:45.936000,68d133369c4bfb4942ca73e3,greg.demeulenaere@gmail.com,FALSE
690f895f7ca28b3902733216,Marches de Vor'kharad,"Les Marches de Vor'kharad sont des territoires montagneux gouvernés par les clans Vor'kanii avec une forte présence humaine. Terres de guerriers et de mineurs, c'est une société féodale basée sur l'honneur.",,tribal,Grand Jarl Thurn Vhor'kar,"20 millions (50% Vor'kanii, 30% humains, 20% nains)",Vhor'dunheim,Véh'ran Nordique (Vhor'vehn) et Vor'kan,L'Acier du Nord (lingot),,"Extraction minière, forge, guerre, mercenariat","Culture guerrière basée sur l'honneur, les duels, et les sagas. Grande tradition de forge.",Territoire des Vor'kanii depuis toujours. Alliance avec les humains du Nord il y a 1500 ans.,,,690f895f7ca28b390273321d,2025-11-08T18:18:07.991000,2025-11-08T18:18:44.248000,68d133369c4bfb4942ca73e3,greg.demeulenaere@gmail.com,FALSE
690f895f7ca28b3902733216,République marchande de Rav'kymora,La République marchande de Rav'kymora est une thalassocratie fondée par les Rav'kyrii avec une importante population humaine. Contrôle le commerce maritime entre Vehr'amora et Thal'kyros.,,oligarchy,Conseil des Marchands-Princes,"12 millions (45% humains, 40% Rav'kyrii, 15% autres)",Kyl'ravaar,Véh'ran (standard) et Rav'kyr,Le Ducat d'Or,,"Commerce maritime, banque, assurance, construction navale","Culture marchande cosmopolite, liberté d'entreprise, égalité des chances",Fondée il y a 600 ans par des marchands humains et Rav'kyrii.,,,690f895f7ca28b390273321e,2025-11-08T18:18:07.991000,2025-11-08T18:18:42.675000,68d133369c4bfb4942ca73e3,greg.demeulenaere@gmail.com,FALSE
690f895f7ca28b3902733217,Empire Thal'morien,L'Empire Thal'morien est une puissante thalassocratie sous-marine gouvernée par les Thal'moriens. Contrôle les profondeurs océaniques et maintient des relations limitées avec les races terrestres.,,empire,Empereur-Marée Kor'thalas VII,"80 millions (90% Thal'moriens, 10% autres races aquatiques)",Thal'myr (cité sous-marine),Thal'moris,La Perle Noire,,"Pêche, alchimie marine, magie aquatique, trésors abÿssaux","Culture mystérieuse et ancienne, gardiens de secrets abÿssaux, méfiance envers les terriens",Empire multi-millénaire qui précède l'arrivée des races terrestres.,,,690f895f7ca28b390273321f,2025-11-08T18:18:07.991000,2025-11-08T18:18:40.530000,68d133369c4bfb4942ca73e3,greg.demeulenaere@gmail.com,FALSE
690f895f7ca28b3902733217,Confédération des Îles Lys'thalanes,"La Confédération des Îles Lys'thalanes est une alliance d'îles tropicales habitées par des humains, Thal'moriens de surface, et Lys'endar. Paradis tropical et centre culturel.",,democracy,Élu tous les 10 ans,"25 millions (50% humains, 30% Thal'moriens, 20% Lys'endar)",Lys'mara,Véh'ran Côtier (Thal'vehn),Le Coquillage d'Argent,,"Tourisme, agriculture tropicale, perles, commerce maritime","Culture festive et artistique, célébration des arts, musique et danse",Fondée il y a 1000 ans par des marins Véh'ranii et des Thal'moriens pacifiques.,,,690f895f7ca28b3902733220,2025-11-08T18:18:07.991000,2025-11-08T18:18:38.911000,68d133369c4bfb4942ca73e3,greg.demeulenaere@gmail.com,FALSE
690f895f7ca28b3902733218,Sultanat de Khar'azad,"Le Sultanat de Khar'azad est le plus grand royaume du désert, gouverné par les Khar'dumii mais avec une forte minorité humaine. Centre du commerce caravanier transcontinental.",,monarchy,Sultan Zar'khan III le Doré,"35 millions (60% Khar'dumii, 25% humains, 15% autres)",Azad'khar (Oasis de Feu),Khar'dum et Véh'ran du Désert (Khar'vehn),Le Dinar de Verre,,"Caravanes, extraction de cristaux, verre magique, esclavage (aboli récemment)","Culture de l'honneur et des serments, hospitalité sacrée, importance des traditions orales",Fondé il y a 2500 ans par les Khar'dumii après leur exode.,,,690f895f7ca28b3902733221,2025-11-08T18:18:07.991000,2025-11-08T18:18:37.450000,68d133369c4bfb4942ca73e3,greg.demeulenaere@gmail.com,FALSE
690f895f7ca28b3902733218,Cités Libres du Verre,"Les Cités Libres du Verre sont une alliance de cités-états humaines indépendantes dans le désert. Refuges de libéraux, d'artistes et d'inventeurs.",,democracy,Chaque cité est autonome,"10 millions (70% humains, 30% autres)",Vehr'azud (la plus grande),Véh'ran du Désert (Khar'vehn),Variable selon les cités,,"Innovation, artisanat du verre, alchimie, mercenariat","Culture de liberté individuelle, innovation technologique et magique",Fondées il y a 800 ans par des dissidents du Sultanat.,,,690f895f7ca28b3902733222,2025-11-08T18:18:07.991000,2025-11-08T18:18:35.429000,68d133369c4bfb4942ca73e3,greg.demeulenaere@gmail.com,FALSE
690f895f7ca28b3902733219,Domaine Aérien de Zeph'ynaar,Le Domaine Aérien de Zeph'ynaar est un royaume de cités flottantes gouverné par les Zeph'yniens. Peu d'humains y vivent en permanence mais beaucoup viennent en pèlerinage.,,oligarchy,Conseil des Vents (7 Maîtres du Ciel),"40 millions (80% Zeph'yniens, 10% humains, 10% autres)",Zeph'alta (Cité des Nuages),Zeph'yn,Le Souffle d'Air (amulette),,"Magie aérienne, navigation céleste, élevage de créatures volantes","Culture de liberté et d'exploration, philosophie du vent, arts aériens",Fondé sur les îles flottantes après le Grand Cataclysme.,,,690f895f7ca28b3902733223,2025-11-08T18:18:07.991000,2025-11-08T18:18:33.440000,68d133369c4bfb4942ca73e3,greg.demeulenaere@gmail.com,FALSE
690f895f7ca28b390273321a,Royaume Obscur de Nyr'mor,"Le Royaume Obscur de Nyr'mor est un vaste réseau de cavernes gouverné par les Nyr'thalan. Très peu d'humains y vivent, considéré comme mystérieux et dangereux.",,monarchy,Roi des Ombres Vyr'neth,"70 millions (85% Nyr'thalan, 10% autres races souterraines, 5% humains)",Nyr'thul (Cité d'Obsidienne),Nyr'thal,Le Cristal Noir,,"Extraction de gemmes, champignons rares, assassinat, espionnage","Culture du secret et de l'information, societé nocturne, méfiance envers les étrangers",Fondé il y a 4000 ans après l'exode des Nyr'thalan dans les profondeurs.,,,690f895f7ca28b3902733224,2025-11-08T18:18:07.991000,2025-11-08T18:18:31.788000,68d133369c4bfb4942ca73e3,greg.demeulenaere@gmail.com,FALSE
690f895f7ca28b3902733216,Royaume de Vehr'athar,"Le Royaume de Vehr'athar est le plus puissant royaume humain de Vehr'amora. Fondé sur les ruines de l'ancien Empire Véh'ran, c'est un état commercial et diplomatique prospère. La capitale, Ath'vehran (""Pierre du Grand Chemin""), est la plus grande cité d'Ahr'n.",,monarchy,Reine Lys'ara III Vehr'athar,"50 millions (60% humains, 40% autres races)",Ath'vehran,Véh'ran (standard),La Vehr'ana (pièce d'argent),,"Commerce, agriculture, artisanat, magie cristalline","Culture cosmopolite, tolérante, accent sur le commerce et la diplomatie. Nombreux festivals célébrant les migrations anciennes.",Fondé il y a 800 ans après l'éclatement de l'Empire Véh'ran. A maintenu la paix grâce à la diplomatie.,,,690f895f7ca28b390273321b,2025-11-08T18:18:07.990000,2025-11-08T18:18:47.947000,68d133369c4bfb4942ca73e3,greg.demeulenaere@gmail.com,FALSE
68e1393cddc48f179ea68058,Qualinesti,"Qualinesti est le royaume des elfes sylvestres, fondé après que des dissidents aient quitté Silvanesti pour créer une société elfique plus ouverte et accueillante. Situé dans de magnifiques forêts à l'ouest d'Ansalon, Qualinesti est un havre de beauté naturelle où l'architecture elfique se fond harmonieusement avec les arbres anciens. Contrairement aux Silvanesti plus isolationnistes, les Qualinesti maintiennent des relations cordiales avec les autres races, particulièrement Solamnia.",https://base44.app/api/apps/68d133369c4bfb4942ca73e2/files/public/68d133369c4bfb4942ca73e2/5371e8e34_Qualinesti.png,Monarchie elfique (Locuteur du Soleil),,Environ 300 000 elfes,Qualinost,,,,,,,,,68e13a04dfb8072ecadb50eb,2025-10-04T15:15:16.085000,2025-11-12T17:24:50.379000,68d133369c4bfb4942ca73e3,greg.demeulenaere@gmail.com,FALSE
68e1393cddc48f179ea68058,Thorbardin,"Thorbardin est la plus grande cité souterraine des nains d'Ansalon, creusée dans les profondeurs des Montagnes Kharolis. Cette forteresse-cité est pratiquement imprenable, protégée par d'innombrables défenses et accessible seulement par quelques passages secrets. Thorbardin abrite plusieurs clans nains qui coexistent dans une alliance parfois tendue. La cité a survécu au Cataclysme presque intacte, mais les nains ont fermé leurs portes au monde extérieur pendant des siècles, refusant d'aider les réfugiés. Les nains de Thorbardin sont des forgerons et artisans légendaires.",https://base44.app/api/apps/68d133369c4bfb4942ca73e2/files/public/68d133369c4bfb4942ca73e2/1ccb162b7_Thorbardin.png,Conseil des Thanes (six clans),,Environ 500 000 nains,Thorbardin (cité souterraine),,,,,,,,,68e13a04dfb8072ecadb50ed,2025-10-04T15:15:16.085000,2025-11-12T20:00:29.601000,68d133369c4bfb4942ca73e3,greg.demeulenaere@gmail.com,FALSE
68e1393cddc48f179ea68058,Goodlund,"Goodlund est une péninsule au sud-est d'Ansalon, terre fertile et prospère connue pour son agriculture. La région a longtemps été relativement paisible, à l'écart des grands conflits. Les habitants de Goodlund sont principalement des fermiers et des marchands, vivant dans de petites communautés rurales. La péninsule a cependant été envahie durant la Guerre des Lances et a subi l'occupation draconienne.",https://base44.app/api/apps/68d133369c4bfb4942ca73e2/files/public/68d133369c4bfb4942ca73e2/decfe490d_Goodlund.png,Seigneuries locales,,Environ 150 000,Aucune capitale unique,,,,,,,,,68e13a04dfb8072ecadb50f2,2025-10-04T15:15:16.085000,2025-11-12T17:30:01.718000,68d133369c4bfb4942ca73e3,greg.demeulenaere@gmail.com,FALSE
68e1393cddc48f179ea68058,Silvanesti,"Silvanesti est le plus ancien royaume elfique d'Ansalon, fondé il y a des millénaires. C'est une terre de beauté inégalée et de tradition rigide, où les hauts elfes ont perfectionné leur art et leur magie pendant des générations. Les Silvanesti sont fiers de leur héritage et maintiennent une stricte hiérarchie sociale basée sur les maisons nobles. Les Silvanesti sont très isolationnistes et regardent les autres races avec condescendance. Durant la Guerre des Lances, le Locuteur Lorac Caladon usa d'un orbe de dragon qui créa le Cauchemar de Silvanesti.",https://base44.app/api/apps/68d133369c4bfb4942ca73e2/files/public/68d133369c4bfb4942ca73e2/49466a877_Silvanesti.png,Monarchie elfique (Locuteur des Étoiles),,Environ 250 000 elfes,Silvanost,,,,,,,,,68e13a04dfb8072ecadb50ec,2025-10-04T15:15:16.085000,2025-11-12T20:09:19.565000,68d133369c4bfb4942ca73e3,greg.demeulenaere@gmail.com,FALSE
68e1393cddc48f179ea68058,Abanasinia,"Abanasinia est une région de forêts et de plaines au pied des Montagnes Kharolis, zone frontalière entre la civilisation et la nature sauvage. Après le Cataclysme, elle est devenue une terre de refuge pour diverses populations déplacées. La région abrite des tribus barbares comme les Que-Shu, des villages de fermiers, et la cité de Haven. C'est à Solace, un village construit dans les arbres, que les Héros de la Lance se sont rencontrés pour la première fois à l'Auberge du Dernier Refuge.",https://base44.app/api/apps/68d133369c4bfb4942ca73e2/files/public/68d133369c4bfb4942ca73e2/29fb61828_Abanasinia.png,Villages autonomes et tribus,,"Environ 100 000, mélange de races",Haven (principale cité),,,,,,,,,68e13a04dfb8072ecadb50ee,2025-10-04T15:15:16.085000,2025-11-12T20:29:53.585000,68d133369c4bfb4942ca73e3,greg.demeulenaere@gmail.com,FALSE
68e1393cddc48f179ea68058,Plaines de Poussière,"Les Plaines de Poussière sont un vaste désert aride au sud d'Ansalon, créé en partie par le Cataclysme. Ces terres autrefois fertiles sont maintenant habitées par des tribus barbares nomades qui errent à travers les dunes. Les tribus incluent les fiers guerriers des clans comme les Que-Teh et autres peuples du désert. La région est dangereuse, avec des tempêtes de sable, des créatures du désert, et les ruines de civilisations anciennes enfouies sous le sable.",https://base44.app/api/apps/68d133369c4bfb4942ca73e2/files/public/68d133369c4bfb4942ca73e2/34ea7bdf3_PlainesdePoussire.png,Tribus nomades,,"Environ 200 000, principalement humains barbares",Aucune (nomades),,,,,,,,,68e13a04dfb8072ecadb50f1,2025-10-04T15:15:16.085000,2025-11-12T18:58:45.157000,68d133369c4bfb4942ca73e3,greg.demeulenaere@gmail.com,FALSE
68e1393cddc48f179ea68058,Solamnia,"Solamnia est le plus grand et le plus puissant royaume humain d'Ansalon, patrie des légendaires Chevaliers de Solamnia. Fondé sur les principes de l'honneur, du courage et de la justice, Solamnia a longtemps été le bastion du Bien contre les forces des Ténèbres. Le royaume est divisé en plusieurs provinces, chacune gouvernée par un seigneur chevalier. Les Chevaliers sont organisés en trois ordres : la Couronne (loyauté), l'Épée (courage) et la Rose (sagesse et honneur). La capitale, Palanthas, est la plus grande cité d'Ansalon.",https://base44.app/api/apps/68d133369c4bfb4942ca73e2/files/public/68d133369c4bfb4942ca73e2/4397435a8_Solmanie.png,Monarchie chevaleresque,,"Environ 2 millions, majoritairement humains",Palanthas,,,,,,,,,68e13a04dfb8072ecadb50ea,2025-10-04T15:15:16.085000,2025-11-12T18:59:36.509000,68d133369c4bfb4942ca73e3,greg.demeulenaere@gmail.com,FALSE
68e1393cddc48f179ea68058,Khur,"Khur est une région désertique et de steppes au nord-est d'Ansalon, habitée principalement par des tribus nomades humaines. Les Khurs sont des guerriers fiers et des éleveurs de chevaux réputés. La région est pauvre en ressources mais riche en tradition et en honneur tribal. Les clans khurs se disputent souvent entre eux mais s'unissent face aux menaces extérieures.",https://base44.app/api/apps/68d133369c4bfb4942ca73e2/files/public/68d133369c4bfb4942ca73e2/28b666408_Khur.png,Tribus nomades et semi-nomades,,Environ 300 000,Khuri-Khan (principale cité),,,,,,,,,68e13a04dfb8072ecadb50f3,2025-10-04T15:15:16.085000,2025-11-12T18:11:37.929000,68d133369c4bfb4942ca73e3,greg.demeulenaere@gmail.com,FALSE
68e1393cddc48f179ea68058,Nordmaar,"Nordmaar est une région de steppes et de plaines au nord-est d'Ansalon, bordant l'océan. La région est habitée par des tribus barbares et des colons. Nordmaar a longtemps été une zone frontière sauvage, loin des centres de civilisation. La région possède quelques ports importants pour le commerce maritime.",https://base44.app/api/apps/68d133369c4bfb4942ca73e2/files/public/68d133369c4bfb4942ca73e2/18c733834_Nordmaar.png,Tribus et cités portuaires indépendantes,,Environ 250 000,Aucune,,,,,,,,,68e13a04dfb8072ecadb50f4,2025-10-04T15:15:16.085000,2025-11-12T19:02:53.259000,68d133369c4bfb4942ca73e3,greg.demeulenaere@gmail.com,FALSE
68e1393cddc48f179ea68058,Icereach,"Icereach, les Terres de Glace, sont situées à l'extrême sud d'Ansalon. C'est une région glaciale et inhospitalière, couverte de neige et de glace éternelles. La région est habitée par des tribus barbares résistantes au froid, des thanoi (hommes-morses), et diverses créatures glaciales. Les Terres de Glace sont largement inexplorées et pleines de dangers, mais aussi de mystères anciens enfouis sous la glace.",https://base44.app/api/apps/68d133369c4bfb4942ca73e2/files/public/68d133369c4bfb4942ca73e2/91c77f7d2_Icereach.png,Tribus barbares,,Environ 50 000,Aucune,,,,,,,,,68e13a04dfb8072ecadb50f7,2025-10-04T15:15:16.085000,2025-11-12T17:58:36.687000,68d133369c4bfb4942ca73e3,greg.demeulenaere@gmail.com,FALSE
68e1393cddc48f179ea68058,Ergoth,"Ergoth fut autrefois le plus grand empire d'Ansalon, dominant le continent pendant des siècles. Après de nombreuses guerres et le Cataclysme, l'empire s'est divisé en Ergoth du Nord et Ergoth du Sud. Ergoth du Nord reste une nation prospère avec des traditions impériales, tandis qu'Ergoth du Sud est plus sauvage et moins organisé. Les deux nations gardent une certaine fierté de leur passé glorieux mais sont bien affaiblies comparées à l'ancien empire.",https://base44.app/api/apps/68d133369c4bfb4942ca73e2/files/public/68d133369c4bfb4942ca73e2/07765c7f9_Ergoth.png,Deux royaumes séparés,,"Nord: 800 000, Sud: 400 000","Gwynned (Nord), Daltigoth (Sud)",,,,,,,,,68e13a04dfb8072ecadb50ef,2025-10-04T15:15:16.085000,2025-11-12T19:06:13.931000,68d133369c4bfb4942ca73e3,greg.demeulenaere@gmail.com,FALSE
68e1393cddc48f179ea68058,Tarsis,"Tarsis était autrefois l'un des plus grands ports d'Ansalon, une cité commerciale prospère. Le Cataclysme a fait reculer la mer de plus de 100 kilomètres, laissant Tarsis échouée au milieu des Plaines de Poussière. La cité déchue conserve ses bâtiments portuaires désormais inutiles et ses vieux navires échoués dans le sable. Malgré son déclin, Tarsis reste habitée et sert de point de commerce pour les caravanes du désert.",https://base44.app/api/apps/68d133369c4bfb4942ca73e2/files/public/68d133369c4bfb4942ca73e2/74a277b98_Tarsis.png,Seigneur de la Cité,,Environ 30 000,Tarsis,,,,,,,,,68e13a04dfb8072ecadb50f6,2025-10-04T15:15:16.085000,2025-11-12T17:45:22.914000,68d133369c4bfb4942ca73e3,greg.demeulenaere@gmail.com,FALSE
68e1393cddc48f179ea68058,Balifor,"Balifor est une région côtière au sud-est d'Ansalon, connue pour ses ports et son commerce maritime. La région est un mélange de cultures, avec des influences kenders, humaines et autres races. Port Balifor est un centre commercial important. La région a une réputation de lieu où règne une certaine anarchie joyeuse, particulièrement à cause de l'influence kender.",https://base44.app/api/apps/68d133369c4bfb4942ca73e2/files/public/68d133369c4bfb4942ca73e2/ddc02d605_Balifor.png,Cités-états portuaires,,Environ 200 000,Port Balifor,,,,,,,,,68e13a04dfb8072ecadb50f5,2025-10-04T15:15:16.085000,2025-11-12T17:40:07.457000,68d133369c4bfb4942ca73e3,greg.demeulenaere@gmail.com,FALSE
68e1393cddc48f179ea68058,Kendermore,"Kendermore est la patrie des kenders, ces petits humanoïdes curieux, insouciants et involontairement kleptomanes. La 'nation' kender est très peu organisée, sans vraie structure gouvernementale. Les kenders vivent au jour le jour, suivant leur curiosité où qu'elle les mène. Kendermore est un lieu chaotique mais joyeux, plein de couleurs et d'activité constante. Les kenders sont célèbres (ou infâmes) pour leur 'emprunt' d'objets et leur capacité à se retrouver dans les situations les plus dangereuses sans sembler s'en soucier.",https://base44.app/api/apps/68d133369c4bfb4942ca73e2/files/public/68d133369c4bfb4942ca73e2/fa04b5a14_Kendermore.png,Aucun (anarchie bienveillante),,Environ 150 000 kenders,Kendermore (ville principale),,,,,,,,,68e13a04dfb8072ecadb50f0,2025-10-04T15:15:16.085000,2025-11-12T20:18:02.828000,68d133369c4bfb4942ca73e3,greg.demeulenaere@gmail.com,FALSE
68e1393cddc48f179ea68058,Neraka,"Neraka, également connue sous le nom de Taman Busuk (les Marais Putrides), est une région maudite au nord-est d'Ansalon. C'est là que se trouvait le Temple de la Reine des Ténèbres durant la Guerre des Lances, servant de quartier général aux forces du Mal. La région est sombre, corrompue, et hantée par les vestiges de la guerre. Même après la défaite de Takhisis, Neraka reste un lieu de pouvoir pour les forces maléfiques.",https://base44.app/api/apps/68d133369c4bfb4942ca73e2/files/public/68d133369c4bfb4942ca73e2/0321ce504_Neraka.png,"Ancien: Empire Draconien, Actuel: Ruines et factions",,"Variable, principalement créatures maléfiques",Neraka (ruines du Temple),,,,,,,,,68e13a04dfb8072ecadb50f8,2025-10-04T15:15:16.085000,2025-11-12T20:25:21.371000,68d133369c4bfb4942ca73e3,greg.demeulenaere@gmail.com,FALSE
68e0d8414d3d2f7724deb9d2,Nimbral,Une nation insulaire mystérieuse connue pour ses chevaux volants légendaires et ses chevaliers montés. Nimbral maintient une neutralité stricte dans les conflits de Faerûn et garde jalousement ses secrets.,,monarchy,Seigneurs de Nimbral,80 000 habitants,Nimbral (la cité),Nimbrali,Étoile de platine,,,,,,,68e1324c47431be235abd356,2025-10-04T14:42:20.121000,2025-10-04T14:42:20.121000,68d133369c4bfb4942ca73e3,greg.demeulenaere@gmail.com,FALSE
68e0d8414d3d2f7724deb9d2,Luruar (Ligue d'Argent),"Une confédération de cités et de communautés du Nord unies pour la défense mutuelle et la prospérité. La Ligue d'Argent représente l'espoir de civilisation dans les terres sauvages, avec Silverymoon comme cité principale.",,democracy,Conseil de la Ligue,1 200 000 habitants,Silverymoon (siège),"Commun, diverses langues",Diverses monnaies,,,,,,,68e1324c47431be235abd349,2025-10-04T14:42:20.121000,2025-10-04T14:42:20.121000,68d133369c4bfb4942ca73e3,greg.demeulenaere@gmail.com,FALSE
68e0d8414d3d2f7724deb9d2,La Côte du Dragon,"Une région sauvage le long de la mer, la Côte du Dragon est connue pour ses pirates, ses dragons et ses ruines anciennes. C'est une terre de danger et d'opportunité pour les aventuriers courageux.",,anarchy,Seigneurs pirates locaux,150 000 habitants,Aucune (multiple ports),"Commun, Illuskan","Diverses monnaies, pillage",,,,,,,68e1324c47431be235abd355,2025-10-04T14:42:20.121000,2025-10-04T14:42:20.121000,68d133369c4bfb4942ca73e3,greg.demeulenaere@gmail.com,FALSE
68e0d8414d3d2f7724deb9d2,Var la Dorée,"Une théocratie mystérieuse et isolée, Var la Dorée est gouvernée par des prêtres du dieu Adama. Le pays est connu pour ses mines d'or, ses guerriers disciplinés et son secret jalousement gardé concernant leur foi.",,theocracy,Grand Prêtre d'Adama,400 000 habitants,Vaelen,Var,Or pur,,,,,,,68e1324c47431be235abd351,2025-10-04T14:42:20.121000,2025-10-04T14:42:20.121000,68d133369c4bfb4942ca73e3,greg.demeulenaere@gmail.com,FALSE
68e0d8414d3d2f7724deb9d2,Dambrath,"Une nation dirigée par des seigneurs de guerre nomades et des prêtresses-reines. Dambrath est connue pour ses cavaliers experts, sa culture matriarcale et son culte de la déesse Loviatar.",,tribal,Reine Hasafir Reinhar,500 000 habitants,Cathyr,Dambrathan,Commerce de troc principalement,,,,,,,68e1324c47431be235abd347,2025-10-04T14:42:20.121000,2025-10-04T14:42:20.121000,68d133369c4bfb4942ca73e3,greg.demeulenaere@gmail.com,FALSE
68e0d8414d3d2f7724deb9d2,Chult,"Une jungle dense et dangereuse au sud de Faerûn, Chult est une terre de dinosaures, de tribus primitives, de ruines perdues et de maladies mortelles. Port Nyanzaru est le principal avant-poste de civilisation dans cette région sauvage.",,tribal,Princes Marchands de Port Nyanzaru,300 000 habitants,Port Nyanzaru,Chultan,Pièces de jade,,,,,,,68e1324c47431be235abd34b,2025-10-04T14:42:20.121000,2025-10-04T14:42:20.121000,68d133369c4bfb4942ca73e3,greg.demeulenaere@gmail.com,FALSE
68e0d8414d3d2f7724deb9d2,Tethyr,"Un grand royaume méridional récemment stabilisé après des décennies de guerre civile. Tethyr possède une riche histoire, de vastes forêts et des ruines anciennes cachant d'innombrables secrets et trésors.",,monarchy,Roi Errilam Tethyr,2 800 000 habitants,Darromar,"Commun, Tethyrien",Rubis royal,,,,,,,68e1324c47431be235abd346,2025-10-04T14:42:20.121000,2025-10-04T14:42:20.121000,68d133369c4bfb4942ca73e3,greg.demeulenaere@gmail.com,FALSE
68e0d8414d3d2f7724deb9d2,Silverymoon,"La Gemme du Nord, Silverymoon est une cité brillante de culture, de magie et d'art. Dirigée par la légendaire Alustriel Silverhand, l'une des Sept Sœurs, c'est un phare de civilisation dans les terres sauvages du Nord.",,monarchy,Haute-Dame Alustriel Silverhand,400 000 habitants,Silverymoon,"Commun, Elfique, Nain",Lune d'électrum,,,,,,,68e1324c47431be235abd348,2025-10-04T14:42:20.121000,2025-10-04T14:42:20.121000,68d133369c4bfb4942ca73e3,greg.demeulenaere@gmail.com,FALSE
68e0d8414d3d2f7724deb9d2,Anauroch,"Le Grand Désert, Anauroch est un vaste désert de sable et de poussière qui recouvre d'anciennes cités englouties. Habité par des tribus nomades, des créatures du désert et des ruines de l'empire Néthéril, c'est une terre de mystères et de dangers.",,tribal,Diverses tribus nomades Bedine,200 000 habitants,Aucune (nomades),"Bedine, Néthérisse ancien",Commerce de troc,,,,,,,68e1324c47431be235abd34a,2025-10-04T14:42:20.121000,2025-10-04T14:42:20.121000,68d133369c4bfb4942ca73e3,greg.demeulenaere@gmail.com,FALSE
68e0d8414d3d2f7724deb9d2,Zhentil Keep,"Autrefois le cœur du sinistre Réseau Zhentarim, cette cité-forteresse a été détruite mais ses ruines restent un lieu de pouvoir sombre. Les vestiges du Zhentarim continuent d'opérer depuis les ombres, cherchant à restaurer leur ancienne gloire.",,other,Divers seigneurs Zhentarim,50 000 habitants,Zhentil Keep (en ruines),"Commun, Damaran",Diverses monnaies,,,,,,,68e1324c47431be235abd343,2025-10-04T14:42:20.121000,2025-10-04T14:42:20.121000,68d133369c4bfb4942ca73e3,greg.demeulenaere@gmail.com,FALSE
68e0d8414d3d2f7724deb9d2,Samarach,"Une nation côtière au climat tropical, Samarach est connue pour ses plantations, son commerce d'épices et ses relations commerciales avec Chult. Le pays lutte pour maintenir son indépendance face aux puissances voisines.",,oligarchy,Conseil des Barons,250 000 habitants,Samargol,Samarachan,Émeraude,,,,,,,68e1324c47431be235abd34d,2025-10-04T14:42:20.121000,2025-10-04T14:42:20.121000,68d133369c4bfb4942ca73e3,greg.demeulenaere@gmail.com,FALSE
68e0d8414d3d2f7724deb9d2,Estagund,"Un pays voisin de Durpar, Estagund partage une culture et des traditions commerciales similaires. La nation est connue pour ses bijoux fins, ses épices exotiques et ses relations diplomatiques habiles.",,oligarchy,Raja et Conseil des Nobles,650 000 habitants,Chavyondat,Durpari,Pièces d'Estagund,,,,,,,68e1324c47431be235abd350,2025-10-04T14:42:20.121000,2025-10-04T14:42:20.121000,68d133369c4bfb4942ca73e3,greg.demeulenaere@gmail.com,FALSE
68e0d8414d3d2f7724deb9d2,Royaume de Many-Arrows,"Un royaume d'orcs récemment établi, Many-Arrows représente une tentative d'intégrer les orcs dans la société civilisée de Faerûn. Fondé par le roi orc Obould, le royaume cherche la légitimité parmi les nations humaines.",,monarchy,Roi Obould Many-Arrows,500 000 habitants,Citadelle Griffe-Sombre,"Orc, Commun",Commerce et pillage,,,,,,,68e1324c47431be235abd352,2025-10-04T14:42:20.121000,2025-10-04T14:42:20.121000,68d133369c4bfb4942ca73e3,greg.demeulenaere@gmail.com,FALSE
68e0d8414d3d2f7724deb9d2,Lantan,"Une île-nation de gnomes inventeurs et d'ingénieurs géniaux, Lantan est célèbre pour ses merveilleuses inventions mécaniques, ses navires à vapeur et ses engins de guerre innovants. La nation est dédiée à Gond, le dieu des forgerons.",,theocracy,Grand Prêtre de Gond,100 000 habitants,Sammaresh,"Lantanna, Gnome",Roue de cuivre,,,,,,,68e1324c47431be235abd34c,2025-10-04T14:42:20.121000,2025-10-04T14:42:20.121000,68d133369c4bfb4942ca73e3,greg.demeulenaere@gmail.com,FALSE
68e0d8414d3d2f7724deb9d2,Unther,"Une ancienne théocratie rivale de Mulhorand, Unther a été presque détruite par une invasion venue d'un autre monde. Maintenant, elle tente de se reconstruire sous l'ombre de son passé glorieux, avec le retour du dieu-roi Gilgeam.",,theocracy,Gilgeam (dieu-roi ressuscité),800 000 habitants,Unthalass,Untheric,Pièces anciennes,,,,,,,68e1324c47431be235abd344,2025-10-04T14:42:20.121000,2025-10-04T14:42:20.121000,68d133369c4bfb4942ca73e3,greg.demeulenaere@gmail.com,FALSE
68e0d8414d3d2f7724deb9d2,Thesk,"Une nation de marchands et de guerriers située à la frontière orientale de Faerûn. Thesk sert de pont commercial entre l'Ouest et les terres lointaines de Kara-Tur, avec une population diverse incluant de nombreux gnolls civilisés.",,oligarchy,Conseil des Marchands,1 000 000 habitants,Telflamm,"Damaran, diverses langues",Pièces de Thesk,,,,,,,68e1324c47431be235abd345,2025-10-04T14:42:20.121000,2025-10-04T14:42:20.121000,68d133369c4bfb4942ca73e3,greg.demeulenaere@gmail.com,FALSE
68e0d8414d3d2f7724deb9d2,Narfell,"Les vestiges d'un ancien empire démoniaque, Narfell est maintenant une terre gelée de steppes balayées par le vent. Des tribus barbares nomades parcourent ces terres, évitant les ruines maudites qui parsèment le paysage.",,tribal,Chefs tribaux Nar,180 000 habitants,Aucune (nomades),"Damaran, Nar",Commerce de troc,,,,,,,68e1324c47431be235abd34e,2025-10-04T14:42:20.121000,2025-10-04T14:42:20.121000,68d133369c4bfb4942ca73e3,greg.demeulenaere@gmail.com,FALSE
68e0d8414d3d2f7724deb9d2,Durpar,"Une nation marchande prospère connue pour ses caravanes qui parcourent tout Faerûn. Durpar valorise le commerce honnête, la stabilité et les bonnes relations avec ses voisins. La nation est gouvernée par des marchands-princes riches.",,oligarchy,Conseil des Marchands-Princes,800 000 habitants,Vaelan,Durpari,Pièce d'or Durpari,,,,,,,68e1324c47431be235abd34f,2025-10-04T14:42:20.121000,2025-10-04T14:42:20.121000,68d133369c4bfb4942ca73e3,greg.demeulenaere@gmail.com,FALSE
68e0d8414d3d2f7724deb9d2,Westgate,"Une cité portuaire notoire connue pour ses guildes de voleurs, ses marchands corrompus et ses intrigues politiques constantes. Westgate est un paradis pour les aventuriers, les escrocs et ceux qui cherchent fortune par n'importe quel moyen.",,oligarchy,Conseil des Magistrats (contrôlé par la Nuit des Masques),350 000 habitants,Westgate,"Commun, Chondathan",Diverses monnaies,,,,,,,68e1324c47431be235abd353,2025-10-04T14:42:20.121000,2025-10-04T14:42:20.121000,68d133369c4bfb4942ca73e3,greg.demeulenaere@gmail.com,FALSE
68e0d8414d3d2f7724deb9d2,Procampur,"Une cité-état commerçante sur la Mer Intérieure, Procampur est un hub commercial important mais en déclin. La ville lutte pour maintenir sa pertinence face à des rivaux plus puissants comme Westgate et les villes de Sembia.",,oligarchy,Conseil des Marchands,200 000 habitants,Procampur,Commun,Diverses monnaies,,,,,,,68e1324c47431be235abd354,2025-10-04T14:42:20.121000,2025-10-04T14:42:20.121000,68d133369c4bfb4942ca73e3,greg.demeulenaere@gmail.com,FALSE
68e0d8414d3d2f7724deb9d2,Amn,"Une ploutocratie marchande puissante, Amn est gouvernée par le Conseil des Six. Le pays est obsédé par l'accumulation de richesses et le commerce, avec une tolérance marquée pour les activités douteuses si elles sont profitables.",,oligarchy,Le Conseil des Six,2 000 000 habitants,Athkatla,"Commun, Chondathan",Danter (pièce d'or),,,,,,,68e131e677aa3bd840b8055a,2025-10-04T14:40:38.010000,2025-10-04T14:40:38.010000,68d133369c4bfb4942ca73e3,greg.demeulenaere@gmail.com,FALSE
68e0d8414d3d2f7724deb9d2,Rashemen,"Une nation guerrière du nord-est, Rashemen est connue pour ses Berserkers féroces et ses puissantes sorcières, les Wychlaran. Le pays maintient ses traditions anciennes et résiste farouchement à toute invasion.",,theocracy,Iron Lord et les Wychlaran,1 400 000 habitants,Immilmar,Rashemi,Diverses monnaies,,,,,,,68e131e677aa3bd840b8055b,2025-10-04T14:40:38.010000,2025-10-04T14:40:38.010000,68d133369c4bfb4942ca73e3,greg.demeulenaere@gmail.com,FALSE
68e0d8414d3d2f7724deb9d2,Halruaa,"Une nation isolée de puissants mages au sud de Faerûn. Halruaa est entourée de montagnes et protégée par des tempêtes magiques. Le pays est réputé pour ses navires volants, ses objets magiques et ses écoles de magie.",,oligarchy,Conseil des Arcanistes,650 000 habitants,Halarahh,Halruaan,Livre d'électrum,,,,,,,68e131e677aa3bd840b8055e,2025-10-04T14:40:38.010000,2025-10-04T14:40:38.010000,68d133369c4bfb4942ca73e3,greg.demeulenaere@gmail.com,FALSE
68e0d8414d3d2f7724deb9d2,Impiltur,"Un royaume anciennement prospère, maintenant en reconstruction après des décennies de chaos et d'invasion démoniaque. Impiltur cherche à retrouver sa gloire passée sous un nouveau leadership.",,monarchy,Reine Sambryl,1 100 000 habitants,Lyrabar,"Commun, Damaran",Gondegal (pièce d'or),,,,,,,68e131e677aa3bd840b8055f,2025-10-04T14:40:38.010000,2025-10-04T14:40:38.010000,68d133369c4bfb4942ca73e3,greg.demeulenaere@gmail.com,FALSE
68e0d8414d3d2f7724deb9d2,Cité-État d'Elturgard,"Une théocratie dédiée au dieu Torm, Elturgard brille littéralement grâce à un compagnon solaire magique qui protège la région. La nation est connue pour ses paladins, les Hellriders, qui protègent les routes contre les démons.",,theocracy,Haut Observateur,400 000 habitants,Elturel,Commun,Diverses monnaies,,,,,,,68e131e677aa3bd840b80563,2025-10-04T14:40:38.010000,2025-10-04T14:40:38.010000,68d133369c4bfb4942ca73e3,greg.demeulenaere@gmail.com,FALSE
68e0d8414d3d2f7724deb9d2,Damara,"Un royaume nordique robuste, récemment libéré de la tyrannie du Sorcier-Roi Zhengyi. Damara est gouvernée par le héros légendaire Gareth Dragonsbane et connue pour ses guerriers courageux et ses mines riches.",,monarchy,Roi Gareth Dragonsbane,900 000 habitants,Heliogabalus,Damaran,Bloodstone (gemme),,,,,,,68e131e677aa3bd840b80560,2025-10-04T14:40:38.010000,2025-10-04T14:40:38.010000,68d133369c4bfb4942ca73e3,greg.demeulenaere@gmail.com,FALSE
68e0d8414d3d2f7724deb9d2,Turmish,"Une démocratie marchande sur la côte de la Mer Intérieure, Turmish est connue pour son commerce prospère, ses druides influents et son système de gouvernement démocratique unique parmi les nations de Faerûn.",,democracy,Assemblée des Étoiles,1 300 000 habitants,Alaghôn,"Commun, Turmic",Dragon d'électrum,,,,,,,68e131e677aa3bd840b80561,2025-10-04T14:40:38.010000,2025-10-04T14:40:38.010000,68d133369c4bfb4942ca73e3,greg.demeulenaere@gmail.com,FALSE
68e0d8414d3d2f7724deb9d2,Chessenta,"Une collection de cités-états guerrières qui se disputent constamment le pouvoir et le territoire. Chessenta est influencée par une culture de type grec ancien, avec des champions héroïques et des dieux actifs.",,other,Multiples seigneurs de guerre,2 200 000 habitants,Luthcheq (principale cité),Chessentan,Diverses monnaies locales,,,,,,,68e131e677aa3bd840b80562,2025-10-04T14:40:38.010000,2025-10-04T14:40:38.010000,68d133369c4bfb4942ca73e3,greg.demeulenaere@gmail.com,FALSE
68e0d8414d3d2f7724deb9d2,Mulhorand,"Une théocratie ancienne où les dieux marchent parmi les mortels sous forme d'incarnations divines. Mulhorand possède une culture richement influencée par l'Égypte antique, avec des pyramides, des pharaons et une magie divine puissante.",,theocracy,Le Pharaon (incarnation de Horus-Rê),5 000 000 habitants,Skuld,Mulhorandi,Pièces à l'effigie des dieux,,,,,,,68e131e677aa3bd840b8055d,2025-10-04T14:40:38.010000,2025-10-04T14:40:38.010000,68d133369c4bfb4942ca73e3,greg.demeulenaere@gmail.com,FALSE
68e0d8414d3d2f7724deb9d2,Calimshan,"Une nation ancienne et exotique au sud de Faerûn, Calimshan est connue pour ses déserts brûlants, ses cités opulentes et son histoire riche en magie des génies. Le pays est un centre de commerce de luxe et d'intrigues.",,monarchy,Pacha Syl-Pasha,3 500 000 habitants,Calimport,Alzhedo,Dinar d'or,,,,,,,68e131e677aa3bd840b80559,2025-10-04T14:40:38.010000,2025-10-04T14:40:38.010000,68d133369c4bfb4942ca73e3,greg.demeulenaere@gmail.com,FALSE
68e0d8414d3d2f7724deb9d2,Aglarond,"Un royaume forestier gouverné par la légendaire Simbul, une des Sept Sœurs et l'une des plus puissantes mages de Faerûn. Aglarond est un bastion contre l'expansion de Thay et abrite de nombreux demi-elfes.",,monarchy,La Simbul (Alassra Shentrantra),900 000 habitants,Velprintalar,"Aglarondan, Elfique",Thaele (pièce d'électrum),,,,,,,68e131e677aa3bd840b8055c,2025-10-04T14:40:38.010000,2025-10-04T14:40:38.010000,68d133369c4bfb4942ca73e3,greg.demeulenaere@gmail.com,FALSE
68e0d8414d3d2f7724deb9d2,Vaasa,"Une terre sauvage et désolée au nord, autrefois le domaine du Sorcier-Roi Zhengyi. Vaasa est maintenant une frontière ouverte aux colons courageux, aux chasseurs de trésors et aux monstres dangereux.",,anarchy,Aucun (terres sauvages),150 000 habitants,Aucune,"Damaran, Commun",Diverses monnaies,,,,,,,68e131e677aa3bd840b80564,2025-10-04T14:40:38.010000,2025-10-04T14:40:38.010000,68d133369c4bfb4942ca73e3,greg.demeulenaere@gmail.com,FALSE
68e0d8414d3d2f7724deb9d2,Thay,"Une magiocratie sombre et puissante, Thay est gouvernée par les Mages Rouges, des nécromanciens et évocateurs redoutables. Le pays est connu pour son commerce d'esclaves, ses enclaves magiques et son ambition de domination magique.",,oligarchy,"Szass Tam, Zulkir de la Nécromancie",4 900 000 habitants,Eltabbar,"Thayan, Mulhorandi",Tarenth (pièce de platine),,,,,,,68e131e677aa3bd840b80555,2025-10-04T14:40:38.009000,2025-10-04T14:40:38.009000,68d133369c4bfb4942ca73e3,greg.demeulenaere@gmail.com,FALSE
68e0d8414d3d2f7724deb9d2,Cormyr,"Le Royaume de la Forêt et du Dragon, Cormyr est une monarchie prospère et stable, gouvernée par la famille Obarskyr depuis plus de mille ans. Connu pour ses chevaliers pourpres et ses mages de guerre, c'est l'un des royaumes les plus puissants et civilisés de Faerûn.",,monarchy,Roi Azoun V Obarskyr,1 500 000 habitants,Suzail,"Commun, Chondathan","Lion d'or, Corbeau d'argent",,,,,,,68e131e677aa3bd840b80551,2025-10-04T14:40:38.009000,2025-10-04T14:40:38.009000,68d133369c4bfb4942ca73e3,greg.demeulenaere@gmail.com,FALSE
68e0d8414d3d2f7724deb9d2,Les Vaux,"Une confédération lâche de communautés rurales et de petites villes nichées dans les vallées entre Cormyr et Sembia. Les Valois sont connus pour leur indépendance farouche, leur hospitalité et leurs héros légendaires.",,democracy,Conseils locaux indépendants,800 000 habitants,Aucune (décentralisé),"Commun, Chondathan",Diverses monnaies,,,,,,,68e131e677aa3bd840b80557,2025-10-04T14:40:38.009000,2025-10-04T14:40:38.009000,68d133369c4bfb4942ca73e3,greg.demeulenaere@gmail.com,FALSE
68e0d8414d3d2f7724deb9d2,Neverwinter,"La Cité des Artisans Qualifiés, Neverwinter est célèbre pour ses sources chaudes qui réchauffent la ville même en plein hiver. Reconstruite après sa destruction par le volcan du Mont Hotenow, elle est en pleine renaissance sous le règne de Lord Neverember.",,monarchy,Lord Protecteur Dagult Neverember,500 000 habitants,Neverwinter,"Commun, Illuskan",Lune d'électrum,,,,,,,68e131e677aa3bd840b80553,2025-10-04T14:40:38.009000,2025-10-04T14:40:38.009000,68d133369c4bfb4942ca73e3,greg.demeulenaere@gmail.com,FALSE
68e0d8414d3d2f7724deb9d2,Baldur's Gate,"Une cité-état portuaire animée et cosmopolite, Baldur's Gate est un centre majeur du commerce et de l'intrigue politique. Gouvernée par le Conseil des Quatre et les Ducs, la ville est connue pour son atmosphère de liberté et d'opportunisme.",,oligarchy,Le Conseil des Quatre,800 000 habitants,Baldur's Gate,"Commun, Chondathan",Patriar (pièce d'or locale),,,,,,,68e131e677aa3bd840b80554,2025-10-04T14:40:38.009000,2025-10-04T14:40:38.009000,68d133369c4bfb4942ca73e3,greg.demeulenaere@gmail.com,FALSE
68e0d8414d3d2f7724deb9d2,Luskan,"La Cité des Voiles, Luskan est un port notoire contrôlé par cinq Capitaines de Navires et leurs équipages. La ville est un repaire de pirates, de contrebandiers et d'aventuriers, avec une réputation sombre mais prospère.",,oligarchy,Les Cinq Capitaines de Navires,300 000 habitants,Luskan,"Commun, Illuskan",Diverses monnaies,,,,,,,68e131e677aa3bd840b80558,2025-10-04T14:40:38.009000,2025-10-04T14:40:38.009000,68d133369c4bfb4942ca73e3,greg.demeulenaere@gmail.com,FALSE
68e0d8414d3d2f7724deb9d2,Sembia,"Une nation marchande prospère, Sembia est gouvernée par de riches familles de négociants. Le pays valorise le commerce et l'accumulation de richesses au-dessus de tout, et ses marchands sont présents dans toute Faerûn.",,oligarchy,Conseil des Marchands,1 200 000 habitants,Ordulin,"Commun, Chondathan","Noble d'or, Raven d'argent",,,,,,,68e131e677aa3bd840b80556,2025-10-04T14:40:38.009000,2025-10-04T14:40:38.009000,68d133369c4bfb4942ca73e3,greg.demeulenaere@gmail.com,FALSE
68e0d8414d3d2f7724deb9d2,Waterdeep,"La Cité des Splendeurs, Waterdeep est la plus grande et la plus cosmopolite des cités de la Côte des Épées. Centre majeur du commerce, de la culture et de l'aventure, elle est gouvernée par les Seigneurs Masqués et protégée par la Force Grise.",,oligarchy,Les Seigneurs Masqués de Waterdeep,2 000 000 habitants,Waterdeep,"Commun, diverses langues","Dragon d'or, Taol d'argent",,,,,,,68e131e677aa3bd840b80552,2025-10-04T14:40:38.009000,2025-10-04T14:40:38.009000,68d133369c4bfb4942ca73e3,greg.demeulenaere@gmail.com,FALSE
68e0a89ffbb307df3e4a9741,Wolf Nomads,"Les Wolf Nomads sont un autre peuple barbare nomade, cousins des Rovers, vivant dans les plaines et forêts au nord-ouest. Ces guerriers-chasseurs sont réputés pour leur connexion avec les loups, qu'ils élèvent et avec lesquels ils chassent et combattent. Organisés en clans de loups, ils sont légèrement moins nomades que les Rovers, établissant des campements semi-permanents. Les Wolf Nomads sont des pisteurs experts, des guerriers féroces et des alliés loyaux de ceux qui gagnent leur respect.",,tribal,"Tarkhan Bargru (partagé avec Rovers, mais chefs locaux plus autonomes)",100 000 nomades,"Aucune (campements, lieu sacré : Eru-Tovar partagé)","Ordai, Commun","Troc, fourrures",Guerriers-chasseurs avec loups de guerre : infanterie et cavalerie avec compagnons loups. Environ 20 000 guerriers. Excellents éclaireurs et rangers.,"Semi-nomade : chasse (fourrures de qualité), élevage de loups et chevaux, pêche, cueillette, pillage rare. Commerce de fourrures avec Tiger Nomads et autres.","Culture barbare centrée sur le loup. Totems de loup, esprits animaux. Traditions chamaniques fortes. Chasse rituelle. Liberté et nature. Moins agressifs que Rovers.",Branche des barbares du nord partageant origines avec Rovers. Ont développé lien unique avec loups. Défendu terres contre Iuz. Parfois alliés de Rovers.,Alliés proches des Rovers et Tiger Nomads. Amis occasionnels de Perrenland. Hostiles à Iuz. Méfiants envers civilisation mais moins que Rovers.,Excellents pour rangers barbares et druides. Loups de guerre sont compagnons féroces. Totems et chamanisme. Culture inspirée par Amérindiens/Vikings. Plus spirituels que Rovers.,68e0c4731eaf2b4a56521269,2025-10-04T06:53:39.252000,2025-10-04T06:53:39.252000,68d133369c4bfb4942ca73e3,greg.demeulenaere@gmail.com,FALSE
68e0a89ffbb307df3e4a9741,La Société Cornue,"La Société Cornue était une théocratie diabolique maléfique dirigée par mystérieux Hierarchs portant cornes démoniaques. Cette nation terrifiante adorait des fiélons et pratiquait sacrifices et magie noire. Heureusement, Iuz a conquis et détruit la Société Cornue lors des Guerres de Greyhawk, libérant involontairement la région d'un grand Mal... pour la placer sous son propre joug démoniaque. Les survivants de la Société Cornue sont dispersés, certains servant Iuz, d'autres complotant vengeance.",,other,Conquise par Iuz (auparavant les Hierarchs),100 000 sous occupation d'Iuz (auparavant 150 000),"Molag (occupée par Iuz, auparavant capitale de la Horned Society)","Commun, Infernal",Aucune actuellement (Iuz contrôle),"Détruite. Forces d'Iuz occupent maintenant. Auparavant : cultistes, guerriers démoniaques, prêtres maléfiques.",Détruite par conquête. Sous contrôle d'Iuz maintenant.,"Culture diabolique détruite. Auparavant : culte de démons, sacrifices, magie noire, théocratie maléfique stricte.",Fondée par culte diabolique. Régna par terreur pendant décennies. Conquise par Iuz qui voyait en eux rivaux. Hierarchs tués ou dispersés. Maintenant territoire d'Iuz.,N'existe plus comme nation. Auparavant : haïe par tous les voisins. Maintenant partie de l'empire d'Iuz.,Nation historique détruite. Vestiges de La Société Cornue peuvent être rencontrés (cultistes survivants). Ruines de temples diaboliques. Artefacts infernaux cachés. Certains Hierarchs ont peut-être survécu.,68e0c4731eaf2b4a5652126e,2025-10-04T06:53:39.252000,2025-10-04T07:18:37.656000,68d133369c4bfb4942ca73e3,greg.demeulenaere@gmail.com,FALSE
68e0a89ffbb307df3e4a9741,Rovers of the Barrens,"Les Rovers of the Barrens sont un peuple nomade de barbares cavaliers vivant dans les steppes glaciales du nord-est. Ces guerriers féroces et libres parcourent les Barrens avec leurs troupeaux, chassent le gibier et razzient occasionnellement les terres civilisées. Organisés en tribus indépendantes reconnaissant vaguement l'autorité d'un Tarkhan (chef suprême), les Rovers sont des cavaliers incomparables et des archers experts. Ils méprisent la décadence des royaumes du sud et valorisent la liberté, le courage et l'honneur tribal.",,tribal,Tarkhan Bargru (chef des chefs),150 000 nomades,"Aucune (campements nomades, lieu de rassemblement : Eru-Tovar)","Ordai (langue barbare), Commun","Troc, pillage","Guerriers montés exceptionnels : cavalerie légère ultra-mobile, archers à cheval. Environ 30 000 guerriers disponibles. Tactiques de raid et de harcèlement.","Nomade : élevage (chevaux, moutons), chasse, pêche dans lacs glacés, pillage occasionnel, commerce limité de fourrures et chevaux.","Culture barbare nomade. Traditions orales, contes héroïques. Respect des anciens et des guerriers. Liberté primordiale. Fêtes tribales. Méfiance envers civilisation.",Descendant d'anciens nomades. Ont toujours parcouru les Barrens. Repoussé invasions d'Iuz et autres menaces. Maintenu indépendance farouche.,"Indépendants et méfiants. Relations tendues avec tous les voisins. Raids occasionnels en Tenh, Fruztii. Guerre intermittente avec Iuz. Respectent force et courage.",Excellents pour PJ barbares. Culture basée sur Mongols/Huns. Cavaliers parmi les meilleurs du monde. Tarkhan peut unir tribus contre menaces majeures. Libres et fiers.,68e0c4731eaf2b4a56521268,2025-10-04T06:53:39.252000,2025-10-04T06:53:39.252000,68d133369c4bfb4942ca73e3,greg.demeulenaere@gmail.com,FALSE
68e0a89ffbb307df3e4a9741,Shield Lands,"Les Shield Lands étaient autrefois un royaume-tampon puissant et honorable défendant le nord contre les hordes d'Iuz. Ce royaume de chevaliers et de paladins était réputé pour sa bravoure et son dévouement au Bien. Malheureusement, lors des Guerres de Greyhawk, Iuz a conquis et détruit les Shield Lands, massacrant ou asservissant la population. Aujourd'hui, c'est une terre désolée occupée par les forces d'Iuz, mais un gouvernement en exil basé à Admundfort (en Furyondy) prépare la reconquête. Les réfugiés rêvent de libérer leur patrie.",,monarchy,Earl Holmer (en exil à Admundfort),"Autrefois 250 000, maintenant 50 000 sous occupation + 150 000 réfugiés",Admundfort (détruite et occupée par Iuz),Commun,Aucune actuellement (utilisent monnaie de Furyondy),Armée en exil : 5 000 chevaliers et soldats déterminés basés en Furyondy. Résistance clandestine dans les Shield Lands occupées. Planifient la reconquête.,Détruite. Dépendent de l'aide de Furyondy et Veluna. Réfugiés travaillent comme mercenaires ou agriculteurs.,Culture chevaleresque forte malgré la défaite. Code d'honneur strict. Détermination à reconquérir leur terre. Haine profonde d'Iuz. Loyauté envers Earl Holmer.,Royaume fondé pour défendre contre Iuz. A tenu pendant des décennies. Vaincu lors des Guerres de Greyhawk malgré résistance héroïque. Earl Holmer mène gouvernement en exil.,"Allié de Furyondy (hôte), Veluna. Soutenu par Greyhawk et Highfolk. En guerre totale avec Iuz. Cherche aide pour reconquête.",Tragédie héroïque. Excellente source de quêtes de libération. Chevaliers en exil disponibles comme PNJ. Résistance dans terres occupées. Earl Holmer est chef inspirant.,68e0c4731eaf2b4a56521267,2025-10-04T06:53:39.252000,2025-10-04T06:53:39.252000,68d133369c4bfb4942ca73e3,greg.demeulenaere@gmail.com,FALSE
68e0a89ffbb307df3e4a9741,Tiger Nomads,"Les Tiger Nomads sont le troisième grand peuple barbare nomade, vivant dans les steppes à l'ouest des Wolf Nomads. Comme leur nom l'indique, ils révèrent le tigre et certains clans élèvent de grands félins pour la chasse et la guerre. Ces guerriers sont réputés pour leur férocité au combat et leur fierté. Ils sont les plus isolés des trois peuples barbares et les moins enclins au commerce ou à l'alliance avec les terres civilisées.",,tribal,Khan Ogobanuk (chef des Tiger Nomads),80 000 nomades,Aucune (campements mobiles),"Ordai, dialecte Tiger",Troc,"Guerriers féroces avec grands félins : cavalerie avec tigres de guerre (rares), guerriers d'élite, archers. Environ 15 000 guerriers. Combat brutal et direct.","Nomade : élevage, chasse (fourrures exotiques), pillage occasionnel de caravanes. Commerce minimal.","Culture barbare centrée sur le tigre. Totems félins, guerriers-fauves. Plus sauvages et isolés. Scarifications rituelles. Traditions orales de chasse héroïque.",La plus isolée des tribus barbares. Moins de contact avec civilisation. Histoire de guerres tribales et de chasses légendaires. Résisté à toute tentative de conquête.,Alliés distants des Wolf et Rovers. Très méfiants envers tous les étrangers. Raids occasionnels contre Ket et autres. Hautement indépendants.,Les plus sauvages des barbares du nord. Tigres de guerre sont créatures redoutables. Culture inspirée par tribus d'Asie centrale. Peu d'interaction avec PJ sauf conflit ou quête spéciale.,68e0c4731eaf2b4a5652126a,2025-10-04T06:53:39.252000,2025-10-04T06:53:39.252000,68d133369c4bfb4942ca73e3,greg.demeulenaere@gmail.com,FALSE
68e0a89ffbb307df3e4a9741,Bandit Kingdoms,"Les Bandit Kingdoms sont une collection anarchique de petits royaumes dirigés par seigneurs de guerre, bandits et tyrans. Situés au nord de la cité de Greyhawk, ces terres sans loi sont le refuge de criminels, mercenaires et exilés. Chaque 'royaume' n'est qu'un fief contrôlé par la force, changeant de maître régulièrement. Les guerres entre bandits sont constantes, et les raids contre voisins sont monnaie courante. Paradoxalement, certains bandits-rois maintiennent un semblant d'ordre dans leurs domaines.",,anarchy,"Multiples seigneurs de guerre (Boss Renard le Plus Malin à Stoink, etc.)","200 000 (criminels, paysans opprimés, mercenaires)","Aucune unifiée (Stoink, Riftcrag, Rookroost sont villes majeures)","Commun, dialectes variés",Variée (pièces volées de partout),"Bandes armées désorganisées : bandits, mercenaires, criminels armés. Total peut-être 25 000 mais jamais unifiés. Chaque 'roi' a sa propre bande.","Banditisme, racket, contrebande, rançons, raids. Commerce criminel florissant. Rookroost est havre de voleurs et assassins.","Anarchie criminelle. Loi du plus fort. Pas de culture unifiée. Guildes de voleurs, assassins, bandits. Trahison constante. Quelques seigneurs relativement 'honorables'.",Formées après effondrement de contrôle de Nyrond et Furyondy. Devenues refuges de criminels. Iuz a tenté de les conquérir avec succès partiel. Changement constant de pouvoir.,"En guerre ou conflit avec presque tous les voisins. Raids constants contre Nyrond, Shield Lands (avant chute), Furyondy. Certains rois bandits commerce avec autres pour profit. Iuz contrôle certains royaumes.",Excellente source d'antagonistes criminels. Rookroost est ville de voleurs notoire. Boss Renard est bandit-roi le plus célèbre (relativement honorable). Terres sans loi parfaites pour campagnes sombres.,68e0c4731eaf2b4a5652126d,2025-10-04T06:53:39.252000,2025-10-04T06:53:39.252000,68d133369c4bfb4942ca73e3,greg.demeulenaere@gmail.com,FALSE
68e0a89ffbb307df3e4a9741,Perrenland,"Perrenland est une confédération alpine unique de huit cantons montagneux, peuplée de clans indépendants et fiers. Ce pays montagneux est réputé pour ses mercenaires experts (les Perrenders), ses fromages excellents et son neutralité farouche. Chaque canton est gouverné par un Hetman élu, et ensemble ils élisent le Voormann (chef suprême). Perrenland a résisté avec succès aux invasions grâce à son terrain difficile et ses guerriers aguerris. C'est un havre de liberté entre les grandes puissances.",,other,Voormann Franz von Keller,"400 000 habitants (humains, nains des montagnes, gnomes)",Schwartzenbruin,"Perren (dialecte germanique), Commun",Perren Marks,"Milices cantonales expertes : infanterie de montagne, arbalétriers, mercenaires renommés. Environ 20 000 soldats levés rapidement. Forteresses alpines. Mercenaires Perrenders célèbres partout.","Prospère : mercenaires (exportation majeure), mines, métallurgie, horlogerie, fromages et produits laitiers, élevage en montagne, passages de cols (péages).","Culture alpine indépendante. Démocratie cantonale, assemblées populaires. Neutralité stricte. Traditions montagnardes. Excellents alpinistes. Festivals de cors des Alpes.","Fondée par clans montagnards refusant domination extérieure. Résisté à Iuz, Furyondy et autres. Exportation de mercenaires depuis des siècles. Maintenu neutralité même lors des Guerres de Greyhawk.",Neutre avec presque tous. Relations commerciales (mercenaires) partout. Respecté pour neutralité. Ami discret de Highfolk et Veluna. Refuse implication dans conflits.,Inspiration Suisse claire. Excellents mercenaires disponibles pour recrutement. Terrain montagneux difficile pour invasions. Voormann est chef élu compétent. Culture démocratique unique.,68e0c4731eaf2b4a5652126b,2025-10-04T06:53:39.252000,2025-10-04T06:53:39.252000,68d133369c4bfb4942ca73e3,greg.demeulenaere@gmail.com,FALSE
68e0a89ffbb307df3e4a9741,Pomarj,"Le Pomarj est une péninsule déchue, autrefois terres civilisées, maintenant repaire de gobelinoïdes, orques, ogres et autres créatures maléfiques. Conquise par des hordes humanoïdes il y a des décennies, cette région est devenue cauchemar pour ses voisins. Les cités humaines sont en ruines, remplacées par tanières et forteresses brutales. Le Pomarj lance raids constants contre County of Ulek, Principauté d'Ulek et nations voisines. Les humanoïdes se battent entre eux autant qu'ils attaquent les autres.",,anarchy,Aucun (chefs de guerre multiples en conflit),"300 000 (orques, gobelinoïdes, ogres, trolls, humains asservis)","Highport (cité pirate corrompue), Blue (forteresse hobgobelin)","Orque, Gobelin, Commun (corrompu)","Pillage, troc","Hordes désorganisées mais nombreuses : dizaines de milliers d'orques, gobelins, hobgobelins, ogres. Dangereux par nombre mais discipline faible. Raids constants.","Basée sur pillage, esclavage, piraterie. Highport est port pirate. Commerce criminel. Agriculture de subsistance forcée par esclaves.","Anarchie brutale. Loi du plus fort. Tribus en conflit constant. Cultes maléfiques. Pas de culture unifiée, juste survie et violence.",Autrefois terres du Prince of Ulek. Envahie par hordes humanoïdes lors de l'effondrement. Devenue repaire de monstres. Tentatives de reconquête ont toutes échoué.,"En guerre permanente avec tous les voisins civilisés. County of Ulek combat sans cesse les raids. Ennemis de Celene, Greyhawk, Principauté d'Ulek. Pirates à Highport attaquent navires.",Terre de chaos et de monstres. Excellente source d'adversaires. Highport contrôlée par Slavers (esclavagistes notoires). Dungeons et ruines abondent. Peut servir base pour campagnes contre humanoïdes.,68e0c4731eaf2b4a5652126c,2025-10-04T06:53:39.252000,2025-10-04T06:53:39.252000,68d133369c4bfb4942ca73e3,greg.demeulenaere@gmail.com,FALSE
68e0a89ffbb307df3e4a9741,Scarlet Brotherhood,"La Scarlet Brotherhood est une nation secrète et sinistre basée dans la péninsule de Tilvanot au sud-est. Cette organisation de moines, assassins et espions suel-suprématistes cherche à dominer les Flanaess par l'infiltration, l'assassinat et la subversion. Dirigée par le Père de l'Obéissance mystérieux, la Brotherhood a infiltré presque tous les royaumes avec ses agents secrets. Officiellement, Tilvanot semble être une théocratie isolée, mais c'est le cœur d'un complot à l'échelle continentale.",,other,Le Père de l'Obéissance (identité secrète),"250 000 à Tilvanot, agents secrets partout",Hesuel Ilshar (cité fermée),"Suel Ancien, Commun (pour agents)","Commerce limité, troc, pièces volées","Moines assassins d'élite, guerriers suel, marines, agents infiltrés partout. Armée régulière modeste (10 000) mais assassins redoutables. Flottes de pirates contrôlées.","Basée sur le pillage, l'esclavage, les tributs secrets et le contrôle criminel. Commerce maritime limité. Richesses volées considérables.","Suprématie suel, discipline monastique extrême, culte du secret et de l'obéissance. Entraînement d'enfance pour assassins et espions. Société totalitaire cachée.",Fondée par survivants suel après la Pluie de Feu Incolore. Se cacha à Tilvanot pendant des siècles. Émergea récemment avec plan de domination. A pris contrôle de Sea Princes et autres terres lors des Guerres de Greyhawk.,"Officiellement isolée. Secrètement en guerre avec tous via infiltration. Contrôle Sea Princes, Hold of the Sea Princes. Agents partout. Considérée comme menace majeure une fois exposée.",Antagoniste majeur de Greyhawk. Moines sont très dangereux (niveaux 8-15+). Complot d'infiltration excellent pour intrigues. Agents peuvent être n'importe qui. Bastion difficile d'accès.,68e0c3e381050f5b1089482f,2025-10-04T06:51:15.801000,2025-10-04T06:51:15.801000,68d133369c4bfb4942ca73e3,greg.demeulenaere@gmail.com,FALSE
68e0a89ffbb307df3e4a9741,Royaume de Celene,"Celene est le royaume elfique le plus isolationniste et mystérieux des Flanaess. Gouverné par la Reine Grise immortelle Yolande, ce royaume forestier maintient une politique de neutralité stricte et refuse presque tout contact avec le monde extérieur. Protégé par de puissantes magies et des archers elfes incomparables, Celene est une terre de beauté féerique et de mystère. Seuls quelques rares étrangers sont autorisés à entrer, et encore moins à en repartir avec des connaissances.",,monarchy,Reine Grise Yolande (Elfe Grise immortelle),"150 000 habitants (95% elfes, 5% demi-elfes et autres)",Enstad (cité cachée dans la forêt),"Elfique Gris (dialecte ancien), Elfique, Commun (rarement)",Aucune avec l'extérieur (troc interne ou pièces elfiques anciennes),"Armée d'élite secrète : archers elfiques légendaires, mages de haut niveau, guerriers sylvestres, gardes féeriques. Nombre inconnu mais extrêmement compétents. Magie défensive puissante.","Autosuffisante : artisanat elfique de légende, magie, agriculture sylvestre, chasse. Presque aucun commerce extérieur. Richesses internes considérables.","Culture elfique haute et ancienne. Musique, art et magie raffinés. Isolationnisme strict. Vie en harmonie avec nature. Immortalité de certains dirigeants. Très traditionnelle.",Royaume elfique ancien existant depuis des millénaires. A fermé ses frontières après déceptions avec races éphémères. Politique de non-intervention même face à Iuz. Yolande règne depuis plus de 1000 ans.,Officiellement neutre avec tous. Relations distantes mais correctes avec Ulek et Veluna. Refuse de s'impliquer dans conflits humains. Quelques rangers elfes aident secrètement contre le Mal.,"Royaume ultra-mystérieux. Très difficile d'y entrer. Yolande est NPC légendaire (Archimage niveau 20+). Idéal pour quêtes impliquant elfes anciens, artefacts, magie perdue. Joueurs elfes peuvent avoir liens.",68e0c3e381050f5b1089482d,2025-10-04T06:51:15.800000,2025-10-04T06:51:15.800000,68d133369c4bfb4942ca73e3,greg.demeulenaere@gmail.com,FALSE
68e0a89ffbb307df3e4a9741,Duchy of Urnst,"Le Duchy of Urnst est un duché prospère et bien gouverné, réputé pour sa stabilité, son commerce florissant et sa diplomatie sage. Situé au sud du Nyr Dyv, ce petit royaume a su maintenir son indépendance et sa prospérité malgré les bouleversements des Flanaess. Le duc est un dirigeant compétent et juste, la noblesse est relativement modérée, et la population jouit d'une qualité de vie élevée. Urnst est un havre de paix et de commerce dans une région souvent troublée.",,monarchy,Duc Karll Lorinar,450 000 habitants,Radigast City,Commun,Ducals,"Armée modérée mais professionnelle : cavalerie légère, infanterie, archers. Environ 10 000 soldats permanents. Nombreux mercenaires disponibles.","Très prospère : commerce (situé sur routes majeures), agriculture, mines de gemmes célèbres (Abbor-Alz), artisanat, banques. Taxe raisonnable favorisant le commerce.",Société marchande pragmatique. Respect des contrats et de la loi. Culture urbaine sophistiquée. Guildes marchandes influentes. Festivals commerciaux.,Fondé par noblesse d'Aerdy cherchant l'indépendance. A prospéré grâce au commerce et à la stabilité. Maintenu neutralité bienveillante lors des guerres. Alliance avec County of Urnst (cousin).,"Allié proche du County of Urnst. Ami de Nyrond, Greyhawk, Celene. Relations commerciales avec presque tous. Membre de la Ligue de la Cité-État Libre.","Excellent lieu de départ pour campagnes. Stable, prospère, tolérant. Mines d'Abbor-Alz source de quêtes (monstres, trésors). Hub commercial.",68e0c3e381050f5b10894828,2025-10-04T06:51:15.800000,2025-10-04T06:51:15.800000,68d133369c4bfb4942ca73e3,greg.demeulenaere@gmail.com,FALSE
68e0a89ffbb307df3e4a9741,County of Urnst,"Le County of Urnst est le royaume frère du Duchy, légèrement plus petit mais tout aussi prospère. Gouverné par une comtesse sage et diplomatique, le County est réputé pour son érudition, ses bibliothèques et ses universités. C'est un centre d'apprentissage et de culture autant qu'un centre commercial. Le County maintient d'excellentes relations avec ses voisins et joue souvent le rôle de médiateur dans les conflits régionaux.",,monarchy,Comtesse Belissica Gellor,350 000 habitants,Leukish,Commun,County Marks,"Petite armée : infanterie, archers, cavalerie légère. Environ 7 000 soldats. Accent sur la défense. Alliance militaire avec Duchy of Urnst.","Prospère : commerce, agriculture, érudition (universités payantes), artisanat d'art, joaillerie. Exportation de livres et d'œuvres d'art.",Société érudite et raffinée. Nombreuses écoles et bibliothèques. Patronage des arts. Respect du savoir et de la diplomatie. Festivals littéraires et artistiques.,Fondé en même temps que le Duchy par branche cadette de famille noble. Histoire parallèle de prospérité et stabilité. Toujours maintenu liens étroits avec le Duchy.,"Allié inséparable du Duchy of Urnst. Ami de Greyhawk, Nyrond, Celene. Diplomatie active. Neutre dans conflits majeurs mais penche vers le Bien.",Excellent pour campagnes académiques ou politiques. Université de Leukish réputée. Comtesse Belissica est diplomate habile. Beaucoup de sages et experts disponibles.,68e0c3e381050f5b10894829,2025-10-04T06:51:15.800000,2025-10-04T06:51:15.800000,68d133369c4bfb4942ca73e3,greg.demeulenaere@gmail.com,FALSE
68e0a89ffbb307df3e4a9741,Principauté d'Ulek,"La Principauté d'Ulek est le plus puissant des trois états Ulek, un royaume où humains, nains et elfes cohabitent harmonieusement. Anciennement vassal de Keoland, la Principauté a gagné son indépendance et maintient une forte présence militaire pour la préserver. Le Prince règne avec sagesse, conseillé par les trois races principales. Ce royaume montagneux est riche en minerais et défendu par de formidables forteresses naines.",,monarchy,Prince Corond de Ulek,"650 000 habitants (40% humains, 35% nains, 20% elfes, 5% autres)",Jurnre,"Commun, Nain, Elfique",Princely Pavones,"Armée puissante et diversifiée : nains en armure lourde, archers elfes experts, cavalerie humaine. Environ 25 000 soldats. Forteresses montagneuses imprenables.","Prospère : mines (or, argent, gemmes), métallurgie de qualité (armes et armures), artisanat elfique, commerce. Réputé pour les armes naines.",Société multiculturelle harmonieuse. Respect mutuel entre races. Code d'honneur militaire. Festivals célébrant les trois cultures. Artisanat exceptionnel.,"Vassal de Keoland pendant des siècles, obtint l'indépendance après rébellion pacifique. A défendu ses frontières avec succès. Alliance avec les deux autres Ulek.",Indépendant de Keoland (relations tendues mais pas hostiles). Allié du Duchy of Ulek et County of Ulek. Ami de Celene et Greyhawk. Méfiant envers Pomarj (gobelinoïdes).,Excellent pour campagnes impliquant coopération raciale. Accès à excellentes armes et armures naines. Montagnes pleines de donjons et de trésors. Tensions avec Keoland.,68e0c3e381050f5b1089482a,2025-10-04T06:51:15.800000,2025-10-04T06:51:15.800000,68d133369c4bfb4942ca73e3,greg.demeulenaere@gmail.com,FALSE
68e0a89ffbb307df3e4a9741,County of Ulek,"Le County of Ulek est l'état Ulek le plus à l'est, bordant les terres dangereuses du Pomarj. Peuplé majoritairement d'elfes et de demi-elfes, ce comté est constamment en état d'alerte contre les raids gobelinoïdes. Les défenseurs du County sont des guerriers aguerris et des archers experts. Malgré la menace constante, le County maintient sa beauté naturelle et sa culture elfique raffinée.",,monarchy,Comte Lewenn d'Ulek,"200 000 habitants (60% elfes et demi-elfes, 40% humains et autres)",Gradsul (ville portuaire fortifiée),"Elfique, Commun",County Luck,"Armée défensive experte : archers elfes d'élite, rangers, guerriers sylvestres. Environ 12 000 combattants (ratio élevé). Marines pour défense côtière.","Modérée : commerce maritime, artisanat elfique, pêche, sylviculture. Économie affectée par menace du Pomarj mais port de Gradsul prospère.","Culture elfique dominante mais tolérante. Art, musique et poésie. Vigilance militaire constante. Respect de la nature. Festivals elfiques.",Fondé par elfes fuyant catastrophes anciennes. Obtint indépendance de Keoland. A subi nombreux raids du Pomarj. Résiste avec acharnement depuis des décennies.,Allié des autres Ulek et de Celene. Ami de Greyhawk. En conflit permanent avec Pomarj. Demande aide extérieure contre gobelinoïdes.,Front de guerre contre gobelinoïdes. Excellentes opportunités pour campagnes militaires/défensives. Archers elfes parmi les meilleurs. Gradsul est ville portuaire importante.,68e0c3e381050f5b1089482c,2025-10-04T06:51:15.800000,2025-10-04T06:51:15.800000,68d133369c4bfb4942ca73e3,greg.demeulenaere@gmail.com,FALSE
68e0a89ffbb307df3e4a9741,Duchy of Ulek,"Le Duchy of Ulek est le plus petit et le plus humain des trois états Ulek. Bien que moins puissant militairement que la Principauté, le Duchy est prospère grâce à son agriculture fertile et son commerce actif. Le Duc maintient de bonnes relations avec Keoland tout en préservant jalousement son indépendance. Le royaume est paisible et bien ordonné, avec une noblesse relativement bienveillante.",,monarchy,Duc Grenowin de Ulek,300 000 habitants (principalement humains),Tringlee,Commun,Ducal Marks,"Armée modeste : infanterie, cavalerie, archers. Environ 8 000 soldats. S'appuie sur alliances avec autres Ulek.","Prospère : agriculture (grenier des Ulek), élevage, commerce, artisanat. Exportation de grain et de produits agricoles.",Société agraire paisible. Nobles terriens bienveillants. Culture proche de Keoland mais plus simple. Festivals de récolte. Vie rurale idyllique.,Dernier des Ulek à obtenir l'indépendance de Keoland. Histoire paisible de prospérité agricole. Peu impliqué dans conflits majeurs.,Relations cordiales avec Keoland (contrairement aux autres Ulek). Allié de la Principauté et County of Ulek. Ami de Greyhawk et Celene.,Royaume paisible idéal pour campagnes rurales. Peu de menaces majeures. Bon point de départ pour aventuriers débutants. Nobles sympathiques.,68e0c3e381050f5b1089482b,2025-10-04T06:51:15.800000,2025-10-04T06:51:15.800000,68d133369c4bfb4942ca73e3,greg.demeulenaere@gmail.com,FALSE
68e0a89ffbb307df3e4a9741,Cité de Dyvers,"Dyvers est la deuxième plus grande cité-état des Flanaess après Greyhawk, une métropole portuaire prospère située sur le Nyr Dyv. Rivale amicale de Greyhawk, Dyvers est un centre commercial majeur, un port animé et une cité de culture et de plaisirs. Le Magister qui gouverne la cité est choisi parmi la noblesse marchande. Dyvers est cosmopolite, tolérante et hédoniste, attirant marchands, aventuriers et artistes du monde entier.",,oligarchy,Magister Larissa Hunter,"50 000 dans la cité, 70 000 avec environs",Dyvers (la cité elle-même),"Commun, nombreuses autres",Dyvers Ducats,"Garde de la Cité bien entraînée, milices de quartier, marine importante. Environ 4 000 soldats permanents, 6 000 marins et marines. Mercenaires disponibles.","Très prospère : port majeur sur le Nyr Dyv, commerce maritime et fluvial, pêche, construction navale, banques, guildes marchandes puissantes. Rival de Greyhawk.","Cosmopolite et hédoniste. Culture du plaisir, théâtres, tavernes, festivals. Guildes influentes. Art naval. Moins académique que Greyhawk mais plus festive.",Ancienne cité portuaire devenue indépendante. A prospéré grâce au commerce sur le Nyr Dyv. Rivale traditionnelle mais amicale de Greyhawk. A résisté à Iuz lors des guerres.,Rivale amicale de Greyhawk. Alliée de Furyondy et Veluna. Membre de coalitions anti-Iuz. Commerce avec presque tous. Relations tendues avec pirates et Iuz.,Excellente cité pour campagnes maritimes/portuaires. Guildes de voleurs et assassins présentes. Intrigue commerciale et politique. Larissa Hunter est dirigeante compétente et populaire.,68e0c3e381050f5b1089482e,2025-10-04T06:51:15.800000,2025-10-04T06:51:15.800000,68d133369c4bfb4942ca73e3,greg.demeulenaere@gmail.com,FALSE
68e0a89ffbb307df3e4a9741,Royaume de Furyondy,"Furyondy est l'un des royaumes les plus puissants et vertueux des Flanaess centrales. Ce royaume de chevalerie et d'honneur se dresse comme un rempart contre les forces du Mal, notamment l'empire démoniaque d'Iuz au nord. Furyondy est réputé pour ses chevaliers courageux, ses paladins dévoués et sa noblesse honorable. Le royaume comprend des terres fertiles, des forêts denses et des villes fortifiées. La population est loyale envers le roi et la foi de ses dieux.",,monarchy,Roi Belvor IV,1 500 000 habitants,Chendl,Commun,Nobles de Furyondy,"Armée royale puissante : chevaliers montés, infanterie lourde, archers. Ordres de paladins. Environ 30 000 soldats permanents, peut lever 100 000 en temps de guerre.","Agriculture prospère, commerce fluvial, mines, artisanat. Affaiblie par les guerres contre Iuz.","Culture chevaleresque, codes d'honneur stricts, dévotion religieuse (particulièrement envers Heironeous, Rao et St. Cuthbert). Festivals de joutes, tournois.",Royaume établi après la chute de l'Empire Viceroyalty of Ferrond. A longtemps prospéré mais a perdu le Shield Lands face à Iuz lors des Guerres de Greyhawk. Lutte constante contre les forces du Mal.,"Allié fort de Veluna, Highfolk, Dyvers. En guerre permanente avec Iuz. Ami de la Cité de Greyhawk. Soutient les réfugiés du Shield Lands.",Bastion du Bien contre Iuz. Nombreux ordres de chevalerie. Le roi Belvor IV est respecté et compétent. Terre de héros et de paladins.,68e0c34219980e5c4ca19aeb,2025-10-04T06:48:34.979000,2025-10-04T06:48:34.979000,68d133369c4bfb4942ca73e3,greg.demeulenaere@gmail.com,FALSE
68e0a89ffbb307df3e4a9741,Cité Libre de Greyhawk,"La Cité Libre de Greyhawk est la plus célèbre cité-état des Flanaess, considérée comme le joyau de l'Oerik oriental. Située au confluent du Selintan et du Nesser, cette métropole cosmopolite est un centre de commerce, de diplomatie et d'aventure. Ses universités attirent des érudits du monde entier, ses marchés regorgent de marchandises exotiques, et ses tavernes sont remplies d'aventuriers cherchant fortune et gloire. La cité est gouvernée par un Directoire et un Lord-Maire, avec une guilde de voleurs tolérée et une université de magie prestigieuse.",,oligarchy,Lord-Maire Nerof Gasgal et le Directoire,"70 000 habitants dans la cité, 100 000 avec les environs",Greyhawk (la cité elle-même),"Commun (Common), nombreuses autres langues",Pièces d'or de Greyhawk,"Garde de la Cité (bien entraînée), milices de quartier, mercenaires. La Cité peut lever environ 5000 soldats en cas de besoin.","Très prospère : commerce international, banques, marché aux gemmes, marchands, artisans de qualité, tourisme d'aventuriers. Taxe sur les trésors rapportés des donjons.","Cosmopolite et tolérante. Centre d'apprentissage et de magie. Nombreuses guildes (voleurs, magiciens, marchands). Fêtes et festivals fréquents. Arène pour les combats.","Fondée il y a plusieurs siècles, la cité a gagné son indépendance et prospéré grâce au commerce. Zagig Yragerne, archimage fou, fut autrefois son dirigeant et construisit le Château Greyhawk. La cité a survécu aux Guerres de Greyhawk en restant neutre mais vigilante.","Neutre et diplomatique avec la plupart des nations. Alliée informelle de Dyvers, Urnst et Veluna. Méfiante envers Iuz et la Scarlet Brotherhood. Membre fondateur de la Ligue de la Cité-État Libre.",Centre névralgique des campagnes Greyhawk. Château Greyhawk (méga-donjon) à proximité. Cercle des Huit (groupe de mages puissants) basé ici. Guilde des Voleurs et Guilde des Assassins actives.,68e0c34219980e5c4ca19aea,2025-10-04T06:48:34.979000,2025-10-04T06:48:34.979000,68d133369c4bfb4942ca73e3,greg.demeulenaere@gmail.com,FALSE
68e0a89ffbb307df3e4a9741,Royaume de Keoland,"Keoland est un royaume fier et ancien du sud des Flanaess, autrefois à la tête d'un vaste empire qui s'étendait sur de nombreuses terres. Bien que l'empire ait décliné et que des vassaux soient devenus indépendants, Keoland reste une puissance majeure, riche et influente. Le royaume combine tradition chevaleresque, commerce prospère et ambitions impériales nostalgiques. La noblesse keolandaise est fière de son héritage suel et cherche à restaurer la grandeur passée du royaume par la diplomatie, le commerce et parfois la force.",,monarchy,Roi Kimbertos Skotti,1 800 000 habitants,Niole Dra,Commun (Keolandais),Nobles de Keoland,"Puissante armée : chevaliers montés en armure complète, infanterie lourde, archers experts, petite marine. Environ 40 000 soldats réguliers. Vassaux apportent des troupes supplémentaires.","Très prospère : agriculture extensive, vignobles réputés, commerce maritime et terrestre, artisanat de luxe. Banques et marchands riches. Mines dans les montagnes.","Haute culture suel, noblesse raffinée mais arrogante. Code chevaleresque strict. Amour des arts, de la musique et de la poésie. Tournois et fêtes somptueuses. Fierté nationale forte.",Fondé par colonisateurs suels. Expansion formant l'Empire Sheldomar sous Keoland. Déclin après rébellions et guerres. Tentatives récentes de restauration impériale par diplomatie. Influence encore forte dans la région.,"Suzerain nominal d'Ulek, Yeomanry (indépendants de facto). Allié de Gran March et Sterich. Tendu avec Principauté d'Ulek. Rivalité commerciale avec Sea Princes. Ami de Greyhawk.","Royaume chevaleresque traditionnel. Opportunités pour quêtes chevaleresques, tournois, intrigues de cour. Noblesse peut être arrogante. Knights of the Watch (ordre prestigieux).",68e0c34219980e5c4ca19af1,2025-10-04T06:48:34.979000,2025-10-04T06:48:34.979000,68d133369c4bfb4942ca73e3,greg.demeulenaere@gmail.com,FALSE
68e0a89ffbb307df3e4a9741,Royaume de Veluna,"Veluna est le phare de la bonté et de la justice dans les Flanaess, un royaume théocratique doux gouverné par le Canon de Rao, dieu de la Paix et de la Raison. Contrairement au Pale, Veluna pratique la tolérance et la sagesse, accueillant tous ceux qui cherchent la paix. Le royaume est renommé pour ses puissants clercs et paladins, ses bibliothèques d'érudition et sa diplomatie sage. Veluna est un allié fidèle de Furyondy dans la lutte contre Iuz et soutient activement les forces du Bien.",,theocracy,Canon Hazen d'Rao,450 000 habitants,Mitrik,Commun,Wheelons,"Armée modérée mais de haute qualité : paladins, clercs de haut niveau, cavalerie, infanterie bien entraînée. Environ 12 000 soldats. Soutien magique important.","Prospère : agriculture fertile, artisanat de qualité, commerce. Donations religieuses. Peu de taxes grâce à la gestion sage.",Société pieuse mais tolérante. Respect de la sagesse et de l'érudition. Nombreuses bibliothèques et temples. Hospitalité envers étrangers. Festivaux religieux paisibles.,"Veluna fut toujours un royaume sage et bon. A aidé Furyondy contre Iuz. Territoire du Canon de Rao, puissant clerc qui bannit les fiélons d'Oerth en 586 CY (Croisade de la Lune de Sang).",Allié proche de Furyondy et Highfolk. Ami de la Cité de Greyhawk. En guerre avec Iuz. Soutient tous les royaumes du Bien. Diplomatie active pour coalitions.,Royaume idéal Good. Base pour héros. Canon de Rao est NPC légendaire (niveau 20+). Accès à magie divine puissante. Sanctuaire pour réfugiés.,68e0c34219980e5c4ca19af0,2025-10-04T06:48:34.979000,2025-10-04T06:48:34.979000,68d133369c4bfb4942ca73e3,greg.demeulenaere@gmail.com,FALSE
68e0a89ffbb307df3e4a9741,Empire d'Iuz,"L'Empire d'Iuz, également connu sous le nom de Terres d'Iuz, est une nation terrifiante gouvernée par Iuz le Vieux, un demi-dieu maléfique fils du démon Graz'zt. Ces terres sombres sont peuplées d'orques, de géants, de démons et d'humains corrompus servant leur maître démoniaque. Les cieux sont perpétuellement sombres, la terre est souillée, et la terreur règne. Iuz cherche constamment à étendre son empire, menaçant tous ses voisins. Les prêtres maléfiques d'Iuz pratiquent des sacrifices et des rituels démoniaques.",,other,Iuz le Vieux (Demi-dieu Démon),"500 000 (estimation, majoritairement orques, humanoïdes et humains asservis)",Dorakaa (Cité de Crânes),"Commun, Orque, Abyssal","Butin pillé, commerce minimal","Hordes massives : orques, ogres, géants, trolls, démons invoqués, morts-vivants, humains corrompus. Estimation : 150 000+ combattants. Prêtres maléfiques et sorciers.","Basée sur le pillage, l'esclavage et les tributs forcés. Peu d'agriculture légitime. Commerce noir avec nations maléfiques.","Culture de cruauté, domination et sacrifice. Culte d'Iuz obligatoire sous peine de mort. Société basée sur la force brute. Arènes de gladiateurs avec victimes sacrifiées.","Iuz était autrefois emprisonné mais fut libéré. Il conquit rapidement les terres au nord, absorbant le Shield Lands et la Horned Society. Lors des Guerres de Greyhawk, il étendit son empire considérablement.","En guerre avec Furyondy, Veluna, le Pale. Ennemi de tous les royaumes du Bien. Alliance tacite avec la Scarlet Brotherhood. Soutenu par des cultes secrets partout.","Principal antagoniste de Greyhawk. Iuz est CR 26+, quasi-invincible. Terre de ténèbres et de désespoir. Grandes campagnes contre Iuz sont épiques.",68e0c34219980e5c4ca19aec,2025-10-04T06:48:34.979000,2025-10-04T06:48:34.979000,68d133369c4bfb4942ca73e3,greg.demeulenaere@gmail.com,FALSE
68e0a89ffbb307df3e4a9741,Royaume de Nyrond,"Nyrond est un royaume anciennement puissant et prospère, autrefois le joyau de l'est des Flanaess. Fondé par des nobles qui se rebellèrent contre le Grand Royaume d'Aerdy décadent, Nyrond représente l'honneur et la justice. Cependant, les récentes Guerres de Greyhawk ont épuisé le royaume, tant financièrement que militairement. Malgré ces difficultés, Nyrond reste fier et déterminé, ses citoyens loyaux à leur roi. Le royaume tente de se reconstruire tout en maintenant sa vigilance contre ses ennemis.",,monarchy,"Roi Archbold III (récemment décédé), maintenant le Roi Lynwerd I",2 000 000 habitants,Rel Mord,Commun (dialecte nyrondien),Nobles de Nyrond,"Jadis très puissante, maintenant affaiblie par les guerres. Environ 25 000 soldats réguliers, chevaliers, milices provinciales. Capacité de mobilisation réduite.","Affaiblie par la guerre : dettes massives, inflation, terres dévastées à l'est. Agriculture, commerce fluvial, mines. En reconstruction lente.",Tradition de loyauté et de service. Population stoïque et travailleuse. Respect de la loi et de l'ordre. Nombreux vétérans de guerre.,"Fondé en 356 CY par rébellion contre Aerdy. A prospéré pendant des siècles. Les Guerres de Greyhawk contre le Grand Royaume ont dévasté l'est du pays. Le roi Archbold III est mort récemment, son fils Lynwerd lui succède.",Allié historique d'Almor (détruit). Relations tendues avec le Grand Royaume. Ami de Furyondy et de la Cité de Greyhawk. Soutien du Duchy of Urnst.,Royaume épuisé mais déterminé. Reconstruction post-guerre. Opportunités pour héros aidant la renaissance. Lynwerd est jeune et idéaliste.,68e0c34219980e5c4ca19aed,2025-10-04T06:48:34.979000,2025-10-04T06:48:34.979000,68d133369c4bfb4942ca73e3,greg.demeulenaere@gmail.com,FALSE
68e0a89ffbb307df3e4a9741,Grand Royaume d'Aerdy,"Le Grand Royaume d'Aerdy, autrefois le plus grand et le plus glorieux empire des Flanaess, est maintenant une coquille corrompue de sa gloire passée. Gouverné par l'Overking Ivid V, un tyran fou et cruel, le royaume est tombé dans la décadence, la cruauté et la magie nécromantique. Les nobles se battent entre eux, les provinces se rebellent, et la population souffre sous le joug d'un dirigeant démoniaque. Aerdy reste techniquement puissant mais est un état en décomposition, menaçant par sa folie plus que par sa grandeur.",,empire,Overking Ivid V le Non-Mort (Tyran Liche),3 500 000 habitants (en déclin),Rauxes,Aerdi (dialecte du Commun),Ivids de l'Overking,"Armée corrompue : chevaliers morts-vivants (Animus), soldats fanatiques, mercenaires, fiélons invoqués. Environ 80 000 combattants, mais discipline faible. Nobles disposent de leurs propres armées.","Autrefois riche, maintenant en déclin. Agriculture, commerce réduit, taxes écrasantes, corruption généralisée. Pillage des provinces.","Anciennement noble et sophistiquée, maintenant paranoïaque et cruelle. Noblesse décadente. Culte de l'Overking imposé. Terreur et suspicion omniprésentes.","Fondé il y a plus de 1000 ans, Aerdy domina les Flanaess pendant des siècles. Expansion, conquêtes, âge d'or. Déclin progressif, folie des Overkings, guerres civiles. Ivid V tua sa propre noblesse et les ressuscita comme morts-vivants.",En guerre avec Nyrond et Almor (détruit). Provinces rebelles (North et South Province indépendantes de facto). Craint et haï par tous ses voisins.,Empire mourant et dangereux. Ivid V est fou et quasi-immortel. Royaume cauchemardesque. Opportunités pour renverser le tyran ou fuir ses terres maudites.,68e0c34219980e5c4ca19aee,2025-10-04T06:48:34.979000,2025-10-04T06:48:34.979000,68d133369c4bfb4942ca73e3,greg.demeulenaere@gmail.com,FALSE
68e0a89ffbb307df3e4a9741,Théocratie du Pale,"La Théocratie du Pale est une nation gouvernée par l'Église de Pholtus, dieu de la Lumière, de la Loi et de l'Ordre. Ce royaume théocratique rigide impose une discipline stricte, une moralité austère et une obéissance absolue aux préceptes de Pholtus. Les Pholtan croient détenir la seule vérité et cherchent à la répandre, parfois par la force. Bien que Lawful Good dans ses intentions, le Pale peut sembler intolérant et fanatique aux étrangers. La nation est bien organisée, ordonnée et militairement compétente.",,theocracy,"Théocrate Ogon Tillit, Pontife de Pholtus",600 000 habitants,Wintershiven,Commun (Flan),Wheatsheaves,"Armée disciplinée : paladins et clercs de Pholtus, infanterie rigoureuse, cavalerie légère. Environ 15 000 soldats réguliers. Inquisiteurs et templiers.","Agriculture (céréales), élevage, artisanat modeste. Commerce limité avec nations approuvées. Économie contrôlée par l'Église.",Société rigide et ordonnée. Obéissance stricte aux lois religieuses. Intolérance envers autres religions. Vêtements blancs et symboles de Pholtus omniprésents. Éducation religieuse obligatoire.,Le Pale devint une théocratie après qu'un mouvement religieux prit le pouvoir. Expansion par conversion et conquête. Absorba Tenh durant les Guerres de Greyhawk. Conflit permanent avec Iuz au nord.,"Allié du Shield Lands (avant sa chute), ami prudent de Nyrond. Tendu avec nations tolérantes comme Greyhawk. Croisade contre Iuz. Cherche à convertir les voisins.","Royaume Lawful Good mais intolérant. Joueurs doivent suivre lois strictes. Opportunités pour inquisitions, croisades. Clercs de Pholtus puissants.",68e0c34219980e5c4ca19aef,2025-10-04T06:48:34.979000,2025-10-04T06:48:34.979000,68d133369c4bfb4942ca73e3,greg.demeulenaere@gmail.com,FALSE
68e0a89ffbb307df3e4a9741,Cité Franche de Greyhawk,"La Cité Franche de Greyhawk est une métropole cosmopolite et indépendante, centre du commerce et de l'aventure dans le Flanaess. Gouvernée par un Lord-Maire et un conseil, la cité attire aventuriers, marchands et érudits du monde entier. Ses donjons légendaires et ses guildes puissantes en font un lieu incontournable.",,oligarchy,Lord-Maire et Conseil des Guildes,"~70 000 habitants dans la cité, ~150 000 dans le Domaine",Greyhawk,"Commun, nombreuses langues étrangères",Pièce d'or de Greyhawk,"Milice urbaine, Garde du Château, mercenaires","Commerce, artisanat, services aux aventuriers, érudition","Cosmopolite et tolérante, valorisant la liberté et l'entreprenariat. Forte culture d'exploration de donjons.","Fondée il y a plusieurs siècles, la cité a gagné son indépendance et est devenue un phare de liberté dans le Flanaess.","Relations commerciales avec la plupart des nations, neutre dans les conflits régionaux",,68e0a89ffbb307df3e4a9742,2025-10-04T04:54:55.341000,2025-10-04T06:17:31.996000,68d133369c4bfb4942ca73e3,greg.demeulenaere@gmail.com,FALSE
68e0a89ffbb307df3e4a9741,Empire d'Iuz,"L'Empire d'Iuz est une terre maudite gouvernée par le demi-dieu démoniaque Iuz le Maléfique. Terre de ténèbres et de terreur, elle menace constamment les nations voisines avec ses armées de démons et de morts-vivants.",,theocracy,"Iuz le Maléfique, demi-dieu du mal",~500 000 esclaves et serviteurs,Dorakaa,"Commun, Abyssal",Butin de guerre,"Légions de démons, morts-vivants, cultistes fanatiques","Esclavagisme, pillage, tributs forcés","Culte du mal et de la souffrance, tyrannie absolue",Iuz a conquis et unifié plusieurs terres pour créer son empire démoniaque,En guerre avec presque toutes les nations voisines,,68e0a89ffbb307df3e4a9744,2025-10-04T04:54:55.341000,2025-10-04T06:24:11.604000,68d133369c4bfb4942ca73e3,greg.demeulenaere@gmail.com,FALSE
68e0a89ffbb307df3e4a9741,Royaume de Furyondie,"Furyondie est un royaume féodal traditionnel situé au nord du Flanaess, constamment menacé par les forces démoniaques d'Iuz au nord. Nation fière et militariste, elle défend farouchement ses frontières contre les incursions maléfiques.",,monarchy,Roi Belvor IV,~1 million d'habitants,Chendl,Commun,Noble de Furyondie,"Armée féodale disciplinée, ordre de chevaliers","Agriculture, élevage, exploitation forestière","Honorable et martiale, forte dévotion aux dieux du bien","Ancienne province du Grand Royaume, devenue indépendante. Lutte constante contre Iuz.","Allié avec Veluna et la Cité de Greyhawk, ennemi juré d'Iuz",,68e0a89ffbb307df3e4a9743,2025-10-04T04:54:55.341000,2025-10-04T06:20:13.963000,68d133369c4bfb4942ca73e3,greg.demeulenaere@gmail.com,FALSE