name,description_text,image_url,type,subtype,rarity,quality,source,source_creature,harvest_method,harvest_difficulty,required_tool,processing,uses,properties,magical_properties,market_value,weight,unit,stack_size,durability,combinations,storage_conditions,preservation_time,crafting_bonus,lore,notes,id,created_date,updated_date,created_by_id,created_by,is_sample
Lait de Vache Frais,Lait blanc crémeux fraîchement trait.,,autre,,Commun,Bonne,Vaches laitières,,,Moyen,,,,,,0.5,1 litre,pièce,,,,Au frais,3 jours,,,,68e2973d62ee4dfd14fa1c04,2025-10-05T16:05:17.746000,2025-10-05T16:05:17.746000,68d133369c4bfb4942ca73e3,greg.demeulenaere@gmail.com,FALSE
Crème Fraîche Épaisse,Crème onctueuse et riche. Flotte sur le café.,,autre,,Commun,Bonne,Lait de vache,,,Moyen,,,,,,1,200ml,pièce,,,,Au frais,1 semaine,,,,68e2973d62ee4dfd14fa1c05,2025-10-05T16:05:17.746000,2025-10-05T16:05:17.746000,68d133369c4bfb4942ca73e3,greg.demeulenaere@gmail.com,FALSE
Rhum des Pirates,Alcool fort ambré distillé de canne à sucre. Corsé et capiteux.,,autre,,Peu commun,Bonne,Distilleries côtières,,,Moyen,,,,,,5,750ml,pièce,,,,À l'abri de la lumière,Indéfini,,,,68e2973d62ee4dfd14fa1c06,2025-10-05T16:05:17.746000,2025-10-05T16:05:17.746000,68d133369c4bfb4942ca73e3,greg.demeulenaere@gmail.com,FALSE
Vodka de Glace,Alcool neutre cristallin. Distillé dans les terres du Nord.,,autre,,Commun,Moyenne,Distilleries nordiques,,,Moyen,,,,,,3,750ml,pièce,,,,Température ambiante,Indéfini,,,,68e2973d62ee4dfd14fa1c07,2025-10-05T16:05:17.746000,2025-10-05T16:05:17.746000,68d133369c4bfb4942ca73e3,greg.demeulenaere@gmail.com,FALSE
Levure de Brasseur,Micro-organismes vivants qui transforment les sucres en alcool.,,autre,,Commun,Bonne,Brasseries,,,Moyen,,,,,,1,50g,pièce,,,,Au frais et au sec,6 mois,,,,68e2973d62ee4dfd14fa1c08,2025-10-05T16:05:17.746000,2025-10-05T16:05:17.746000,68d133369c4bfb4942ca73e3,greg.demeulenaere@gmail.com,FALSE
Glace Magique,Glace qui ne fond jamais. Créée par magie élémentaire.,,autre,,Rare,Exceptionnelle,Plans élémentaires de glace,,,Moyen,,,,,Refroidit sans fondre,10,Variable,pièce,,,,Aucune,Infini,,,,68e2973d62ee4dfd14fa1c09,2025-10-05T16:05:17.746000,2025-10-05T16:05:17.746000,68d133369c4bfb4942ca73e3,greg.demeulenaere@gmail.com,FALSE
Sirop d'Érable,Sève d'érable concentrée. Sucré et ambré.,,autre,,Peu commun,Excellente,Érables nordiques,,,Moyen,,,,,,8,250ml,pièce,,,,Au frais après ouverture,1 an,,,,68e2973d62ee4dfd14fa1c0a,2025-10-05T16:05:17.746000,2025-10-05T16:05:17.746000,68d133369c4bfb4942ca73e3,greg.demeulenaere@gmail.com,FALSE
Fromage Frais de Chèvre,Fromage blanc crémeux et doux. Fraîchement fait.,,autre,,Commun,Bonne,Lait de chèvre,,Fabrication fromagère simple,Facile,,,,,,2,200g,pièce,,,,Au frais,1 semaine,,,,68e295d4d669d09f29993ccc,2025-10-05T15:59:16.660000,2025-10-05T15:59:16.660000,68d133369c4bfb4942ca73e3,greg.demeulenaere@gmail.com,FALSE
Pain de Campagne,Pain rustique croustillant. Cuit au four à bois.,,autre,,Commun,Moyenne,Boulangerie,,,Moyen,,,,,,0.5,800g,pièce,,,,Température ambiante,3 jours,,,,68e295d4d669d09f29993ccd,2025-10-05T15:59:16.660000,2025-10-05T15:59:16.660000,68d133369c4bfb4942ca73e3,greg.demeulenaere@gmail.com,FALSE
Œufs Frais (6),Œufs de poule fraîchement pondus. Polyvalents.,,autre,,Commun,Bonne,Poules,,,Moyen,,,,,,0.6,360g,pièce,,,,Au frais,3 semaines,,,,68e295d4d669d09f29993cce,2025-10-05T15:59:16.660000,2025-10-05T15:59:16.660000,68d133369c4bfb4942ca73e3,greg.demeulenaere@gmail.com,FALSE
Chocolat Noir,Tablette de chocolat amer importé. Riche et intense.,,autre,,Peu commun,Excellente,Fèves de cacao des îles lointaines,,,Moyen,,,,,,5,100g,pièce,,,,Au frais et au sec,1 an,,,,68e295d4d669d09f29993ccf,2025-10-05T15:59:16.660000,2025-10-05T15:59:16.660000,68d133369c4bfb4942ca73e3,greg.demeulenaere@gmail.com,FALSE
Sucre Blanc,Cristaux blancs sucrés. Raffiné et pur.,,autre,,Commun,Moyenne,Canne à sucre ou betterave,,,Moyen,,,,,,1,500g,pièce,,,,Au sec,Indéfini,,,,68e295d4d669d09f29993cd0,2025-10-05T15:59:16.660000,2025-10-05T15:59:16.660000,68d133369c4bfb4942ca73e3,greg.demeulenaere@gmail.com,FALSE
Pâtes Sèches,Pâtes de blé dur séchées. Se conservent longtemps.,,autre,,Commun,Moyenne,Artisan pastaier,,,Moyen,,,,,,0.8,500g,pièce,,,,Au sec,2 ans,,,,68e295d4d669d09f29993cd1,2025-10-05T15:59:16.660000,2025-10-05T15:59:16.660000,68d133369c4bfb4942ca73e3,greg.demeulenaere@gmail.com,FALSE
Civet de Lapin,Découpe complète d'un lapin prête à cuisiner. Viande maigre et tendre.,,partie_animal,,Commun,Bonne,Lapin de Garenne,Lapin de Garenne,Chasse et dépeçage,Facile,,,,,,2,1.2kg,pièce,,,,Au frais,3 jours,,,,68e2952e0b5bce32ea0851bd,2025-10-05T15:56:30.605000,2025-10-05T15:56:30.605000,68d133369c4bfb4942ca73e3,greg.demeulenaere@gmail.com,FALSE
Venaison de Cerf,"Viande noble de cerf. Sombre, maigre et au goût fin de gibier.",,partie_animal,,Peu commun,Excellente,Cerf Noble,Cerf Noble,Chasse et boucherie spécialisée,Moyen,,,,,,12,1kg,pièce,,,,Faisander puis conserver au frais,1 semaine,,,,68e2952e0b5bce32ea0851be,2025-10-05T15:56:30.605000,2025-10-05T15:56:30.605000,68d133369c4bfb4942ca73e3,greg.demeulenaere@gmail.com,FALSE
Côtelettes de Sanglier,Viande de sanglier sauvage. Plus sombre et goûteuse que le porc domestique.,,partie_animal,,Commun,Bonne,Sanglier Furieux,Sanglier Furieux,Chasse dangereuse et dépeçage,Moyen,,,,,,5,1kg,pièce,,,,Faisander puis au frais,1 semaine,,,,68e2952e0b5bce32ea0851bf,2025-10-05T15:56:30.605000,2025-10-05T15:56:30.605000,68d133369c4bfb4942ca73e3,greg.demeulenaere@gmail.com,FALSE
Faisan Plumé,Faisan entier prêt à cuire. Viande raffinée au goût délicat.,,partie_animal,,Peu commun,Excellente,Faisan Doré,Faisan Doré,Chasse et plumage délicat,Moyen,,,,,,8,800g,pièce,,,,Faisander 3-5 jours,5 jours faisandé,,,,68e2952e0b5bce32ea0851c0,2025-10-05T15:56:30.605000,2025-10-05T15:56:30.605000,68d133369c4bfb4942ca73e3,greg.demeulenaere@gmail.com,FALSE
Huîtres Perlières (douzaine),Mollusques frais au goût iodé. Peuvent contenir des perles rares.,,partie_animal,,Peu commun,Excellente,Huître Perlière Géante,Huître Perlière Géante,Plongée et ouverture délicate,Moyen,,,,,,15,600g,pièce,,,,"Vivantes, sur glace",3 jours vivantes,,,,68e2952e0b5bce32ea0851c1,2025-10-05T15:56:30.605000,2025-10-05T15:56:30.605000,68d133369c4bfb4942ca73e3,greg.demeulenaere@gmail.com,FALSE
Queue de Langouste,Chair exceptionnelle de langouste. Mets de luxe prisé des nobles.,,partie_animal,,Rare,Exceptionnelle,Langouste Rouge,Langouste Rouge,Pêche en plongée nocturne,Difficile,,,,,,25,400g,pièce,,,,Sur glace immédiatement,1 jour,,,,68e2952e0b5bce32ea0851c2,2025-10-05T15:56:30.605000,2025-10-05T15:56:30.605000,68d133369c4bfb4942ca73e3,greg.demeulenaere@gmail.com,FALSE
Foie Gras d'Oie,Foie hypertrophié d'oie gavée. Délicatesse onctueuse ultra-prisée.,,partie_animal,,Rare,Exceptionnelle,Oie Grasse,Oie Grasse,Élevage spécialisé et gavage,Difficile,,,,,,50,500g,pièce,,,,Au frais absolu,1 semaine mi-cuit,,,,68e2952e0b5bce32ea0851c3,2025-10-05T15:56:30.605000,2025-10-05T15:56:30.605000,68d133369c4bfb4942ca73e3,greg.demeulenaere@gmail.com,FALSE
Filet de Saumon Royal,Chair rose délicate et grasse. Riche en saveurs marines.,,partie_animal,,Peu commun,Excellente,Saumon Royal,Saumon Royal,Pêche en rivière lors de la migration,Moyen,,,,,,8,600g,pièce,,,,Sur glace,3 jours frais,,,,68e2952e0b5bce32ea0851c4,2025-10-05T15:56:30.605000,2025-10-05T15:56:30.605000,68d133369c4bfb4942ca73e3,greg.demeulenaere@gmail.com,FALSE
Sang de Troll,Liquide verdâtre épais qui se régénère. Propriétés curatives extraordinaires.,,partie_monstre,sang,Rare,Bonne,Troll,Troll,Prélèvement pendant combat ou après mise à terre,Très difficile,,,,,Régénération tissulaire rapide,100,500ml,pièce,,,,Fiole hermétique,1 mois en fiole scellée,,,,68e2952e0b5bce32ea0851c5,2025-10-05T15:56:30.605000,2025-10-05T15:56:30.605000,68d133369c4bfb4942ca73e3,greg.demeulenaere@gmail.com,FALSE
Truffe Noire Impériale,Champignon souterrain ultra-rare. Parfum et saveur incomparables.,,autre,,Légendaire,Exceptionnelle,"Forêts anciennes, racines de chênes centenaires",,Recherche avec cochons ou chiens truffiers,Très difficile,,,,,,200,50g,pièce,,,,Dans du riz au frais,10 jours,,,,68e2952e0b5bce32ea0851c6,2025-10-05T15:56:30.605000,2025-10-05T15:56:30.605000,68d133369c4bfb4942ca73e3,greg.demeulenaere@gmail.com,FALSE
Filet de Truite Argentée,Filet de poisson délicat aux reflets argentés. Chair fine et savoureuse.,,partie_animal,,Commun,Bonne,Truite Argentée,Truite Argentée,Pêche et filetage délicat,Facile,,,,,,3,200g,pièce,,,,Sur glace,"1 jour frais, 1 semaine fumé",,,,68e29430df16a667f1f97037,2025-10-05T15:52:16.054000,2025-10-05T15:52:16.054000,68d133369c4bfb4942ca73e3,greg.demeulenaere@gmail.com,FALSE
Lard de Cochon Noir,Graisse de porc épaisse et savoureuse. Essentielle pour la cuisine rustique.,,partie_animal,,Commun,Moyenne,Cochon Noir,Cochon Noir,Découpe après abattage,Facile,,,,,,2,1kg,pièce,,,,Au frais ou fumé,6 mois fumé,,,,68e29430df16a667f1f97038,2025-10-05T15:52:16.054000,2025-10-05T15:52:16.054000,68d133369c4bfb4942ca73e3,greg.demeulenaere@gmail.com,FALSE
Chair de Cochon Noir,Viande de porc tendre et grasse. Polyvalente en cuisine.,,partie_animal,,Commun,Bonne,Cochon Noir,Cochon Noir,Dépeçage traditionnel,Facile,,,,,,4,1kg,pièce,,,,Au frais,5 jours frais,,,,68e29430df16a667f1f97039,2025-10-05T15:52:16.054000,2025-10-05T15:52:16.054000,68d133369c4bfb4942ca73e3,greg.demeulenaere@gmail.com,FALSE
Chair de Crabe Géant,Viande blanche délicate extraite des pinces et du corps. Mets de luxe.,,partie_animal,,Peu commun,Excellente,Crabe Géant,Crabe Géant,Extraction après cuisson,Moyen,,,,,,18,500g,pièce,,,,Sur glace immédiatement,2 jours,,,,68e29430df16a667f1f9703a,2025-10-05T15:52:16.054000,2025-10-05T15:52:16.054000,68d133369c4bfb4942ca73e3,greg.demeulenaere@gmail.com,FALSE
Escargots Géants (douzaine),Mollusques comestibles de grande taille. Texture unique appréciée.,,partie_animal,,Commun,Moyenne,Escargot Géant,Escargot Géant,Récolte et nettoyage,Très facile,,,,,,6,300g,pièce,,,,"Au frais, humide",3 jours vivants,,,,68e29430df16a667f1f9703b,2025-10-05T15:52:16.054000,2025-10-05T15:52:16.054000,68d133369c4bfb4942ca73e3,greg.demeulenaere@gmail.com,FALSE
Viande de Bœuf,Viande rouge de qualité. Base de nombreux plats traditionnels.,,partie_animal,,Commun,Bonne,Bœuf des Plaines,Bœuf des Plaines,Abattage et découpe professionnelle,Moyen,,,,,,6,1kg,pièce,,,,Au frais,1 semaine au frais,,,,68e29430df16a667f1f9703c,2025-10-05T15:52:16.054000,2025-10-05T15:52:16.054000,68d133369c4bfb4942ca73e3,greg.demeulenaere@gmail.com,FALSE
Magret de Canard,Filet de poitrine de canard. Viande rouge tendre et goûteuse.,,partie_animal,,Commun,Bonne,Canard Sauvage,Canard Sauvage,Découpe après plumage,Facile,,,,,,7,300g,pièce,,,,Au frais,4 jours,,,,68e29430df16a667f1f9703d,2025-10-05T15:52:16.054000,2025-10-05T15:52:16.054000,68d133369c4bfb4942ca73e3,greg.demeulenaere@gmail.com,FALSE
Tentacules de Pieuvre,Tentacules charnues au goût iodé. Texture particulière prisée.,,partie_animal,,Peu commun,Bonne,Pieuvre des Récifs,Pieuvre des Récifs,Nettoyage et préparation,Facile,,,,,,10,400g,pièce,,,,Sur glace,2 jours,,,,68e29430df16a667f1f9703e,2025-10-05T15:52:16.054000,2025-10-05T15:52:16.054000,68d133369c4bfb4942ca73e3,greg.demeulenaere@gmail.com,FALSE
Corne de Licorne (fragment),Fragment de la corne d'une licorne. Purifie tout liquide qu'elle touche.,,partie_monstre,corne,Légendaire,Exceptionnelle,Licorne (uniquement récupérée après mort naturelle),Licorne,Récupération éthique uniquement,Très difficile,,,,,Purifie et neutralise tous poisons et maladies,10000,50g,pièce,,,,N'importe où,Infini,,,,68e29430df16a667f1f9703f,2025-10-05T15:52:16.054000,2025-10-05T15:52:16.054000,68d133369c4bfb4942ca73e3,greg.demeulenaere@gmail.com,FALSE
Foie de Chimère,Organe tricolore d'une chimère. Contient l'essence de trois créatures.,,partie_monstre,organe,Très rare,Exceptionnelle,Chimère,Chimère,Extraction rapide après la mort,Très difficile,,,,,Confère des capacités multiples temporairement,500,1kg,pièce,,,,Dans l'alcool fort,1 semaine dans l'alcool,,,,68e29430df16a667f1f97040,2025-10-05T15:52:16.054000,2025-10-05T15:52:16.054000,68d133369c4bfb4942ca73e3,greg.demeulenaere@gmail.com,FALSE
Viande de Sanglier,"Viande rouge foncée, riche et savoureuse. Excellente pour les ragoûts.",,partie_animal,,Commun,Bonne,Sanglier des Bois,Sanglier des Bois,Dépeçage après chasse,Facile,,,,,,5,1 kg,pièce,,,,Au frais ou fumé,"3 jours frais, 1 mois fumé",,,,68e29304062c229af79b9c68,2025-10-05T15:47:16.305000,2025-10-05T15:47:16.305000,68d133369c4bfb4942ca73e3,greg.demeulenaere@gmail.com,FALSE
Chair de Lapin Lunaire,Viande blanche tendre avec une légère luminescence. Goût délicat.,,partie_animal,,Peu commun,Excellente,Lapin Lunaire,Lapin Lunaire,Dépeçage délicat,Facile,,,,,Confère une vision nocturne faible,15,500g,pièce,,,,"Au frais, à l'abri de la lumière",2 jours frais,,,,68e29304062c229af79b9c69,2025-10-05T15:47:16.305000,2025-10-05T15:47:16.305000,68d133369c4bfb4942ca73e3,greg.demeulenaere@gmail.com,FALSE
Filet de Poisson Cristallin,Chair translucide qui semble contenir de l'eau pure. Extrêmement délicat.,,partie_animal,,Rare,Exceptionnelle,Poisson Cristallin,Poisson Cristallin,"Pêche délicate, filetage expert",Difficile,,,,,Purifie l'organisme,25,200g,pièce,,,,Sur glace immédiatement,1 jour,,,,68e29304062c229af79b9c6a,2025-10-05T15:47:16.305000,2025-10-05T15:47:16.305000,68d133369c4bfb4942ca73e3,greg.demeulenaere@gmail.com,FALSE
Volaille Dorée (entière),Volaille complète au plumage doré. Chair juteuse et savoureuse.,,partie_animal,,Commun,Bonne,Volaille Dorée,Volaille Dorée,Abattage et plumage,Facile,,,,,,8,2 kg,pièce,,,,Au frais,4 jours frais,,,,68e29304062c229af79b9c6b,2025-10-05T15:47:16.305000,2025-10-05T15:47:16.305000,68d133369c4bfb4942ca73e3,greg.demeulenaere@gmail.com,FALSE
Venaison de Cerf,Viande noble et maigre du cerf. Saveur riche et forestière.,,partie_animal,,Peu commun,Excellente,Cerf Majestueux,Cerf Majestueux,Dépeçage expert,Moyen,,,,,,20,1 kg,pièce,,,,Au frais ou fumé,"5 jours frais, 2 mois fumé",,,,68e29304062c229af79b9c6c,2025-10-05T15:47:16.305000,2025-10-05T15:47:16.305000,68d133369c4bfb4942ca73e3,greg.demeulenaere@gmail.com,FALSE
Écaille de Basilic,Écaille dure avec un léger éclat pétrifiant. Doit être soigneusement préparée.,,partie_monstre,écaille,Rare,Bonne,Basilic,Basilic,Extraction après neutralisation du regard,Très difficile,,,,,"Réduite en poudre, fortifie les os",50,50g,pièce,,,,"Sec, dans un récipient en plomb",Indéfini,,,,68e29304062c229af79b9c6d,2025-10-05T15:47:16.305000,2025-10-05T15:47:16.305000,68d133369c4bfb4942ca73e3,greg.demeulenaere@gmail.com,FALSE
Langue de Troll,Organe régénératif d'un troll. Continue de se régénérer même après la mort.,,partie_monstre,organe,Rare,Moyenne,Troll,Troll,Extraction rapide après mise à feu,Difficile,,,,,Propriétés régénératives,100,500g,pièce,,,,Dans l'acide pour arrêter la régénération,Continue de repousser,,,,68e29304062c229af79b9c6e,2025-10-05T15:47:16.305000,2025-10-05T15:47:16.305000,68d133369c4bfb4942ca73e3,greg.demeulenaere@gmail.com,FALSE
Viande de Bulette,Chair coriace mais nourrissante du 'requin terrestre'. Goût de gibier fort.,,partie_monstre,viande,Rare,Moyenne,Bulette,Bulette,Dépeçage avec outils renforcés,Difficile,,,,,,30,5 kg,pièce,,,,Au frais,1 semaine,,,,68e29304062c229af79b9c6f,2025-10-05T15:47:16.305000,2025-10-05T15:47:16.305000,68d133369c4bfb4942ca73e3,greg.demeulenaere@gmail.com,FALSE
Œuf de Dragon (non fertile),Œuf de dragon non fécondé. Extrêmement rare et précieux en cuisine.,,partie_monstre,œuf,Légendaire,Exceptionnelle,Dragons femelles,Dragon,Négociation ou récupération d'un nid abandonné,Très difficile,,,,,Résistance élémentaire temporaire,5000,10 kg,pièce,,,,Température stable,1 an,,,,68e29304062c229af79b9c70,2025-10-05T15:47:16.305000,2025-10-05T15:47:16.305000,68d133369c4bfb4942ca73e3,greg.demeulenaere@gmail.com,FALSE
Sang de Troll,Sang épais et vert qui continue de pulser même après prélèvement. Propriétés régénératives exceptionnelles.,,partie_monstre,fluide,Peu commune,Bonne,Trolls,Troll,Prélèvement pendant que le troll régénère,Difficile,,,,,Régénération rapide,200,100ml,pièce,,,,,Indéfiniment si conservé dans fiole scellée,,,,68e28de1db7453d9d0337cd2,2025-10-05T15:25:21.772000,2025-10-05T15:25:21.772000,68d133369c4bfb4942ca73e3,greg.demeulenaere@gmail.com,FALSE
Cerveau d'Illithid,Cerveau pulsant d'un flagelleur mental. Irradie des ondes psioniques même après la mort.,,partie_monstre,organe,Très rare,Excellente,Flagelleurs mentaux (Illithids),Illithid,Extraction chirurgicale après la mort,Très difficile,,,,,"Pouvoirs psioniques, contrôle mental",5000,500g,pièce,,,,,,,,,68e28de1db7453d9d0337cd3,2025-10-05T15:25:21.772000,2025-10-05T15:25:21.772000,68d133369c4bfb4942ca73e3,greg.demeulenaere@gmail.com,FALSE
Peau d'Ogre Épaisse,Peau extrêmement résistante d'un ogre. Dure comme du cuir mais trois fois plus épaisse.,,partie_monstre,peau,Commune,Moyenne,Ogres,Ogre,Dépeçage après la mort,Moyen,,,,,,150,5kg,pièce,,,,,,,,,68e28de1db7453d9d0337cd4,2025-10-05T15:25:21.772000,2025-10-05T15:25:21.772000,68d133369c4bfb4942ca73e3,greg.demeulenaere@gmail.com,FALSE
Cheveux de Géant des Collines,Mèches de cheveux épais d'un géant. Chaque fil est fort comme une corde.,,partie_monstre,cheveux,Peu commune,Bonne,Géants des Collines,Géant des Collines,Coupé pendant le sommeil ou après la mort,Difficile,,,,,Confère force surhumaine,1500,500g,pièce,,,,,,,,,68e28de1db7453d9d0337cd5,2025-10-05T15:25:21.772000,2025-10-05T15:25:21.772000,68d133369c4bfb4942ca73e3,greg.demeulenaere@gmail.com,FALSE
Essence d'Éther,Un liquide translucide qui semble exister entre les plans. Brille faiblement dans l'obscurité.,,autre,,Très rare,Excellente,Plans éthérés,,Condensation magique des vapeurs éthérées,Très difficile,,,,,Permet de lier des enchantements aux objets,500,100ml,pièce,,,,,,,,,68e28de1db7453d9d0337ca4,2025-10-05T15:25:21.596000,2025-10-05T15:25:21.596000,68d133369c4bfb4942ca73e3,greg.demeulenaere@gmail.com,FALSE
Poussière de Mithril,Poudre argentée ultra-fine d'un métal légendaire. Scintille de magie.,,métal_brut,,Légendaire,Exceptionnelle,Mines profondes de Mithril,,Broyage de Mithril pur,Très difficile,,,,,"Renforce les enchantements, réduit le poids",5000,50g,pièce,,,,,,,,,68e28de1db7453d9d0337ca5,2025-10-05T15:25:21.596000,2025-10-05T15:25:21.596000,68d133369c4bfb4942ca73e3,greg.demeulenaere@gmail.com,FALSE
Lingot d'Adamantium,Le métal le plus dur connu. Noir profond avec reflets verts.,,lingot,,Légendaire,Exceptionnelle,"Cœur des montagnes, forges infernales",,Extraction extrêmement difficile,Très difficile,,,,,"Indestructible, ignore résistances",10000,500g,pièce,,,,,,,,,68e28de1db7453d9d0337ca6,2025-10-05T15:25:21.596000,2025-10-05T15:25:21.596000,68d133369c4bfb4942ca73e3,greg.demeulenaere@gmail.com,FALSE
Cristal de Mana Pur,Cristal bleu lumineux vibrant d'énergie magique pure.,,gemme_brute,,Très rare,Exceptionnelle,Nœuds de lignes telluriques,,Cristallisation magique,Très difficile,,,,,Stocke et amplifie l'énergie magique,1000,100g,pièce,,,,,,,,,68e28de1db7453d9d0337ca7,2025-10-05T15:25:21.596000,2025-10-05T15:25:21.596000,68d133369c4bfb4942ca73e3,greg.demeulenaere@gmail.com,FALSE
Écaille de Dragon Ancien,Écaille massive d'un dragon millénaire. Irradie de pouvoir élémentaire.,,partie_monstre,écaille,Légendaire,Exceptionnelle,Dragons anciens uniquement,Dragon ancien,Récupération après combat épique,Très difficile,,,,,"Résistance élémentaire, protection magique",15000,2kg,pièce,,,,,,,,,68e28de1db7453d9d0337ca8,2025-10-05T15:25:21.596000,2025-10-05T15:25:21.596000,68d133369c4bfb4942ca73e3,greg.demeulenaere@gmail.com,FALSE
Cœur de Golem de Pierre,Gemme pulsante au centre d'un golem. Contient son essence animatrice.,,partie_monstre,organe,Rare,Excellente,Golems de pierre,Golem de pierre,Extraction après destruction,Difficile,,,,,"Animation, résistance aux dégâts",800,500g,pièce,,,,,,,,,68e28de1db7453d9d0337ca9,2025-10-05T15:25:21.596000,2025-10-05T15:25:21.596000,68d133369c4bfb4942ca73e3,greg.demeulenaere@gmail.com,FALSE
Œil de Basilic,Œil préservé d'un basilic. Conserve un éclat pétrifiant.,,partie_monstre,œil,Rare,Bonne,Basilics,Basilic,Extraction soigneuse,Difficile,,,,,"Pétrification, paralysie",400,50g,pièce,,,,,,,,,68e28de1db7453d9d0337caa,2025-10-05T15:25:21.596000,2025-10-05T15:25:21.596000,68d133369c4bfb4942ca73e3,greg.demeulenaere@gmail.com,FALSE
Dent de Balor,Croc immense d'un seigneur démon. Brûle au toucher.,,partie_monstre,dent,Légendaire,Exceptionnelle,Balors uniquement,Balor,Arrachée après combat légendaire,Très difficile,,,,,"Feu infernal, destruction",12000,1kg,pièce,,,,,,,,,68e28de1db7453d9d0337cab,2025-10-05T15:25:21.596000,2025-10-05T15:25:21.596000,68d133369c4bfb4942ca73e3,greg.demeulenaere@gmail.com,FALSE
Essence Céleste,Lumière liquide récoltée des plans supérieurs. Apaise et guérit.,,autre,,Très rare,Exceptionnelle,Plans célestes,,Condensation de lumière divine,Très difficile,,,,,"Guérison, protection contre le mal",3000,100ml,pièce,,,,,,,,,68e28de1db7453d9d0337cac,2025-10-05T15:25:21.596000,2025-10-05T15:25:21.596000,68d133369c4bfb4942ca73e3,greg.demeulenaere@gmail.com,FALSE
Fragment d'Étoile Morte,Morceau de métal stellaire tombé du ciel. Froid au toucher.,,métal_brut,,Légendaire,Exceptionnelle,Météorites,,Récupération de sites d'impact,Très difficile,,,,,"Dégâts radiants, lumière éternelle",8000,300g,pièce,,,,,,,,,68e28de1db7453d9d0337cad,2025-10-05T15:25:21.596000,2025-10-05T15:25:21.596000,68d133369c4bfb4942ca73e3,greg.demeulenaere@gmail.com,FALSE
Plume de Phénix,"Une plume écarlate et dorée qui brûle d'une flamme éternelle. Extrêmement rare, elle ne peut être obtenue que si le phénix l'offre volontairement.",,partie_animal,plume,Légendaire,Exceptionnelle,Phénix,Phénix,Don volontaire du phénix,Très difficile,,,,,"Résurrection, immunité au feu",15000,5g,pièce,,,,,,,,,68e284755774f0a395e9d98c,2025-10-05T14:45:09.421000,2025-10-05T14:45:09.421000,68d133369c4bfb4942ca73e3,greg.demeulenaere@gmail.com,FALSE
Griffe de Griffon,Une griffe acérée et résistante d'un griffon.,,partie_animal,griffe,Rare,Bonne,Griffons,Griffon,Récupération après combat,Difficile,,,,,,85,150g,pièce,,,,,,,,,68e284755774f0a395e9d98d,2025-10-05T14:45:09.421000,2025-10-05T14:45:09.421000,68d133369c4bfb4942ca73e3,greg.demeulenaere@gmail.com,FALSE
Dent de Requin des Abysses,Une dent triangulaire noire d'un requin géant des profondeurs.,,partie_animal,dent,Peu commune,Bonne,Requins des abysses,Requin des abysses,Extraction après la mort,Moyen,,,,,,25,50g,pièce,,,,,,,,,68e284755774f0a395e9d98e,2025-10-05T14:45:09.421000,2025-10-05T14:45:09.421000,68d133369c4bfb4942ca73e3,greg.demeulenaere@gmail.com,FALSE
Toile d'Araignée de Phase,La toile d'une araignée de phase qui peut se déplacer entre les plans.,,partie_monstre,toile,Très rare,Excellente,Araignées de phase,Araignée de phase,Récolte délicate,Très difficile,,,,,Passage entre dimensions,350,10g,pièce,,,,,,,,,68e284755774f0a395e9d98f,2025-10-05T14:45:09.421000,2025-10-05T14:45:09.421000,68d133369c4bfb4942ca73e3,greg.demeulenaere@gmail.com,FALSE
Corne de Licorne,La corne spiralée iridescente d'une licorne. Purifie tout poison.,,partie_monstre,corne,Légendaire,Exceptionnelle,Licornes,Licorne,Don volontaire uniquement,Très difficile,,,,,"Purification universelle, guérison",20000,300g,pièce,,,,,,,,,68e284755774f0a395e9d990,2025-10-05T14:45:09.421000,2025-10-05T14:45:09.421000,68d133369c4bfb4942ca73e3,greg.demeulenaere@gmail.com,FALSE
Sang de Dragon,Le sang épais et brûlant d'un dragon. Conserve sa chaleur même refroidi.,,partie_monstre,fluide,Légendaire,Exceptionnelle,Dragons,Dragon,Prélèvement après combat,Très difficile,,,,,"Immunité au feu, force accrue",10000,100ml,pièce,,,,,,,,,68e284755774f0a395e9d991,2025-10-05T14:45:09.421000,2025-10-05T14:45:09.421000,68d133369c4bfb4942ca73e3,greg.demeulenaere@gmail.com,FALSE
Cœur de Dragon,"Le cœur encore palpitant d'un dragon. Extrêmement rare et puissant, il contient une magie primordiale.",,partie_monstre,cœur,Légendaire,Excellente,Dragons adultes,Dragon,"Extraction immédiate après la mort, avant refroidissement",Très difficile,Dague en mithril,"Conserver dans un fluide magique, ne pas congeler",,,Contient l'essence vitale et magique du dragon,5000,2 kg,pièce,,,,,1 semaine dans fluide magique,,Le cœur de dragon est l'ingrédient le plus recherché par les alchimistes. On dit qu'une seule goutte de sang d'un cœur de dragon peut créer des potions légendaires.,,68e281d8c6f4ec5cd17e2a3d,2025-10-05T14:34:00.733000,2025-10-05T14:34:00.733000,68d133369c4bfb4942ca73e3,greg.demeulenaere@gmail.com,FALSE
Venin de Serpent Géant,Un venin extrêmement toxique extrait des glandes d'un serpent géant. Utilisé pour créer des poisons mortels ou des antidotes.,,partie_animal,venin,Rare,Bonne,Serpents géants,Serpent géant,Extraction des glandes à venin avec précaution,Difficile,Seringue en verre,,,,,120,100ml,pièce,,Fragile,,"Au frais, à l'abri de la lumière",3 mois en fiole scellée,,,,68e281d8c6f4ec5cd17e2a3e,2025-10-05T14:34:00.733000,2025-10-05T14:34:00.733000,68d133369c4bfb4942ca73e3,greg.demeulenaere@gmail.com,FALSE
Œil de Basilic,"L'œil pétrifiant d'un basilic. Même mort, il conserve une partie de son pouvoir mortel.",,partie_monstre,œil,Très rare,Excellente,Basilics,Basilic,"Extraction avec miroir, ne jamais regarder directement",Très difficile,Pince longue et miroir,,,,Conserve le pouvoir pétrifiant du basilic,800,50g,pièce,,,,,Indéfini si conservé dans l'obscurité,,,,68e281d8c6f4ec5cd17e2a3f,2025-10-05T14:34:00.733000,2025-10-05T14:34:00.733000,68d133369c4bfb4942ca73e3,greg.demeulenaere@gmail.com,FALSE
Foie de Troll,"Le foie d'un troll, organe responsable de sa régénération légendaire. Excellent pour les potions de régénération.",,partie_monstre,foie,Rare,Bonne,Trolls,Troll,"Extraction rapide, le foie continue de régénérer même après extraction",Difficile,,,,,Capacité de régénération constante,200,1 kg,pièce,,,,,Continue de vivre indéfiniment si nourri,,,,68e281d8c6f4ec5cd17e2a40,2025-10-05T14:34:00.733000,2025-10-05T14:34:00.733000,68d133369c4bfb4942ca73e3,greg.demeulenaere@gmail.com,FALSE
Écaille de Wyrm de Glace,Une écaille bleue glacée d'un wyrm de glace. Extrêmement résistante et toujours froide au toucher.,,partie_monstre,écaille,Très rare,Excellente,Wyrms de glace,Wyrm de glace,"Arrachage après combat, attention au froid résiduel",Difficile,,,,,Immunité naturelle au froid,150,200g par écaille,pièce,,,,,,,,,68e281d8c6f4ec5cd17e2a41,2025-10-05T14:34:00.733000,2025-10-05T14:34:00.733000,68d133369c4bfb4942ca73e3,greg.demeulenaere@gmail.com,FALSE
Sang de Licorne,"Le sang argenté d'une licorne. Tuer une licorne pour son sang est considéré comme le plus grand des crimes, mais son pouvoir curatif est inégalé.",,partie_animal,sang,Légendaire,Exceptionnelle,Licornes,Licorne,INTERDIT - Tuer une licorne maudit celui qui le fait,Très difficile,,,,,"Pouvoir de guérison absolu, mais maudit son utilisateur",10000,100ml,pièce,,,,,,,"Le sang de licorne prolonge la vie, mais à un prix terrible. Celui qui tue une licorne sera maudit et vivra une demi-vie à partir du moment où le sang touchera ses lèvres.",,68e281d8c6f4ec5cd17e2a42,2025-10-05T14:34:00.733000,2025-10-05T14:34:00.733000,68d133369c4bfb4942ca73e3,greg.demeulenaere@gmail.com,FALSE
Cuir de vache tanné,"Cuir de vache traité et tanné, souple et résistant. Le matériau le plus courant pour la fabrication d'armures légères et de vêtements.",,cuir,,Commun,Moyenne,Vache domestique,Vache,,Très facile,Couteau de dépeçage,Tannage pendant 2-3 jours dans des bains d'écorce,,,,5,2 kg,peau,,Normal,,,,,,,68e26bd61c525b3d54eee786,2025-10-05T13:00:06.518000,2025-10-05T13:00:06.518000,68d133369c4bfb4942ca73e3,greg.demeulenaere@gmail.com,FALSE
Cuir de dragon rouge,Cuir épais et résistant provenant d'un dragon rouge adulte. Naturellement résistant au feu et extrêmement durable.,,cuir,,Légendaire,Exceptionnelle,Dragon rouge tué au combat,Dragon rouge,,Très difficile,Lames enchantées,Traitement avec des huiles magiques pendant une semaine,,,Confère une résistance au feu,5000,15 kg,peau,,Très résistant,,,,"Résistance au feu, +2 CA",,,68e26bd61c525b3d54eee787,2025-10-05T13:00:06.518000,2025-10-05T13:00:06.518000,68d133369c4bfb4942ca73e3,greg.demeulenaere@gmail.com,FALSE
Fil de soie d'araignée géante,Fil extrêmement résistant filé par des araignées géantes. Plus solide que l'acier à poids égal.,,fil,,Peu commun,Bonne,Toiles d'araignées géantes,Araignée géante,,Difficile,Outils de tissage spéciaux,Nettoyage et traitement avec des solvants doux,,,,50,100g,bobine,,Très résistant,,,,,,,68e26bd61c525b3d54eee788,2025-10-05T13:00:06.518000,2025-10-05T13:00:06.518000,68d133369c4bfb4942ca73e3,greg.demeulenaere@gmail.com,FALSE
Fil de lin,Fil naturel obtenu à partir de plants de lin. Utilisé dans la confection de vêtements courants.,,fil,,Commun,Moyenne,Culture de lin,,,Facile,,"Rouissage, teillage et filage",,,,2,50g,bobine,,Normal,,,,,,,68e26bd61c525b3d54eee789,2025-10-05T13:00:06.518000,2025-10-05T13:00:06.518000,68d133369c4bfb4942ca73e3,greg.demeulenaere@gmail.com,FALSE
Tissu de coton,Tissu doux et confortable fait de fibres de coton. Le tissu le plus répandu pour les vêtements quotidiens.,,tissu,,Commun,Moyenne,Culture de coton,,,Facile,,,,,,3,500g,mètre,,Normal,,,,,,,68e26bd61c525b3d54eee78a,2025-10-05T13:00:06.518000,2025-10-05T13:00:06.518000,68d133369c4bfb4942ca73e3,greg.demeulenaere@gmail.com,FALSE
Tissu de soie elfique,Tissu soyeux et léger tissé par les elfes. Connu pour sa beauté et sa résistance aux éléments.,,tissu,,Rare,Excellente,Tisserands elfes,,,Moyen,,Tissage elfique traditionnel,,,,200,200g,mètre,,Résistant,,,,,,,68e26bd61c525b3d54eee78b,2025-10-05T13:00:06.518000,2025-10-05T13:00:06.518000,68d133369c4bfb4942ca73e3,greg.demeulenaere@gmail.com,FALSE
Bois de chêne,Bois dur et durable provenant de chênes centenaires. Excellent pour la construction et la menuiserie.,,bois,,Commun,Bonne,Forêts de chênes,,,Facile,Hache,Séchage pendant 6-12 mois,,,,1,5 kg,planche,,Résistant,,,,,,,68e26bd61c525b3d54eee78c,2025-10-05T13:00:06.518000,2025-10-05T13:00:06.518000,68d133369c4bfb4942ca73e3,greg.demeulenaere@gmail.com,FALSE
Bois de fer,Bois extrêmement dur et dense qui coule dans l'eau. Presque aussi résistant que le métal.,,bois,,Peu commun,Excellente,Arbres de fer tropicaux,,,Difficile,Hache en acier,,,,,25,8 kg,planche,,Très résistant,,,,,,,68e26bd61c525b3d54eee78d,2025-10-05T13:00:06.518000,2025-10-05T13:00:06.518000,68d133369c4bfb4942ca73e3,greg.demeulenaere@gmail.com,FALSE
Bois d'Ironwood,Bois magique aussi résistant que l'acier mais aussi léger que le bois ordinaire.,,bois,,Rare,Exceptionnelle,Arbres Ironwood enchantés,,,Très difficile,Hache enchantée,Traitement avec des onguents magiques,,,,500,3 kg,planche,,Très résistant,,,,+1 CA pour boucliers,,,68e26bd61c525b3d54eee78e,2025-10-05T13:00:06.518000,2025-10-05T13:00:06.518000,68d133369c4bfb4942ca73e3,greg.demeulenaere@gmail.com,FALSE
Dent de dragon,Immense canine arrachée de la gueule d'un dragon. Matériau exceptionnel pour forger des dagues ou des pointes de lances.,,partie_monstre,Dent,Très rare,Excellente,Mâchoire de dragon,Dragon,,Très difficile,Pince de forgeron,,,,,1000,3 kg,pièce,,Très résistant,,,,,,,68e26bd61c525b3d54eee78f,2025-10-05T13:00:06.518000,2025-10-05T13:00:06.518000,68d133369c4bfb4942ca73e3,greg.demeulenaere@gmail.com,FALSE
Œil de basilic,"Œil pétrifiant d'un basilic. Même mort, il conserve une lueur inquiétante. Ingrédient puissant pour l'alchimie.",,partie_monstre,Œil,Rare,Bonne,Tête de basilic,Basilic,,Difficile,Pince et gants épais,,,,Propriétés de pétrification résiduelles,300,50g,pièce,,,,,2 semaines,,,,68e26bd61c525b3d54eee790,2025-10-05T13:00:06.518000,2025-10-05T13:00:06.518000,68d133369c4bfb4942ca73e3,greg.demeulenaere@gmail.com,FALSE
Cœur de troll,Cœur encore palpitant d'un troll. Continue de battre pendant des heures après la mort. Composant alchimique pour des potions de régénération.,,partie_monstre,Cœur,Peu commun,Moyenne,Poitrine de troll,Troll,,Moyen,Couteau bien aiguisé,,,,,150,2 kg,pièce,,,,Immergé dans l'alcool ou séché,3 jours,,,,68e26bd61c525b3d54eee791,2025-10-05T13:00:06.518000,2025-10-05T13:00:06.518000,68d133369c4bfb4942ca73e3,greg.demeulenaere@gmail.com,FALSE
Griffe d'owlbear,"Griffe acérée d'un owlbear. Longue de 15 cm, elle est naturellement tranchante comme un rasoir.",,partie_monstre,Griffe,Peu commun,Bonne,Pattes d'owlbear,Owlbear,,Moyen,,,,,,50,200g,pièce,,Résistant,,,,,,,68e26bd61c525b3d54eee792,2025-10-05T13:00:06.518000,2025-10-05T13:00:06.518000,68d133369c4bfb4942ca73e3,greg.demeulenaere@gmail.com,FALSE
Langue de wyverne,Langue fourchue d'une wyverne. Contient des glandes à venin actives même après la mort.,,partie_monstre,Langue,Rare,Moyenne,Gueule de wyverne,Wyverne,,Difficile,,,,,,200,500g,pièce,,,,,1 semaine,,,,68e26bd61c525b3d54eee793,2025-10-05T13:00:06.518000,2025-10-05T13:00:06.518000,68d133369c4bfb4942ca73e3,greg.demeulenaere@gmail.com,FALSE
Corne de licorne,Corne spiralée d'une licorne pure. Rayonne d'une douce lumière argentée et possède de puissantes propriétés curatives.,,partie_monstre,Corne,Légendaire,Exceptionnelle,Front de licorne,Licorne,,Très difficile,,,,,"Neutralise les poisons, purifie l'eau, guérit les maladies",10000,1 kg,pièce,,,,,,,Les licornes ne donnent leur corne qu'aux plus purs de cœur. La prendre par la force maudit le voleur.,,68e26bd61c525b3d54eee794,2025-10-05T13:00:06.518000,2025-10-05T13:00:06.518000,68d133369c4bfb4942ca73e3,greg.demeulenaere@gmail.com,FALSE
Plume de griffon,Grande plume dorée provenant des ailes d'un griffon. Légère mais étonnamment résistante.,,plume,,Peu commun,Bonne,Ailes de griffon,Griffon,,Difficile,,,,,,30,10g,pièce,,,,,,,,,68e26bd61c525b3d54eee795,2025-10-05T13:00:06.518000,2025-10-05T13:00:06.518000,68d133369c4bfb4942ca73e3,greg.demeulenaere@gmail.com,FALSE
Écaille de dragon noir,Écaille noire et luisante d'un dragon noir. Naturellement résistante aux acides.,,écaille,,Très rare,Excellente,Corps de dragon noir,Dragon noir,,Très difficile,Cisailles magiques,,,,Résistance aux acides,500,500g,pièce,,Très résistant,,,,Résistance à l'acide,,,68e26bd61c525b3d54eee796,2025-10-05T13:00:06.518000,2025-10-05T13:00:06.518000,68d133369c4bfb4942ca73e3,greg.demeulenaere@gmail.com,FALSE
Fourrure d'ours polaire,Épaisse fourrure blanche d'un ours polaire. Excellente isolation contre le froid.,,fourrure,,Commun,Bonne,Ours polaire,Ours polaire,,Moyen,Couteau de dépeçage,,,,,40,5 kg,peau,,,,,,,,,68e26bd61c525b3d54eee797,2025-10-05T13:00:06.518000,2025-10-05T13:00:06.518000,68d133369c4bfb4942ca73e3,greg.demeulenaere@gmail.com,FALSE
Os de géant,"Fémur massif d'un géant des collines. Dense et solide, peut être taillé comme de l'ivoire.",,os,,Peu commun,Bonne,Squelette de géant,Géant,,Moyen,Scie à os,,,,,100,20 kg,os,,Résistant,,,,,,,68e26bd61c525b3d54eee798,2025-10-05T13:00:06.518000,2025-10-05T13:00:06.518000,68d133369c4bfb4942ca73e3,greg.demeulenaere@gmail.com,FALSE
Lingot de fer,"Lingot de fer pur, fondu et coulé. La base de toute forge de qualité.",,lingot,,Commun,Moyenne,Minerai de fer fondu,,,Facile,,Fusion dans un haut-fourneau à 1500°C,,,,10,5 kg,lingot,,Résistant,,,,,,,68e26bd61c525b3d54eee799,2025-10-05T13:00:06.518000,2025-10-05T13:00:06.518000,68d133369c4bfb4942ca73e3,greg.demeulenaere@gmail.com,FALSE
Lingot d'acier,Alliage de fer et de carbone. Plus résistant et plus tranchant que le fer pur.,,lingot,,Commun,Bonne,Fer et carbone,,,Moyen,,Forge et trempage,,,,25,5 kg,lingot,,Très résistant,,,,,,,68e26bd61c525b3d54eee79a,2025-10-05T13:00:06.518000,2025-10-05T13:00:06.518000,68d133369c4bfb4942ca73e3,greg.demeulenaere@gmail.com,FALSE
Lingot d'argent,Métal précieux aux propriétés magiques. Efficace contre les lycanthropes et les morts-vivants.,,lingot,,Peu commun,Excellente,Minerai d'argent,,,Moyen,,,,,Efficace contre les créatures surnaturelles,100,2 kg,lingot,,,,,,,,,68e26bd61c525b3d54eee79b,2025-10-05T13:00:06.518000,2025-10-05T13:00:06.518000,68d133369c4bfb4942ca73e3,greg.demeulenaere@gmail.com,FALSE
Lingot de mithral,"Métal argenté brillant, aussi solide que l'acier mais aussi léger que la plume. Extrêmement rare.",,lingot,,Très rare,Exceptionnelle,"Mines profondes, veines magiques",,,Très difficile,,Forge à très haute température avec sorts,,,,5000,1 kg,lingot,,Très résistant,,,,"Armures sans malus, +1 CA",Le mithral est dit avoir été forgé par les dieux eux-mêmes.,,68e26bd61c525b3d54eee79c,2025-10-05T13:00:06.518000,2025-10-05T13:00:06.518000,68d133369c4bfb4942ca73e3,greg.demeulenaere@gmail.com,FALSE
Lingot d'adamantium,Le métal le plus dur connu. Noir comme la nuit et pratiquement indestructible.,,lingot,,Légendaire,Exceptionnelle,"Météorites, cœur de volcans anciens",,,Très difficile,,Requiert des forges magiques et plusieurs semaines,,,,10000,5 kg,lingot,,Très résistant,,,,"Armes +3, armures indestructibles",On dit que les chaînes de Fenrir étaient forgées en adamantium.,,68e26bd61c525b3d54eee79d,2025-10-05T13:00:06.518000,2025-10-05T13:00:06.518000,68d133369c4bfb4942ca73e3,greg.demeulenaere@gmail.com,FALSE
Pépite d'or,Pépite d'or pur trouvée dans une rivière. Doit être fondue pour être utilisée.,,pépite,,Peu commun,Bonne,Rivières aurifères,,,Moyen,,,,,,50,100g,pépite,,,,,,,,,68e26bd61c525b3d54eee79e,2025-10-05T13:00:06.518000,2025-10-05T13:00:06.518000,68d133369c4bfb4942ca73e3,greg.demeulenaere@gmail.com,FALSE
Pierre de taille,Bloc de pierre calcaire taillé. Utilisé en construction et sculpture.,,pierre,,Commun,Moyenne,Carrières,,,Facile,Burin et marteau,,,,,5,50 kg,bloc,,Résistant,,,,,,,68e26bd61c525b3d54eee79f,2025-10-05T13:00:06.518000,2025-10-05T13:00:06.518000,68d133369c4bfb4942ca73e3,greg.demeulenaere@gmail.com,FALSE
Obsidienne,Verre volcanique noir et tranchant. Peut être taillé en lames plus affûtées que l'acier.,,pierre,,Peu commun,Excellente,Coulées de lave,,,Difficile,,,,,,30,2 kg,bloc,,,,,,,,,68e26bd61c525b3d54eee7a0,2025-10-05T13:00:06.518000,2025-10-05T13:00:06.518000,68d133369c4bfb4942ca73e3,greg.demeulenaere@gmail.com,FALSE
Marbre blanc de Carrare,"Marbre blanc veiné de gris, d'une beauté incomparable. Prisé pour les sculptures et l'architecture noble.",,marbre,,Rare,Exceptionnelle,Carrières de Carrare,,,Moyen,Scie à pierre,,,,,500,100 kg,bloc,,Résistant,,,,,,,68e26bd61c525b3d54eee7a1,2025-10-05T13:00:06.518000,2025-10-05T13:00:06.518000,68d133369c4bfb4942ca73e3,greg.demeulenaere@gmail.com,FALSE
Marteau de forgeron,Marteau lourd à tête en acier trempé. Essentiel pour tout travail de forge.,,outil,,Commun,Bonne,Forge,,,Moyen,,,,,,15,2 kg,pièce,,Très résistant,,,,,,,68e26bd61c525b3d54eee7a2,2025-10-05T13:00:06.518000,2025-10-05T13:00:06.518000,68d133369c4bfb4942ca73e3,greg.demeulenaere@gmail.com,FALSE
Ciseau de sculpteur,Ciseau en acier affûté pour le travail de la pierre et du bois.,,outil,,Commun,Moyenne,Forge,,,Moyen,,,,,,8,500g,pièce,,Résistant,,,,,,,68e26bd61c525b3d54eee7a3,2025-10-05T13:00:06.518000,2025-10-05T13:00:06.518000,68d133369c4bfb4942ca73e3,greg.demeulenaere@gmail.com,FALSE
Minerai de fer brut,Roche contenant du minerai de fer. Doit être fondu pour extraire le métal.,,métal_brut,,Commun,Moyenne,Mines,,,Facile,Pioche,Fusion dans un haut-fourneau,,,,2,10 kg,bloc,,,,,,,,,68e26bd61c525b3d54eee7a4,2025-10-05T13:00:06.518000,2025-10-05T13:00:06.518000,68d133369c4bfb4942ca73e3,greg.demeulenaere@gmail.com,FALSE
Minerai de cuivre brut,Roche verdâtre contenant du cuivre. S'oxyde en vert au contact de l'air.,,métal_brut,,Commun,Moyenne,Mines,,,Facile,,,,,,3,8 kg,bloc,,,,,,,,,68e26bd61c525b3d54eee7a5,2025-10-05T13:00:06.518000,2025-10-05T13:00:06.518000,68d133369c4bfb4942ca73e3,greg.demeulenaere@gmail.com,FALSE
Rubis brut,Gemme rouge sang non taillée. Doit être polie pour révéler sa vraie beauté.,,gemme_brute,,Rare,Excellente,Mines de gemmes,,,Difficile,,,,,,1000,50g,pierre,,,,,,,,,68e26bd61c525b3d54eee7a6,2025-10-05T13:00:06.518000,2025-10-05T13:00:06.518000,68d133369c4bfb4942ca73e3,greg.demeulenaere@gmail.com,FALSE
Diamant brut,Cristal transparent extrêmement dur. Le matériau le plus dur naturellement présent.,,gemme_brute,,Très rare,Exceptionnelle,Mines profondes,,,Très difficile,,,,,,5000,20g,pierre,,,,,,,,,68e26bd61c525b3d54eee7a7,2025-10-05T13:00:06.518000,2025-10-05T13:00:06.518000,68d133369c4bfb4942ca73e3,greg.demeulenaere@gmail.com,FALSE
Défense d'éléphant,Longue défense d'ivoire d'éléphant. Peut être sculptée en objets précieux.,,partie_animal,Défense,Peu commun,Excellente,Éléphant,Éléphant,,Moyen,,,,,,300,10 kg,défense,,Résistant,,,,,,,68e26bd61c525b3d54eee7a8,2025-10-05T13:00:06.518000,2025-10-05T13:00:06.518000,68d133369c4bfb4942ca73e3,greg.demeulenaere@gmail.com,FALSE
Peau de serpent géant,Mue complète d'un serpent géant. Les écailles forment un motif magnifique.,,partie_animal,Peau,Peu commun,Bonne,Serpent géant,Serpent géant,,Moyen,,,,,,80,3 kg,peau,,Normal,,,,,,,68e26bd61c525b3d54eee7a9,2025-10-05T13:00:06.518000,2025-10-05T13:00:06.518000,68d133369c4bfb4942ca73e3,greg.demeulenaere@gmail.com,FALSE
Corne de bélier,Corne spiralée d'un bélier. Peut être taillée ou utilisée comme cor.,,partie_animal,Corne,Commun,Moyenne,Bélier,Bélier,,Facile,,,,,,5,1 kg,paire,,,,,,,,,68e26bd61c525b3d54eee7aa,2025-10-05T13:00:06.518000,2025-10-05T13:00:06.518000,68d133369c4bfb4942ca73e3,greg.demeulenaere@gmail.com,FALSE
Sabot de cheval,Sabot de cheval en kératine. Utilisé en alchimie.,,partie_animal,Sabot,Commun,Moyenne,Cheval,Cheval,,Très facile,,,,,,1,500g,pièce,,,,,,,,,68e26bd61c525b3d54eee7ab,2025-10-05T13:00:06.518000,2025-10-05T13:00:06.518000,68d133369c4bfb4942ca73e3,greg.demeulenaere@gmail.com,FALSE
Bois d'ébène,"Bois noir profond, extrêmement dense et précieux. Utilisé pour les objets de luxe.",,bois,,Rare,Exceptionnelle,Arbres d'ébène tropicaux,,,Difficile,,,,,,100,7 kg,planche,,Très résistant,,,,,,,68e26bd61c525b3d54eee7ac,2025-10-05T13:00:06.518000,2025-10-05T13:00:06.518000,68d133369c4bfb4942ca73e3,greg.demeulenaere@gmail.com,FALSE
Bois de teck,Bois tropical résistant à l'eau et aux insectes. Idéal pour la construction navale.,,bois,,Peu commun,Excellente,Forêts tropicales,,,Moyen,,,,,,30,5 kg,planche,,Très résistant,,,,,,,68e26bd61c525b3d54eee7ad,2025-10-05T13:00:06.518000,2025-10-05T13:00:06.518000,68d133369c4bfb4942ca73e3,greg.demeulenaere@gmail.com,FALSE
Résine de pin,Sève collante récoltée sur les pins. Utilisée comme adhésif et pour l'étanchéité.,,autre,,Commun,Moyenne,Pins,,,Facile,,,,,,2,500g,pot,,,,,,,,,68e26bd61c525b3d54eee7ae,2025-10-05T13:00:06.518000,2025-10-05T13:00:06.518000,68d133369c4bfb4942ca73e3,greg.demeulenaere@gmail.com,FALSE
Cire d'abeille,Cire naturelle produite par les abeilles. Utilisée pour les bougies et l'étanchéité.,,autre,,Commun,Bonne,Ruches,,,Moyen,,,,,,5,1 kg,bloc,,,,,,,,,68e26bd61c525b3d54eee7af,2025-10-05T13:00:06.518000,2025-10-05T13:00:06.518000,68d133369c4bfb4942ca73e3,greg.demeulenaere@gmail.com,FALSE
Crins de licorne,Crins argentés brillants de la queue d'une licorne. Possèdent des propriétés magiques de protection.,,fil,,Légendaire,Exceptionnelle,Queue de licorne,Licorne,,Très difficile,,,,,Protection contre les maléfices,2000,10g,mèche,,,,,,,,,68e26bd61c525b3d54eee7b0,2025-10-05T13:00:06.518000,2025-10-05T13:00:06.518000,68d133369c4bfb4942ca73e3,greg.demeulenaere@gmail.com,FALSE
Écaille de serpent de mer,Écaille irisée d'un serpent de mer géant. Scintille de toutes les couleurs de l'arc-en-ciel.,,écaille,,Rare,Excellente,Serpent de mer,Serpent de mer,,Très difficile,,,,,,200,300g,pièce,,,,,,,,,68e26bd61c525b3d54eee7b1,2025-10-05T13:00:06.518000,2025-10-05T13:00:06.518000,68d133369c4bfb4942ca73e3,greg.demeulenaere@gmail.com,FALSE
Plume de phénix,Plume rouge et or d'un phénix légendaire. Chaude au toucher et ne brûle jamais.,,plume,,Légendaire,Exceptionnelle,Phénix,Phénix,,Très difficile,,,,,"Immunité au feu, résurrection",20000,5g,pièce,,,,,,,Une plume de phénix peut ramener un mort à la vie une fois.,,68e26bd61c525b3d54eee7b2,2025-10-05T13:00:06.518000,2025-10-05T13:00:06.518000,68d133369c4bfb4942ca73e3,greg.demeulenaere@gmail.com,FALSE
Fourrure de yéti,Fourrure blanche épaisse d'un yéti. Exceptionnellement chaude.,,fourrure,,Rare,Excellente,Yéti,Yéti,,Très difficile,,,,,,500,8 kg,peau,,,,,,,,,68e26bd61c525b3d54eee7b3,2025-10-05T13:00:06.518000,2025-10-05T13:00:06.518000,68d133369c4bfb4942ca73e3,greg.demeulenaere@gmail.com,FALSE
Sang de dragon,Sang magique d'un dragon. Reste liquide et chaud pendant des années.,,autre,,Légendaire,Exceptionnelle,Dragon vivant ou mort,Dragon,,Très difficile,,,,,Confère temporairement une résistance élémentaire,5000,1 litre,fiole,,,,,Illimitée,,,,68e26bd61c525b3d54eee7b4,2025-10-05T13:00:06.518000,2025-10-05T13:00:06.518000,68d133369c4bfb4942ca73e3,greg.demeulenaere@gmail.com,FALSE
Venin de araignée-garou,Venin paralysant extrait des crocs d'une araignée-garou. Extrêmement toxique.,,autre,,Très rare,Bonne,Crocs d'araignée-garou,Araignée-garou,,Très difficile,,,,,,800,50ml,fiole,,,,"Fiole hermétique, au frais",6 mois,,,,68e26bd61c525b3d54eee7b5,2025-10-05T13:00:06.518000,2025-10-05T13:00:06.518000,68d133369c4bfb4942ca73e3,greg.demeulenaere@gmail.com,FALSE
Cuivre battu,Feuille de cuivre martelée. Utilisée en décoration et artisanat.,,lingot,,Commun,Moyenne,Cuivre fondu et battu,,,Moyen,,Martelage à froid,,,,8,2 kg,feuille,,,,,,,,,68e26bd61c525b3d54eee7b6,2025-10-05T13:00:06.518000,2025-10-05T13:00:06.518000,68d133369c4bfb4942ca73e3,greg.demeulenaere@gmail.com,FALSE
Bronze antique,Alliage de cuivre et d'étain. Plus dur que le cuivre pur.,,lingot,,Commun,Bonne,Cuivre et étain fondus,,,Moyen,,,,,,15,5 kg,lingot,,Résistant,,,,,,,68e26bd61c525b3d54eee7b7,2025-10-05T13:00:06.518000,2025-10-05T13:00:06.518000,68d133369c4bfb4942ca73e3,greg.demeulenaere@gmail.com,FALSE
Émeraude brute,Gemme verte éclatante. Associée à la nature et à la magie druidique.,,gemme_brute,,Rare,Excellente,Mines de gemmes,,,Difficile,,,,,,1500,30g,pierre,,,,,,,,,68e26bd61c525b3d54eee7b8,2025-10-05T13:00:06.518000,2025-10-05T13:00:06.518000,68d133369c4bfb4942ca73e3,greg.demeulenaere@gmail.com,FALSE
Saphir brut,Gemme bleue profonde. Utilisée dans les sorts d'eau et de glace.,,gemme_brute,,Rare,Excellente,Mines de gemmes,,,Difficile,,,,,,1200,40g,pierre,,,,,,,,,68e26bd61c525b3d54eee7b9,2025-10-05T13:00:06.518000,2025-10-05T13:00:06.518000,68d133369c4bfb4942ca73e3,greg.demeulenaere@gmail.com,FALSE
Ambre fossilisé,Résine fossilisée contenant parfois des insectes préhistoriques.,,gemme_brute,,Peu commun,Bonne,Forêts anciennes fossilisées,,,Moyen,,,,,,50,100g,morceau,,,,,,,,,68e26bd61c525b3d54eee7ba,2025-10-05T13:00:06.518000,2025-10-05T13:00:06.518000,68d133369c4bfb4942ca73e3,greg.demeulenaere@gmail.com,FALSE
Perle noire,Perle rare de couleur noire provenant d'huîtres des profondeurs.,,gemme_brute,,Rare,Excellente,Huîtres géantes,,,Très difficile,,,,,,800,10g,pièce,,,,,,,,,68e26bd61c525b3d54eee7bb,2025-10-05T13:00:06.518000,2025-10-05T13:00:06.518000,68d133369c4bfb4942ca73e3,greg.demeulenaere@gmail.com,FALSE
Cristal de quartz,Cristal transparent naturel. Peut amplifier les énergies magiques.,,gemme_brute,,Commun,Moyenne,Grottes,,,Facile,,,,,,10,500g,cristal,,,,,,,,,68e26bd61c525b3d54eee7bc,2025-10-05T13:00:06.518000,2025-10-05T13:00:06.518000,68d133369c4bfb4942ca73e3,greg.demeulenaere@gmail.com,FALSE
Opale de feu,Gemme orange flamboyante qui semble contenir des flammes vivantes.,,gemme_brute,,Très rare,Exceptionnelle,Volcans actifs,,,Très difficile,,,,,Résistance au feu,3000,20g,pierre,,,,,,,,,68e26bd61c525b3d54eee7bd,2025-10-05T13:00:06.518000,2025-10-05T13:00:06.518000,68d133369c4bfb4942ca73e3,greg.demeulenaere@gmail.com,FALSE
Encre de calmar géant,Encre noire profonde d'un calmar géant. Excellente pour l'écriture de grimoires.,,autre,,Peu commun,Bonne,Calmar géant,Calmar géant,,Difficile,,,,,,30,500ml,flacon,,,,,1 an,,,,68e26bd61c525b3d54eee7be,2025-10-05T13:00:06.518000,2025-10-05T13:00:06.518000,68d133369c4bfb4942ca73e3,greg.demeulenaere@gmail.com,FALSE