world_id,name,description,image_url,images,alignment,divine_rank,domains,portfolio,symbol,favored_weapon,worshipers,clergy,temples,holy_days,dogma,avatar_description,divine_spells,notes,id,created_date,updated_date,created_by_id,created_by,is_sample
68e137a0493026cabfd05389,Chemosh,"Le Seigneur des Morts-vivants, Chemosh est le dieu de la non-mort et de la fausse vie. Il promet l'immortalité par la non-mort, séduisant ceux qui craignent la mort. Ses prêtres créent des armées de morts-vivants et cherchent à défier le cycle naturel de la vie et de la mort.",,,neutral_evil,intermediate,,"Morts-vivants, non-mort, fausse vie, profanation",Crâne jaune,Faux,"Nécromanciens, ceux qui craignent la mort, créateurs de morts-vivants",Nécromanciens-prêtres commandant des hordes de morts-vivants,Cryptes et nécropoles profanées,,"Défier la mort par la non-mort, l'immortalité à tout prix, les morts doivent servir",,,,68e138a140a65ef3172e5640,2025-10-04T15:09:21.126000,2025-10-04T15:09:21.126000,68d133369c4bfb4942ca73e3,greg.demeulenaere@gmail.com,FALSE
68e137a0493026cabfd05389,Branchala,"Le Chanteur des Chansons, Branchala est le dieu de la musique, de la poésie et de l'inspiration artistique. Joyeux et créatif, il inspire les bardes et les artistes à créer la beauté et à apporter la joie. Sa musique peut guérir les cœurs et élever les esprits.",,,neutral_good,intermediate,,"Musique, poésie, art, inspiration, joie",Harpe,Rapière,"Bardes, musiciens, poètes, artistes, troubadours",Bardes-clercs qui voyagent et répandent la joie par leur art,Amphithéâtres et salles de spectacle servant aussi de lieux de culte,,"Créer la beauté, apporter la joie par l'art, inspirer les autres, préserver les chansons et histoires",,,,68e138a140a65ef3172e5634,2025-10-04T15:09:21.126000,2025-10-04T15:09:21.126000,68d133369c4bfb4942ca73e3,greg.demeulenaere@gmail.com,FALSE
68e137a0493026cabfd05389,Lunitari,"La Déesse de la Magie Rouge, Lunitari est liée à la lune rouge. Elle représente la magie neutre, utilisée sans considération morale mais avec discipline. Les Robes Rouges cherchent la connaissance magique pure et le pouvoir arcanique, guidés par sa lumière rouge.",,,true_neutral,intermediate,,"Magie neutre, illusion, équilibre arcanique",Lune rouge,Dague,"Mages des Robes Rouges, illusionnistes, érudits de la magie","Ordre des Robes Rouges, mages neutres cherchant le savoir","Tour de Haute Sorcellerie de Wayreth, bibliothèques arcaniques",,"La magie est un outil, l'utiliser avec sagesse, équilibrer pouvoir et responsabilité, préserver la connaissance arcanique",,,,68e138a140a65ef3172e563c,2025-10-04T15:09:21.126000,2025-10-04T15:09:21.126000,68d133369c4bfb4942ca73e3,greg.demeulenaere@gmail.com,FALSE
68e137a0493026cabfd05389,Morgion,"Le Dieu de la Maladie et du Désespoir, Morgion répand la pestilence, la souffrance et le désespoir. Représenté comme une figure encapuchonnée et masquée, il se délecte de la déchéance et de la maladie. Ses cultistes répandent des fléaux et exploitent les faibles.",,,neutral_evil,intermediate,,"Maladie, pestilence, souffrance, désespoir, déchéance",Capuche et masque de peste,Masse d'armes,"Cultistes de la maladie, ceux qui répandent le désespoir, parias",Prêtres masqués répandant la maladie et le désespoir,Lieux cachés dans les égouts et zones pestilentielles,,"Embrasser la souffrance, répandre la maladie, le désespoir est inévitable",,,,68e138a140a65ef3172e563f,2025-10-04T15:09:21.126000,2025-10-04T15:09:21.126000,68d133369c4bfb4942ca73e3,greg.demeulenaere@gmail.com,FALSE
68e137a0493026cabfd05389,Solinari,"Le Dieu de la Magie Blanche, Solinari est lié à la lune blanche qui porte son nom. Il représente la magie utilisée pour le bien et la protection. Père de la magie bienfaisante, il guide les Robes Blanches de la Tour de Haute Sorcellerie et enseigne que la magie doit servir à protéger et à élever.",,,lawful_good,intermediate,,"Magie blanche, protection magique, érudition arcanique",Lune blanche,Bâton,"Mages des Robes Blanches, magiciens bienfaisants, érudits de la magie","Ordre des Robes Blanches, mages dévoués à utiliser la magie pour le bien","La Tour de Haute Sorcellerie de Wayreth, bibliothèques magiques",,"Utiliser la magie pour le bien, protéger les innocents par l'art arcanique, préserver la connaissance magique, maintenir l'équilibre des ordres",,,,68e138a140a65ef3172e5635,2025-10-04T15:09:21.126000,2025-10-04T15:09:21.126000,68d133369c4bfb4942ca73e3,greg.demeulenaere@gmail.com,FALSE
68e137a0493026cabfd05389,Gilean,"Le Livre Gris, Gilean est le chef du panthéon neutre et le gardien de la connaissance et de l'équilibre cosmique. Il enregistre tous les événements dans le Livre du Temps et maintient la balance entre le Bien et le Mal. Impartial et sage, il valorise la vérité et la connaissance au-dessus de tout.",,,true_neutral,greater,,"Connaissance, sagesse, équilibre, histoire, bibliothèques",Livre ouvert,Bâton,"Érudits, historiens, bibliothécaires, sages, juges",Ordre d'érudits et de sages gardant les bibliothèques et l'histoire,"Grandes bibliothèques et archives, lieux de savoir",,"Rechercher la connaissance, préserver l'histoire, maintenir l'équilibre, la vérité avant tout",,,,68e138a140a65ef3172e5636,2025-10-04T15:09:21.126000,2025-10-04T15:09:21.126000,68d133369c4bfb4942ca73e3,greg.demeulenaere@gmail.com,FALSE
68e137a0493026cabfd05389,Hiddukel,"Le Prince des Mensonges, Hiddukel est le dieu de la tromperie, des faux marchés et de la cupidité. Il encourage les transactions malhonnêtes, la trahison et l'avarice. Chaque marché avec lui cache un piège, et ses adorateurs apprennent l'art de la manipulation et de la corruption.",,,chaotic_evil,intermediate,,"Tromperie, faux marchés, cupidité, trahison, corruption",Balance rouillée,Dague,"Escrocs, marchands malhonnêtes, traîtres, manipulateurs",Prêtres-escrocs répandant la corruption et faisant de faux marchés,Cachés dans les marchés noirs et lieux de corruption,,"Tout a un prix, la tromperie est un art, les accords sont faits pour être brisés",,,,68e138a140a65ef3172e5642,2025-10-04T15:09:21.126000,2025-10-04T15:09:21.126000,68d133369c4bfb4942ca73e3,greg.demeulenaere@gmail.com,FALSE
68e137a0493026cabfd05389,Habbakuk,"Le Seigneur Phœnix, Habbakuk est le dieu de la nature, des animaux et de la renaissance. Il représente les cycles naturels de la vie, la persistance et la loyauté. Patron des rangers et des druides bienveillants, il protège les créatures sauvages et enseigne l'harmonie avec la nature.",,,neutral_good,intermediate,,"Animaux, chasse, loyauté, renaissance, cycles naturels",Phénix bleu,Lance,"Rangers, druides, chasseurs, marins, amoureux de la nature",Druides et rangers qui protègent la faune et maintiennent l'équilibre naturel,"Bosquets sacrés en pleine nature, rarement des structures construites",,"Respecter toute vie, maintenir l'équilibre naturel, protéger les innocents, la loyauté est sacrée",,,,68e138a140a65ef3172e5633,2025-10-04T15:09:21.126000,2025-10-04T15:09:21.126000,68d133369c4bfb4942ca73e3,greg.demeulenaere@gmail.com,FALSE
68e137a0493026cabfd05389,Chislev,"La Déesse de la Nature Sauvage, Chislev représente les forces brutes et incontrôlées de la nature. Contrairement à Habbakuk qui favorise l'harmonie, elle incarne la nature dans sa splendeur et sa cruauté, les tempêtes comme les printemps. Elle est à la fois nourricière et destructrice.",,,true_neutral,intermediate,,"Nature sauvage, climats, survie du plus fort, cycles naturels",Feuille de chêne,Javeline,"Druides, barbares, ceux qui vivent dans la nature",Druides qui protègent les terres sauvages contre la civilisation,"Sites naturels sacrés : montagnes, forêts anciennes, grottes",,"Respecter la force de la nature, accepter les cycles de vie et mort, préserver les lieux sauvages",,,,68e138a140a65ef3172e5639,2025-10-04T15:09:21.126000,2025-10-04T15:09:21.126000,68d133369c4bfb4942ca73e3,greg.demeulenaere@gmail.com,FALSE
68e137a0493026cabfd05389,Paladine,"Chef du panthéon du Bien, Paladine est le dieu de la protection, de la rédemption et de la noblesse. Représenté comme un dragon de platine majestueux ou un vieux sage, il est le patron des Chevaliers de Solamnia et le gardien de la justice. Il s'est autrefois manifesté sous la forme de Fizban le Fabuleux pour guider les Héros de la Lance.",,,lawful_good,greater,,"Dirigeants, gardiens, chevaliers, rédemption, dragons métalliques",Triangle d'argent,Épée longue,"Chevaliers de Solamnia, paladins, guerriers vertueux, dirigeants justes",Ordre strictement hiérarchisé de paladins et de clercs dévoués à la justice et à la protection des innocents,"Grandes cathédrales majestueuses en marbre blanc avec tours et vitraux, souvent fortifiées",,"Protéger les faibles, défendre la justice, offrir la rédemption même aux plus égarés, combattre le mal avec honneur et courage",,,,68e138a140a65ef3172e562f,2025-10-04T15:09:21.126000,2025-10-04T15:09:21.126000,68d133369c4bfb4942ca73e3,greg.demeulenaere@gmail.com,FALSE
68e137a0493026cabfd05389,Zeboim,"La Déesse des Tempêtes et de la Mer, fille de Takhisis et Sargonnas, Zeboim est capricieuse et destructrice. Elle commande les tempêtes marines, les ouragans et les raz-de-marée. Imprévisible et colérique, elle doit être apaisée par les marins pour éviter sa fureur.",,,chaotic_evil,intermediate,,"Tempêtes marines, mer en furie, caprice, destruction par l'eau",Tortue de mer ou coquillage,Trident,"Marins, pirates, ceux qui vivent de la mer",Prêtres marins offrant des sacrifices pour apaiser sa colère,Sanctuaires côtiers exposés aux éléments,,"Apaiser sa fureur par des offrandes, respecter la puissance de la mer, prendre ce que l'on veut",,,,68e138a140a65ef3172e5641,2025-10-04T15:09:21.126000,2025-10-04T15:09:21.126000,68d133369c4bfb4942ca73e3,greg.demeulenaere@gmail.com,FALSE
68e137a0493026cabfd05389,Kiri-Jolith,"Le Dieu de la Guerre Juste, fils de Paladine et Mishakal, Kiri-Jolith incarne le courage, l'honneur et la guerre menée pour des causes justes. Patron des soldats honorables et des guerriers vertueux, il enseigne que la force doit être tempérée par la discipline et utilisée pour protéger.",,,lawful_good,intermediate,,"Guerre honorable, courage, discipline militaire, sacrifice",Bison ou épée flamboyante,Épée longue,"Soldats, guerriers, Chevaliers de Solamnia, commandants militaires",Clercs-guerriers qui bénissent les armées et mènent les troupes au combat,Forteresses-sanctuaires servant de camps d'entraînement et de garnisons,,"Combattre pour la justice, protéger les innocents par la force, maintenir l'honneur au combat, accepter le sacrifice nécessaire",,,,68e138a140a65ef3172e5631,2025-10-04T15:09:21.126000,2025-10-04T15:09:21.126000,68d133369c4bfb4942ca73e3,greg.demeulenaere@gmail.com,FALSE
68e137a0493026cabfd05389,Takhisis,"La Reine des Ténèbres, Takhisis est la déesse de la conquête, de la tyrannie et du mal absolu. Incarnation de la domination et de l'ambition sans limites, elle cherche à régner sur tout Krynn. Elle a mené la Guerre des Lances avec ses armées draconiques. Représentée comme un dragon à cinq têtes, elle est la plus puissante force du mal.",,,lawful_evil,greater,,"Conquête, tyrannie, dragons chromatiques, domination, ambition",Dragon à cinq têtes,Masse d'armes lourde,"Tyrans, conquérants, Dragons Highlords, cultistes, dragons chromatiques",Ordre hiérarchique cruel de prêtres-guerriers servant sa volonté de domination,Forteresses sombres et temples imposants proclamant sa gloire,,"Conquérir et dominer, la force fait le droit, tous doivent s'agenouiller devant la Reine",,,,68e138a140a65ef3172e563d,2025-10-04T15:09:21.126000,2025-10-04T15:09:21.126000,68d133369c4bfb4942ca73e3,greg.demeulenaere@gmail.com,FALSE
68e137a0493026cabfd05389,Nuitari,"Le Dieu de la Magie Noire, Nuitari est lié à la lune noire invisible. Il représente la magie utilisée pour le pouvoir personnel et le mal. Les Robes Noires cherchent la domination par la magie et n'hésitent pas à user de sorts destructeurs et maléfiques. Fils de Takhisis, il valorise le pouvoir arcanique au-dessus de tout.",,,lawful_evil,intermediate,,"Magie noire, domination arcanique, ambition magique",Lune noire (invisible),Dague,"Mages des Robes Noires, nécromanciens, sorciers ambitieux","Ordre des Robes Noires, mages sans scrupules cherchant le pouvoir","Tour de Haute Sorcellerie de Wayreth, sanctuaires cachés",,"Le pouvoir magique avant tout, dominer par la magie, aucune limite morale, le savoir est pouvoir",,,,68e138a140a65ef3172e5643,2025-10-04T15:09:21.126000,2025-10-04T15:09:21.126000,68d133369c4bfb4942ca73e3,greg.demeulenaere@gmail.com,FALSE
68e137a0493026cabfd05389,Sargonnas,"Le Dieu de la Vengeance et de la Fureur, Sargonnas est le consort de Takhisis. Il incarne la rage guerrière, la vengeance implacable et l'honneur martial tordu. Patron des minotaures et des guerriers impitoyables, il enseigne que la force et la rage sont les chemins vers la grandeur.",,,lawful_evil,greater,,"Vengeance, fureur guerrière, minotaures, honneur martial perverti",Condor stylisé ou cornes de minotaure,Épée à deux mains,"Minotaures, guerriers impitoyables, ceux qui cherchent vengeance",Prêtres-guerriers minotaures et humains prêchant la force et la vengeance,Arènes et forteresses où règne la loi du plus fort,,"La vengeance est juste, la force domine, l'honneur par la victoire",,,,68e138a140a65ef3172e563e,2025-10-04T15:09:21.126000,2025-10-04T15:09:21.126000,68d133369c4bfb4942ca73e3,greg.demeulenaere@gmail.com,FALSE
68e137a0493026cabfd05389,Mishakal,"La Déesse Guérisseuse, Mishakal est l'incarnation de la compassion, de la guérison et de la restauration. Elle fut la première déesse à revenir sur Krynn après le Cataclysme, accordant les Disques de Mishakal à Goldmoon pour restaurer la foi. Représentée comme une belle femme aux yeux pleins de compassion, elle apporte l'espoir et la guérison à tous.",,,neutral_good,greater,,"Guérison, restauration, compassion, maternité, espoir",Bâton de cristal bleu,Bâton,"Guérisseurs, sages-femmes, médecins, ceux qui souffrent",Ordre de clercs et de mystiques dévoués à soulager la souffrance et à apporter l'espoir,"Lieux de guérison sereins avec jardins médicinaux, fontaines apaisantes et chambres de repos",,"Soulager la souffrance, guérir les malades, apporter l'espoir aux désespérés, enseigner les arts de la guérison",,,,68e138a140a65ef3172e5630,2025-10-04T15:09:21.126000,2025-10-04T15:09:21.126000,68d133369c4bfb4942ca73e3,greg.demeulenaere@gmail.com,FALSE
68e137a0493026cabfd05389,Zivilyn,"L'Arbre de la Vie, Zivilyn est le dieu de la sagesse et de la prescience. Il voit le passé, le présent et le futur simultanément, comprenant les connexions entre tous les événements. Époux de Chislev, il offre conseil et sagesse à ceux qui cherchent à comprendre le grand dessein.",,,true_neutral,intermediate,,"Sagesse, prophétie, prescience, compréhension",Arbre immense,Bâton,"Sages, prophètes, chercheurs de vérité, philosophes",Oracles et sages offrant conseil et interprétant les présages,Bosquets d'arbres anciens où le temps semble s'arrêter,,"Chercher la compréhension profonde, voir les connexions, accepter ce qui doit être",,,,68e138a140a65ef3172e563a,2025-10-04T15:09:21.126000,2025-11-15T14:03:37.495000,68d133369c4bfb4942ca73e3,greg.demeulenaere@gmail.com,FALSE
68e137a0493026cabfd05389,Majere,"Le Dieu de la Méditation, Majere enseigne la maîtrise de soi, la discipline et l'équilibre entre le corps et l'esprit. Frère de Kiri-Jolith mais choisissant la voie méditative plutôt que martiale, il est le patron des moines et de ceux qui cherchent l'illumination intérieure.",,,lawful_good,intermediate,,"Méditation, discipline, équilibre intérieur, arts martiaux",Rose de cuivre,Mains nues,"Moines, philosophes, érudits, chercheurs spirituels",Ordre monastique vivant dans la simplicité et la méditation,Monastères paisibles en montagne ou dans des lieux isolés propices à la méditation,,"Chercher l'équilibre intérieur, maîtriser le corps et l'esprit, vivre simplement, partager la sagesse",,,,68e138a140a65ef3172e5632,2025-10-04T15:09:21.126000,2025-11-14T11:09:22.193000,68d133369c4bfb4942ca73e3,greg.demeulenaere@gmail.com,FALSE
68e137a0493026cabfd05389,Reorx,"Le Forgeur du Monde, Reorx est le dieu de la forge, de l'artisanat et de la création. C'est lui qui a forgé le monde lui-même et créé les nains et les gnomes. Patron des artisans et des forgerons, il valorise le travail bien fait et l'innovation technique. Il a également créé la Pierre Grise qui devint la Gemme du Sang.",,,true_neutral,greater,,"Forge, artisanat, création, nains, gnomes, invention",Marteau de forge,Marteau de guerre,"Nains, gnomes, forgerons, artisans, inventeurs",Forgerons-prêtres qui bénissent les outils et les créations,"Forges massives dans les montagnes, ateliers sacrés",,"Créer avec excellence, innover et inventer, le travail bien fait honore le créateur",,,,68e138a140a65ef3172e5638,2025-10-04T15:09:21.126000,2025-10-04T15:09:21.126000,68d133369c4bfb4942ca73e3,greg.demeulenaere@gmail.com,FALSE
68e137a0493026cabfd05389,Sirrion,"Le Feu Fluide, Sirrion est le dieu du feu créateur, de la transformation et de la passion. Il représente l'énergie du changement et de la créativité, le feu qui forge mais aussi qui purifie. Capricieux et impulsif, il inspire la passion et la créativité brute.",,,chaotic_neutral,intermediate,,"Feu, créativité, passion, transformation, alchimie",Flamme multicolore,Cimeterre,"Alchimistes, artistes passionnés, pyromanciens, artisans du feu",Prêtres excentriques célébrant la passion et la transformation,Forges sacrées et ateliers où le feu brûle éternellement,,"Embrasser le changement, créer avec passion, laisser le feu intérieur brûler librement",,,,68e138a140a65ef3172e5637,2025-10-04T15:09:21.126000,2025-10-04T15:09:21.126000,68d133369c4bfb4942ca73e3,greg.demeulenaere@gmail.com,FALSE
68e137a0493026cabfd05389,Shinare,"La Déesse du Commerce et de la Richesse, Shinare préside aux échanges honnêtes, à la prospérité et au commerce équitable. Elle valorise le travail honnête, les contrats respectés et la prospérité gagnée justement. Les marchands et artisans la prient pour la réussite.",,,lawful_neutral,intermediate,,"Commerce, richesse, contrats, marchands, prospérité",Griffon ailé,Masse d'armes,"Marchands, artisans, banquiers, hommes d'affaires",Prêtres-négociateurs qui bénissent les accords et gèrent les temples-marchés,Marchés couverts et comptoirs commerciaux servant de lieux de culte,,"Commerce équitable, respecter les contrats, la prospérité par le travail honnête",,,,68e138a140a65ef3172e563b,2025-10-04T15:09:21.126000,2025-11-14T09:47:40.134000,68d133369c4bfb4942ca73e3,greg.demeulenaere@gmail.com,FALSE
68e0d7bd6314e0ec169aea86,Yondalla,"Yondalla, la Mère Nourricière, la Protectrice et Pourvoyeuse, est la déesse principale des halfelins. Elle représente la protection, la fertilité, le foyer, la famille et les valeurs traditionnelles halfelines. Yondalla enseigne l'importance de la communauté, de la générosité, et de la protection du foyer. Elle est une divinité maternelle et bienveillante qui veille sur tous les halfelins.",,,lawful_good,intermediate,,"Halfelins, protection, fertilité, foyer, famille",Bouclier avec une corne d'abondance,Épée courte,"Halfelins, fermiers, protecteurs de la famille, matrones","Les prêtres de Yondalla portent des robes vertes et brunes. Ils bénissent les foyers, aident aux naissances et protègent les communautés halfelines.","Les temples de Yondalla ressemblent à de confortables maisons halfelines agrandies. Chaleureux et accueillants, ils servent souvent de centres communautaires.",Le Festin de la Moisson célèbre l'abondance et la communauté. Les halfelins partagent des repas copieux et racontent des histoires.,Protéger le foyer et la famille. Partager ce que tu as. La communauté avant l'individu. Être courageux face au danger. Apprécier les plaisirs simples.,"Yondalla apparaît comme une halfeline maternelle au visage doux et chaleureux, vêtue simplement mais avec goût. Elle rayonne de chaleur et de sécurité.",,Yondalla dirige le panthéon halfelin. Elle est considérée comme une des déesses les plus bienveillantes et accueillantes du panthéon de Faerûn.,68e0da86d9e4b156670e9c6d,2025-10-04T08:27:50.615000,2025-10-04T08:27:50.615000,68d133369c4bfb4942ca73e3,greg.demeulenaere@gmail.com,FALSE
68e0d7bd6314e0ec169aea86,Kelemvor,"Kelemvor, Seigneur des Morts, juge les âmes des défunts et les guide vers leur destination finale. Ancien aventurier devenu dieu pendant le Temps des Troubles, Kelemvor a instauré un système de jugement juste basé sur les actes de vie. Il s'oppose aux morts-vivants et à ceux qui trichent avec la mort.",,,lawful_neutral,greater,,"Mort, les morts, jugement des défunts",Bras squelettique tenant une balance,Épée bâtarde,"Gardiens de tombes, médecins, ceux en deuil, chasseurs de morts-vivants","Les prêtres de Kelemvor, appelés Funéraires, portent du gris et s'occupent des morts. Ils conduisent les funérailles, chassent les morts-vivants et réconfortent les endeuillés.","Les temples de Kelemvor se trouvent souvent près des cimetières. Sobres et dignes, ils contiennent des chambres de repos pour les corps et des salles de jugement symboliques.",Le Festin de la Lune honore les défunts. Les Funérailles de Tempête (21 Uktar) commémorent les morts sans sépulture.,La mort fait partie de la vie. Respecter les morts. S'opposer aux morts-vivants. Aider les mourants à passer paisiblement. Juger équitablement.,"Kelemvor apparaît comme un homme musclé aux traits sévères mais justes, vêtu d'une armure grise ornée d'os. Ses yeux brillent d'un éclat spectral.",,Kelemvor a remplacé Myrkul comme dieu des morts après le Temps des Troubles. Il était autrefois amoureux de Midnight (Mystra actuelle).,68e0da86d9e4b156670e9c63,2025-10-04T08:27:50.614000,2025-10-04T08:27:50.614000,68d133369c4bfb4942ca73e3,greg.demeulenaere@gmail.com,FALSE
68e0d7bd6314e0ec169aea86,Moradin,"Moradin, le Père-Âme, le Forgeur d'Âmes, est le créateur de la race naine et dieu de la forge, de la création et de la protection naine. Il représente l'artisanat, l'honneur, l'endurance et la force naine. Moradin a forgé les premiers nains sur son enclume et continue de veiller sur son peuple. Il valorise le travail acharné, l'excellence de l'artisanat et la loyauté au clan.",,,lawful_good,greater,,"Nains, création, forge, ingénierie, guerre",Marteau et enclume,Marteau de guerre,"Nains, forgerons, mineurs, artisans, ingénieurs",Les prêtres de Moradin sont souvent eux-mêmes des forgerons talentueux. Ils portent des tabliers de forgeron sur leurs armures et créent des objets sacrés.,Les temples de Moradin sont des forges sacrées creusées profondément dans la montagne. On y entend constamment le son des marteaux sur les enclumes.,Le Jour du Forgeron célèbre la création et l'artisanat. Les nains créent des objets à offrir ou à vendre.,Honorer les ancêtres. Créer avec excellence. Protéger le clan. La forge et l'enclume sont sacrées. Ne jamais abandonner un nain dans le besoin.,"Moradin apparaît comme un nain massif aux muscles puissants, couvert de suie de forge, portant un tablier de cuir par-dessus une armure de plaques. Il brandit un marteau de guerre légendaire.",,Moradin dirige le panthéon nain (Morndinsamman). Il est l'ennemi juré des divinités gobelinoïdes et des géants.,68e0da86d9e4b156670e9c6b,2025-10-04T08:27:50.614000,2025-10-04T08:27:50.614000,68d133369c4bfb4942ca73e3,greg.demeulenaere@gmail.com,FALSE
68e0d7bd6314e0ec169aea86,Tempus,"Tempus, le Seigneur des Batailles, est le dieu de la guerre sous toutes ses formes. Il ne favorise aucun camp mais honore les braves et les guerriers valeureux. Tempus déteste la lâcheté et les actes de guerre déshonorables, mais respecte tous ceux qui se battent avec courage.",,,chaotic_neutral,greater,,"Guerre, batailles, guerriers",Épée flamboyante,Hache d'armes,"Guerriers, barbares, soldats, mercenaires, tous ceux qui vivent par l'épée","Les prêtres de Tempus, appelés Chaudcapes ou Lames de Bataille, portent des armures et mènent des troupes au combat. Ils bénissent les armes et honorent les morts valeureux.","Les temples de Tempus ressemblent à des forteresses militaires. Ils contiennent des salles d'entraînement, des armureries et des mémoriaux aux guerriers tombés.","La Fête de la Lune et le Jour du Bouclier honorent les guerriers morts. Avant chaque bataille majeure, des prières sont offertes.","Être brave et courageux, mais pas stupide. Se battre avec honneur. Éviter la tromperie et la lâcheté. Respecter tous les guerriers dignes de ce nom.","Tempus apparaît comme un guerrier géant couvert de cicatrices, vêtu d'une armure de bataille cabossée mais fonctionnelle, brandissant une épée enflammée.",,Tempus est opposé à Gond (qui crée des armes rendant les compétences martiales obsolètes) et à Talona (maladie et armes empoisonnées sont déshonorantes).,68e0da86d9e4b156670e9c5f,2025-10-04T08:27:50.614000,2025-10-04T08:27:50.614000,68d133369c4bfb4942ca73e3,greg.demeulenaere@gmail.com,FALSE
68e0d7bd6314e0ec169aea86,Lathander,"Lathander, le Seigneur du Matin, est le dieu de l'aube, du renouveau et de la créativité. Il représente les nouveaux départs, l'optimisme et la vitalité de la jeunesse. Lathander encourage ses fidèles à être créatifs, entreprenants et à toujours regarder vers l'avenir avec espoir. Il est l'ennemi des morts-vivants et de la stagnation.",,,neutral_good,greater,,"Aube, renouveau, créativité, jeunesse, vitalité, printemps",Disque solaire rose avec une route qui s'en éloigne,Masse d'armes lourde,"Artistes, athlètes, marchands, nobles, jeunes gens, amoureux du printemps","Les prêtres de Lathander, appelés Aubes ou Matutiniens, portent des robes roses, rouges et jaunes. Ils bénissent les nouveaux projets, célèbrent les naissances et encouragent l'innovation.",Les temples de Lathander sont construits pour capturer la lumière du soleil levant. Ils sont ornés de vitraux roses et dorés et comportent des jardins fleuris.,Chaque aube est sacrée. Le Premier Soleil (1 Hammer) célèbre le renouveau de l'année. Le Chant de l'Aube (équinoxe de printemps) célèbre le renouveau de la nature.,Rechercher constamment le renouveau. Être créatif et innovant. Combattre les morts-vivants. Planter des graines de nouvelles idées. Regarder chaque jour comme une nouvelle opportunité.,"Lathander apparaît comme un jeune homme beau et athlétique aux cheveux dorés, vêtu de robes roses et rouges qui semblent capturer la lumière de l'aube. Il rayonne de chaleur et d'optimisme.",,Lathander est parfois crédité (ou blâmé) pour des événements catastrophiques dus à ses tentatives de renouveler radicalement le panthéon.,68e0da86d9e4b156670e9c64,2025-10-04T08:27:50.614000,2025-10-04T08:27:50.614000,68d133369c4bfb4942ca73e3,greg.demeulenaere@gmail.com,FALSE
68e0d7bd6314e0ec169aea86,Ilmater,"Ilmater, le Dieu qui Pleure, le Seigneur Brisé, est la divinité de la souffrance, de l'endurance et du martyre. Il enseigne la compassion, le soulagement de la souffrance d'autrui et l'endurance de la douleur avec dignité. Ilmater et ses fidèles s'occupent des malades, des pauvres et des opprimés, souvent au détriment de leur propre bien-être.",,,lawful_good,intermediate,,"Endurance, souffrance, martyre, persévérance",Mains liées par une corde rouge,Poing nu,"Les opprimés, les malades, les moines, ceux qui souffrent, les altruistes","Les prêtres d'Ilmater, appelés Adorants, portent des robes grises simples. Ils dirigent des hospices, soignent les malades et défendent les opprimés. Beaucoup pratiquent le jeûne et l'auto-flagellation.","Les temples d'Ilmater sont des hospices et refuges pour les pauvres, les malades et les blessés. Simples et austères, ils offrent gratuitement aide et soins.",Le Chant de Souffrance (1 Marpenoth) commémore un martyr d'Ilmater. Les fidèles jeûnent et méditent sur la souffrance.,Soulager la souffrance où qu'elle soit. Endurer sa propre douleur avec patience. Aider les opprimés. Offrir refuge et guérison. La compassion avant tout.,"Ilmater apparaît comme un homme émacié couvert de blessures et de cicatrices, vêtu de haillons. Malgré sa souffrance évidente, ses yeux brillent de compassion infinie.",,Ilmater fait partie de la Triade avec Tyr et Torm. Il a enduré d'incroyables tortures pour racheter la souffrance d'autrui.,68e0da86d9e4b156670e9c68,2025-10-04T08:27:50.614000,2025-10-04T08:27:50.614000,68d133369c4bfb4942ca73e3,greg.demeulenaere@gmail.com,FALSE
68e0d7bd6314e0ec169aea86,Chauntea,"Chauntea, la Grande Mère, est la déesse de l'agriculture, des fermiers et de la fertilité. Elle représente la terre nourricière et tout ce qui y pousse. Chauntea veille sur les récoltes, bénit les champs et protège ceux qui travaillent la terre. Elle est une déesse aimante et généreuse, mais peut se montrer terrible envers ceux qui abusent de la terre.",,,neutral_good,greater,,"Agriculture, fermiers, jardinage, récoltes, fertilité",Gerbe de blé ou rose fleurie,Faucille,"Fermiers, jardiniers, paysans, druides, tous ceux qui dépendent de la terre","Les prêtres de Chauntea portent des robes brunes ou vertes. Ils bénissent les champs, enseignent l'agriculture, aident aux récoltes et maintiennent des jardins communautaires.",Les temples de Chauntea sont souvent de simples structures au milieu de fermes ou de jardins. Ils comportent des greniers pour stocker la nourriture pour les nécessiteux.,Corne d'Abondance (Solstice d'été) célèbre la moisson. Le Festin de la Lune remercie pour les récoltes. Les semailles de printemps sont aussi sacrées.,Nourrir les affamés. Respecter la terre. Planter et cultiver. Ne jamais gaspiller la nourriture. La vie naît de la mort et nourrit la terre.,"Chauntea apparaît comme une femme robuste aux traits maternels, vêtue de robes simples couleur terre. Ses cheveux sont tressés de blé doré et elle porte toujours des fleurs fraîches.",,Chauntea est une des plus anciennes divinités de Faerûn. Elle travaille en harmonie avec Silvanus pour l'équilibre entre nature cultivée et sauvage.,68e0da86d9e4b156670e9c65,2025-10-04T08:27:50.614000,2025-10-04T08:27:50.614000,68d133369c4bfb4942ca73e3,greg.demeulenaere@gmail.com,FALSE
68e0d7bd6314e0ec169aea86,Shar,"Shar, la Dame de la Nuit, est la déesse des ténèbres, de la perte et de l'oubli. Jumelle maléfique de Selûne, Shar cherche à ramener le multivers à l'obscurité originelle. Elle incarne les aspects négatifs de l'obscurité : le désespoir, la trahison, les secrets malveillants. Ses fidèles œuvrent dans l'ombre pour semer le chaos et la destruction.",,,neutral_evil,greater,,"Ténèbres, nuit, perte, oubli, secrets",Disque noir entouré d'un anneau violet,Chakram,"Assassins, voleurs, nihilistes, ceux qui embrassent les ténèbres, magiciens des ombres","Les prêtres de Shar, appelés Ténébreux ou Nightcloaks, portent du noir et opèrent depuis des temples souterrains. Ils effacent des souvenirs, volent des secrets et répandent le désespoir.","Les temples de Shar sont cachés dans des cavernes profondes ou des cryptes oubliées, plongés dans l'obscurité totale. On y pratique des rituels pour effacer souvenirs et espoir.",Chaque nouvelle lune. Le Festin de la Lune est un jour de deuil et de perte pour les Sharrans.,Embrasser les ténèbres et la nuit. Créer la perte et l'oubli. Effacer ce qui déplaît. Cacher la vérité. Semer le désespoir.,"Shar apparaît comme une belle femme pâle aux cheveux noirs comme la nuit, vêtue de ténèbres tangibles. Ses yeux sont des puits d'obscurité sans fond.",,Shar et Selûne sont en conflit éternel depuis la création du monde. Shar a brièvement tué Mystra pendant le Temps des Troubles.,68e0da86d9e4b156670e9c61,2025-10-04T08:27:50.614000,2025-10-04T08:27:50.614000,68d133369c4bfb4942ca73e3,greg.demeulenaere@gmail.com,FALSE
68e0d7bd6314e0ec169aea86,Baine,"Baine, le Seigneur Noir, est le dieu de la tyrannie, de la peur et de la haine. Il incarne la domination absolue et cherche à asservir tout Faerûn sous sa botte d'acier. Baine représente le pouvoir par la force, l'ordre imposé par la terreur et la hiérarchie stricte. Ses fidèles sont souvent des tyrans, des dictateurs et ceux qui recherchent le pouvoir à tout prix.",,,lawful_evil,greater,,"Tyrannie, peur, haine, conflit",Poing ganté noir tenant des éclairs,Morgenstern,"Tyrans, dictateurs, conquérants, tortionnaires, esclavagistes","Les prêtres de Baine, appelés Trémagistes ou Main Noire, portent du noir et dirigent par la peur. Ils établissent des hiérarchies strictes et écrasent toute opposition.",Les temples de Baine ressemblent à des forteresses sombres et oppressantes. On y trouve des chambres de torture et des prisons pour les « ennemis de l'ordre ».,Les Nuits des Hurlements (nouvelles lunes) sont des nuits de terreur orchestrée. Les sacrifices humains ne sont pas rares.,Servir Baine sans question. La force fait le droit. Écraser les faibles. Imposer l'ordre par la terreur. Étendre le pouvoir de Baine.,Baine apparaît comme un homme massif vêtu d'une armure noire imposante ornée de pointes et de symboles de terreur. Son visage inspire une peur surnaturelle.,,Baine a été tué pendant le Temps des Troubles mais est ressuscité à travers son fils Iyachtu Xvim. Il fait partie de la Trinité Noire avec Bhaal et Myrkul.,68e0da86d9e4b156670e9c66,2025-10-04T08:27:50.614000,2025-10-04T08:27:50.614000,68d133369c4bfb4942ca73e3,greg.demeulenaere@gmail.com,FALSE
68e0d7bd6314e0ec169aea86,Tyr,"Tyr l'Équitable, le Dieu Manchot, est la divinité de la justice et du jugement. Il incarne la loi, l'ordre et la justice aveugle. Tyr a perdu sa main droite dans un acte de bravoure contre les démons. Ses fidèles sont des paladins, juges et tous ceux qui luttent pour un monde juste.",,,lawful_good,greater,,"Justice, loi, vengeance légitime",Balance posée sur un marteau de guerre,Épée longue,"Paladins, juges, magistrats, gardiens de la loi, ceux qui cherchent justice","Les prêtres de Tyr, appelés Tyrrans, portent des robes blanches et bleues. Ils servent comme juges, arbitres et champions de la justice. Beaucoup sont des paladins.","Les temples de Tyr ressemblent à des salles de tribunal, avec un grand siège de jugement au centre. On y trouve des prisons pour les criminels en attente de jugement.",Le jour de la Dextre Défaillante (13 Eleint) commémore le sacrifice de Tyr. Les Tyrrans jeûnent et méditent sur la justice.,"Révéler, contempler et punir les coupables. Montrer la miséricorde aux repentants. Frapper vite et sûrement ceux qui ne connaissent pas la pitié. Soutenir les faibles et protéger les innocents.","Tyr apparaît comme un guerrier robuste vêtu d'une armure de plates dorée, portant un bandeau sur les yeux pour symboliser sa justice aveugle. Son bras droit se termine au poignet.",,Tyr a temporairement abandonné la sphère des mortels mais est récemment revenu après la Sundering.,68e0da86d9e4b156670e9c5e,2025-10-04T08:27:50.614000,2025-10-04T08:27:50.614000,68d133369c4bfb4942ca73e3,greg.demeulenaere@gmail.com,FALSE
68e0d7bd6314e0ec169aea86,Silvanus,"Silvanus, le Père Chêne, est le dieu de la nature sauvage et de l'équilibre naturel. Il représente la nature dans sa totalité - belle et terrible, nourricière et destructrice. Silvanus s'oppose à ceux qui détruisent la nature sans raison et prône l'harmonie entre civilisation et nature sauvage.",,,true_neutral,greater,,"Nature sauvage, druides, équilibre naturel",Feuille de chêne vert,Cimeterre,"Druides, rôdeurs, forestiers, fermiers, chasseurs","Les druides de Silvanus vivent dans les forêts et les lieux sauvages, protégeant la nature et maintenant l'équilibre. Ils portent des vêtements simples de couleurs naturelles.","Les temples de Silvanus sont des bosquets sacrés, des cercles de pierres anciennes, ou des cavernes naturelles. Rarement des structures construites.",Les équinoxes et solstices sont sacrés. Les Hauts Jours de l'Été (Solstice d'été) sont particulièrement importants.,Maintenir l'équilibre entre civilisation et nature. Protéger la nature sauvage. Punir ceux qui détruisent sans nécessité. Respecter les cycles naturels.,"Silvanus apparaît comme un homme d'âge mûr robuste, à la peau tannée, avec une longue barbe verte et des cheveux parsemés de feuilles et de branches. Des animaux l'accompagnent souvent.",,"Silvanus est le seigneur de Mielikki (déesse des forêts) et de Chauntea (déesse de l'agriculture), supervisant l'équilibre entre les deux.",68e0da86d9e4b156670e9c60,2025-10-04T08:27:50.614000,2025-10-04T08:27:50.614000,68d133369c4bfb4942ca73e3,greg.demeulenaere@gmail.com,FALSE
68e0d7bd6314e0ec169aea86,Torm,"Torm le Vrai, le Loyal et Furieux, est le dieu du courage, du devoir et du sacrifice. Il représente l'idéal du paladin : courage inébranlable, loyauté absolue et volonté de se sacrifier pour le bien commun. Torm inspire ses fidèles à accomplir leur devoir peu importe les obstacles et à défendre les faibles contre l'injustice.",,,lawful_good,intermediate,,"Devoir, loyauté, obéissance, paladins, courage",Gantelet droit blanc,Épée grande,"Paladins, soldats loyaux, gardiens du bien, défenseurs des faibles","Les prêtres de Torm, appelés Champions, sont souvent des paladins. Ils portent des armures blanches et servent comme défenseurs du bien et de l'ordre.",Les temples de Torm ressemblent à des forteresses dédiées au bien. Ils servent de centres d'entraînement pour paladins et de refuges pour les opprimés.,Le Serment Sacré (13 Eleint) célèbre les paladins tombés au combat. Les fidèles renouvellent leurs vœux.,Le devoir avant tout. Protéger les faibles. Combattre le mal avec courage. La loyauté est sacrée. Être prêt à se sacrifier pour le bien commun.,"Torm apparaît comme un paladin parfait en armure étincelante, brandissant une épée sacrée. Il rayonne de détermination et de noblesse.",,"Torm est mort héroïquement pendant le Temps des Troubles en combattant Baine, mais a été ressuscité. Il fait partie de la Triade avec Tyr et Ilmater.",68e0da86d9e4b156670e9c69,2025-10-04T08:27:50.614000,2025-10-04T08:27:50.614000,68d133369c4bfb4942ca73e3,greg.demeulenaere@gmail.com,FALSE
68e0d7bd6314e0ec169aea86,Garl Glittergold,"Garl Glittergold, le Farceur Étincelant, le Joyeux Gemmeur, est le dieu principal des gnomes. Il représente l'humour, l'ingéniosité, la création de gemmes et d'illusions, et la protection des gnomes. Garl enseigne que la vie doit être vécue avec joie et humour, et que même les situations les plus sombres peuvent être éclairées par un bon tour ou une blague bien placée.",,,lawful_good,intermediate,,"Gnomes, humour, gemmes, protection gnome, ingéniosité",Pépite d'or,Hache de guerre,"Gnomes, joailliers, illusionnistes, farceurs, inventeurs",Les prêtres de Garl portent des vêtements colorés ornés de gemmes. Ils utilisent l'humour pour enseigner et sont connus pour leurs farces élaborées.,"Les temples de Garl sont des merveilles d'ingéniosité, remplis de mécanismes astucieux, de gemmes scintillantes et de passages secrets. L'atmosphère y est joyeuse.",Le Festival des Gemmes célèbre la création et l'art des gemmes. Les gnomes échangent des cadeaux et jouent des tours.,Rire face au danger. Jouer des tours mais jamais cruels. Créer de belles choses. Protéger les gnomes. L'ingéniosité résout tous les problèmes.,"Garl apparaît comme un gnome robuste aux yeux pétillants de malice, vêtu d'habits fins ornés de gemmes scintillantes. Il porte une hache d'or et a toujours un sourire espiègle.",,Garl a autrefois piégé le dieu gobelin Maglubiyet dans une caverne en utilisant des illusions et de l'ingéniosité gnome.,68e0da86d9e4b156670e9c6c,2025-10-04T08:27:50.614000,2025-10-04T08:27:50.614000,68d133369c4bfb4942ca73e3,greg.demeulenaere@gmail.com,FALSE
68e0d7bd6314e0ec169aea86,Mystra,"Mystra est la déesse de la magie, l'incarnation de la Toile elle-même. Elle supervise tous les lanceurs de sorts et veille à ce que la magie soit utilisée de manière responsable. Ses fidèles comprennent des mages, sorciers et tous ceux qui manipulent les arcanes. Mystra incarne l'équilibre entre la magie créatrice et destructrice.",,,neutral_good,greater,,"Magie, sorts, la Toile","Cercle de sept étoiles, ou une étoile à neuf branches entourée d'un anneau",Fléau d'armes,"Mages, sorciers, bardes, utilisateurs de magie arcane, érudits","Le clergé de Mystra, appelé les Azurés ou les Mages Mystras, porte des robes bleues décorées d'étoiles. Ils protègent les sites magiques, recherchent la magie perdue et combattent les abus de pouvoir magique.",Les temples de Mystra sont souvent construits dans des lieux imprégnés de magie résiduelle. Ils contiennent de vastes bibliothèques de sorts et servent de centres d'apprentissage magique.,Les Mystrans célèbrent les nuits d'étoiles filantes et les éclipses lunaires. Le 15 Marpenoth marque la Nuit des Azurés.,Promouvoir l'art de la magie et son usage responsable. Préserver la connaissance magique. S'opposer à ceux qui détruiraient ou corrompraient la Toile. Encourager la créativité magique.,"Mystra apparaît comme une belle femme humaine aux cheveux d'un bleu profond parsemés d'étoiles, vêtue de robes tissées de pure magie qui changent de couleur et de motif. Ses yeux brillent d'une lueur argentée.",,"Mystra a été tuée et ressuscitée plusieurs fois. L'actuelle Mystra est la troisième à porter ce nom, anciennement connue comme Minuit.",68e0da86d9e4b156670e9c5d,2025-10-04T08:27:50.614000,2025-10-04T08:27:50.614000,68d133369c4bfb4942ca73e3,greg.demeulenaere@gmail.com,FALSE
68e0d7bd6314e0ec169aea86,Helm,"Helm, le Vigilant, le Dieu Gardien, est la divinité de la protection, de la vigilance et des gardiens. Il ne dort jamais et veille éternellement. Helm représente le devoir inébranlable et la protection des innocents. Ses fidèles sont des gardiens, des sentinelles et tous ceux qui prennent leur devoir au sérieux, peu importe le coût personnel.",,,lawful_neutral,intermediate,,"Protection, vigilance, gardiens, sentinelles",Œil ouvert dans un gantelet dressé,Épée bâtarde,"Gardes, sentinelles, mercenaires, paladins, protecteurs","Les prêtres de Helm, appelés Veilleurs ou Gardiens, portent des armures ornées de l'œil de Helm. Ils gardent des lieux importants et protègent les innocents.","Les temples de Helm sont des forteresses imprenables, toujours gardées. Ils servent souvent de refuges pour ceux en danger.",La Vigile de Helm (nuits sans lune) requiert que les fidèles restent éveillés toute la nuit en méditation vigilante.,Ne jamais dormir sur son poste. Le devoir avant tout. Protéger les faibles. La vigilance éternelle est le prix de la sécurité. Ne jamais abandonner son poste.,"Helm apparaît comme un guerrier imposant en armure complète, toujours alerte. Son heaume comporte un œil vigilant qui ne cligne jamais.",,"Helm a tué Mystra pendant le Temps des Troubles en accomplissant son devoir de garder Celestia, un acte qui l'a profondément marqué.",68e0da86d9e4b156670e9c67,2025-10-04T08:27:50.614000,2025-10-04T08:27:50.614000,68d133369c4bfb4942ca73e3,greg.demeulenaere@gmail.com,FALSE
68e0d7bd6314e0ec169aea86,Corellon Larethian,"Corellon Larethian, le Créateur des Elfes, le Protecteur et Préservateur de la Vie, est le dieu principal du panthéon elfique. Il représente l'art, la magie, la poésie, la guerre et tous les aspects de la civilisation elfique. Corellon incarne la grâce, la beauté et l'excellence elfiques. Il est l'ennemi juré de Lolth et de Gruumsh.",,,chaotic_good,greater,,"Elfes, magie, arts, artisanat, poésie, guerre",Croissant de lune argenté,Arc long,"Elfes, demi-elfes, artistes, mages, archers, amoureux de la beauté","Les prêtres de Corellon portent des robes bleu et vert argenté. Ils préservent la culture elfique, enseignent les arts et protègent les communautés elfes.","Les temples de Corellon sont des merveilles architecturales intégrées harmonieusement à la nature, souvent au cœur des forêts elfiques. Ils contiennent de vastes bibliothèques et ateliers d'artisanat.",Les nuits de nouvelle lune et de pleine lune. Le Repli des Elfes commémore ceux qui sont partis pour Eternelle Rencontre.,Préserver la culture et l'héritage elfiques. Créer de la beauté. Perfectionner ses arts. Protéger les forêts. S'opposer à Lolth et Gruumsh.,"Corellon apparaît comme un elfe d'une beauté surnaturelle, androgyne, vêtu d'une armure mithril étincelante ornée de motifs de feuilles. Il porte un arc long et une épée longue légendaires.",,Corellon a créé la race elfique et continue de veiller sur elle. Il a autrefois crevé l'œil de Gruumsh dans une bataille légendaire.,68e0da86d9e4b156670e9c6a,2025-10-04T08:27:50.614000,2025-10-04T08:27:50.614000,68d133369c4bfb4942ca73e3,greg.demeulenaere@gmail.com,FALSE
68e0d7bd6314e0ec169aea86,Selûne,"Selûne, Notre Dame d'Argent, est la déesse de la lune, des étoiles, de la navigation et des voyageurs nocturnes. Jumelle de Shar, elle représente les aspects positifs de la nuit : guidance, mystère, amour. Selûne protège ceux qui voyagent la nuit et guide les égarés. Elle est une ennemie implacable de sa sœur Shar.",,,chaotic_good,greater,,"Lune, étoiles, navigation, voyageurs, lycanthropes bienveillants",Paire d'yeux entourés de sept étoiles,Masse d'armes,"Navigateurs, marins, voyageurs, traqueurs de morts-vivants, lycanthropes bienveillants, femmes","Les prêtres de Selûne, appelés Argentés ou Clairs de Lune, portent des robes blanches et argentées. Ils aident les voyageurs, protègent contre les morts-vivants et traquent les serviteurs de Shar.",Les temples de Selûne ont des toits ouverts ou des dômes de verre pour laisser entrer la lumière de la lune. Ils servent souvent de refuges pour les voyageurs.,La pleine lune est sacrée. Les Mystères de la Nuit (nouvelle lune) sont un temps de contemplation silencieuse.,Guider les égarés. Protéger les voyageurs de la nuit. Combattre Shar et ses serviteurs. Accepter le changement comme la lune change de phase.,Selûne apparaît comme une femme gracieuse à la peau laiteuse et aux cheveux d'argent brillant. Elle porte une robe de soie blanche parsemée d'étoiles et irradie une douce lumière lunaire.,,Selûne et Shar ont créé le monde de Toril ensemble mais se sont immédiatement battues pour sa nature. Leur conflit continue depuis.,68e0da86d9e4b156670e9c62,2025-10-04T08:27:50.614000,2025-10-04T08:27:50.614000,68d133369c4bfb4942ca73e3,greg.demeulenaere@gmail.com,FALSE