name,description_text,image_url,type,rarity,quality,market_value,weight,materials,crafting_time,crafting_skill,durability,special_properties,history,creator,uses,notes,id,created_date,updated_date,created_by_id,created_by,is_sample
Papier (feuille),"Feuille de papier, moins cher que le parchemin.",,Outil,Commun,Moyenne,0.2,0.01 kg,Fibres végétales,1 jour,Papeterie (DC 10),Très fragile,,,,,"Plus moderne que le parchemin, pas toujours disponible.",68e28b3145e71d2ae9f35667,2025-10-05T15:13:53.529000,2025-10-05T15:13:53.529000,68d133369c4bfb4942ca73e3,greg.demeulenaere@gmail.com,FALSE
Symbole sacré - Bois,Symbole religieux sculpté dans le bois.,,Religieux,Commun,Moyenne,5,0.5 kg,Bois sculpté,2 jours,Sculpture (DC 10),Normal,Peut servir de focus divin pour clercs et paladins,,,,Disponible dans les temples.,68e28b3145e71d2ae9f35668,2025-10-05T15:13:53.529000,2025-10-05T15:13:53.529000,68d133369c4bfb4942ca73e3,greg.demeulenaere@gmail.com,FALSE
Symbole sacré - Argent,Symbole religieux en argent finement travaillé.,,Religieux,Peu commun,Excellente,100,0.5 kg,Argent pur,7 jours,Orfèvrerie (DC 14),Résistant,Peut servir de focus divin pour clercs et paladins,,,,Plus précieux et puissant. Béni par un prêtre.,68e28b3145e71d2ae9f35669,2025-10-05T15:13:53.529000,2025-10-05T15:13:53.529000,68d133369c4bfb4942ca73e3,greg.demeulenaere@gmail.com,FALSE
Eau bénite (fiole),Eau consacrée efficace contre les morts-vivants.,,Religieux,Commun,Moyenne,25,0.5 kg,"Eau pure, bénédiction",Rituel de 1 heure,Clerc niveau 1+,Fragile,2d6 dégâts radiants contre fiélons et morts-vivants,,,,Créée par les clercs. Vendue dans les temples.,68e28b3145e71d2ae9f3566a,2025-10-05T15:13:53.529000,2025-10-05T15:13:53.529000,68d133369c4bfb4942ca73e3,greg.demeulenaere@gmail.com,FALSE
Flèches (20),Vingt flèches de bois avec pointes métalliques.,,Arme,Commun,Moyenne,1,0.5 kg,"Bois, plumes, fer",1 jour,Menuiserie (DC 9),Usage unique,Munitions pour arcs,,,,Lot de 20 flèches. Disponibles chez tous les marchands d'armes.,68e28b3145e71d2ae9f3566b,2025-10-05T15:13:53.529000,2025-10-05T15:13:53.529000,68d133369c4bfb4942ca73e3,greg.demeulenaere@gmail.com,FALSE
Carreaux d'arbalète (20),Vingt carreaux courts et lourds pour arbalète.,,Arme,Commun,Moyenne,1,0.75 kg,"Bois dur, fer",1 jour,Menuiserie (DC 10),Usage unique,Munitions pour arbalètes,,,,Lot de 20 carreaux. Disponibles chez les armuriers.,68e28b3145e71d2ae9f3566c,2025-10-05T15:13:53.529000,2025-10-05T15:13:53.529000,68d133369c4bfb4942ca73e3,greg.demeulenaere@gmail.com,FALSE
Billes (sac de 1000),Petites billes pour créer terrain difficile.,,Outil,Commun,Moyenne,1,1 kg,"Verre, argile ou pierre",3 jours,Poterie (DC 9),Fragile,"Couvre 3x3 m, crée terrain difficile, peut faire tomber (jet de Dex)",,,,Tactique défensive classique.,68e28b3145e71d2ae9f3566d,2025-10-05T15:13:53.529000,2025-10-05T15:13:53.529000,68d133369c4bfb4942ca73e3,greg.demeulenaere@gmail.com,FALSE
Cloche,Petite cloche en laiton pour alarme.,,Outil,Commun,Moyenne,1,0.5 kg,Laiton,2 jours,Forge (DC 11),Résistant,,,,,Utile pour campements et alarmes.,68e28b3145e71d2ae9f3566e,2025-10-05T15:13:53.529000,2025-10-05T15:13:53.529000,68d133369c4bfb4942ca73e3,greg.demeulenaere@gmail.com,FALSE
Bougie,Bougie de cire ou de suif pour éclairage faible.,,Outil,Commun,Moyenne,0.01,0.05 kg,"Cire ou suif, mèche",30 minutes,Artisanat (DC 5),Usage unique,"Éclaire 1.5 m, lumière faible 1.5 m supplémentaires, brûle 1 heure",,,,Source de lumière la moins chère.,68e28b3145e71d2ae9f3566f,2025-10-05T15:13:53.529000,2025-10-05T15:13:53.529000,68d133369c4bfb4942ca73e3,greg.demeulenaere@gmail.com,FALSE
Bâton de cire,Bâton de cire pour cacheter lettres.,,Outil,Commun,Moyenne,0.5,0.05 kg,Cire colorée,1 heure,Artisanat (DC 5),Normal,,,,,Utilisé pour sceller documents officiels.,68e28b3145e71d2ae9f35670,2025-10-05T15:13:53.529000,2025-10-05T15:13:53.529000,68d133369c4bfb4942ca73e3,greg.demeulenaere@gmail.com,FALSE
Chevalière,Bague gravée pour sceau personnel.,,Bijou,Peu commun,Bonne,5,0.05 kg,Métal gravé,3 jours,Orfèvrerie (DC 13),Résistant,Utilisée pour sceller documents avec cire,,,,Marque d'autorité et d'identité.,68e28b3145e71d2ae9f35671,2025-10-05T15:13:53.529000,2025-10-05T15:13:53.529000,68d133369c4bfb4942ca73e3,greg.demeulenaere@gmail.com,FALSE
Savon,Pain de savon basique pour se laver.,,Autre,Commun,Moyenne,0.02,0.25 kg,"Graisse animale, cendres",2 jours,Alchimie (DC 8),Normal,,,,,Hygiène basique. Disponible partout.,68e28b3145e71d2ae9f35672,2025-10-05T15:13:53.529000,2025-10-05T15:13:53.529000,68d133369c4bfb4942ca73e3,greg.demeulenaere@gmail.com,FALSE
Sifflet,Petit sifflet pour signaux.,,Outil,Commun,Moyenne,0.05,0.05 kg,Bois ou métal,1 heure,Menuiserie (DC 8),Normal,Audible jusqu'à 90 m,,,,Utile pour communication ou appeler l'aide.,68e28b3145e71d2ae9f35673,2025-10-05T15:13:53.529000,2025-10-05T15:13:53.529000,68d133369c4bfb4942ca73e3,greg.demeulenaere@gmail.com,FALSE
Couverture,Couverture en laine épaisse pour dormir au chaud.,,Vêtement,Commun,Moyenne,0.5,1.5 kg,Laine tissée,3 jours,Tissage (DC 9),Normal,,,,,Essentielle pour camper. Disponible partout.,68e28b3145e71d2ae9f35648,2025-10-05T15:13:53.528000,2025-10-05T15:13:53.528000,68d133369c4bfb4942ca73e3,greg.demeulenaere@gmail.com,FALSE
Tente (2 personnes),Tente simple en toile pour 2 personnes.,,Outil,Commun,Moyenne,2,10 kg,"Toile, cordes et piquets",5 jours,Couture (DC 10),Normal,Abrite 2 personnes des intempéries,,,,Indispensable pour les longs voyages.,68e28b3145e71d2ae9f35649,2025-10-05T15:13:53.528000,2025-10-05T15:13:53.528000,68d133369c4bfb4942ca73e3,greg.demeulenaere@gmail.com,FALSE
Kit d'escalade,"Ensemble complet : pitons, marteau, sangles, gants.",,Outil,Commun,Moyenne,25,6 kg,"Métal, cuir, corde",7 jours,Forge (DC 12),Résistant,"Permet de s'ancrer lors de l'escalade, permet aux alliés de grimper sans test",,,,Essentiel pour les régions montagneuses.,68e28b3145e71d2ae9f3564a,2025-10-05T15:13:53.528000,2025-10-05T15:13:53.528000,68d133369c4bfb4942ca73e3,greg.demeulenaere@gmail.com,FALSE
Kit de déguisement,"Cosmétiques, teintures, accessoires pour se déguiser.",,Outil,Commun,Moyenne,25,1.5 kg,"Cosmétiques, tissus, accessoires",10 jours,Artisanat (DC 13),Normal,Permet de créer des déguisements convaincants,,,,Indispensable pour les espions et infiltrateurs.,68e28b3145e71d2ae9f3564b,2025-10-05T15:13:53.528000,2025-10-05T15:13:53.528000,68d133369c4bfb4942ca73e3,greg.demeulenaere@gmail.com,FALSE
Kit de contrefaçon,"Encres, sceaux, papiers pour falsifier documents.",,Outil,Peu commun,Bonne,15,2.5 kg,"Papiers, encres, sceaux de cire",7 jours,Calligraphie (DC 14),Normal,Permet de contrefaire des documents,,,,Utilisé par les faussaires. Illégal dans la plupart des endroits.,68e28b3145e71d2ae9f3564c,2025-10-05T15:13:53.528000,2025-10-05T15:13:53.528000,68d133369c4bfb4942ca73e3,greg.demeulenaere@gmail.com,FALSE
Kit d'herboriste,"Sachets, fioles, outils pour identifier et préparer plantes.",,Outil,Commun,Moyenne,5,1.5 kg,"Fioles, sachets, outils de coupe",3 jours,Artisanat (DC 10),Normal,Maîtrise permet d'identifier plantes et créer remèdes,,,,Utile pour les druides et soigneurs.,68e28b3145e71d2ae9f3564d,2025-10-05T15:13:53.528000,2025-10-05T15:13:53.528000,68d133369c4bfb4942ca73e3,greg.demeulenaere@gmail.com,FALSE
Kit d'empoisonneur,"Fioles, balance, outils pour créer et appliquer poisons.",,Outil,Peu commun,Bonne,50,1 kg,"Verrerie, outils précis, contenants",10 jours,Alchimie (DC 15),Fragile,Permet de créer et identifier poisons,,,,Illégal à posséder dans de nombreuses régions. Utilisé par assassins.,68e28b3145e71d2ae9f3564e,2025-10-05T15:13:53.528000,2025-10-05T15:13:53.528000,68d133369c4bfb4942ca73e3,greg.demeulenaere@gmail.com,FALSE
Kit de guérisseur,"Bandages, attelles, onguents pour soins d'urgence.",,Outil,Commun,Moyenne,5,1.5 kg,"Bandages, herbes médicinales, outils",2 jours,Médecine (DC 10),Normal,"10 utilisations, permet de stabiliser les mourants",,,,Crucial pour tout groupe d'aventuriers. Vendu par apothicaires.,68e28b3145e71d2ae9f3564f,2025-10-05T15:13:53.528000,2025-10-05T15:13:53.528000,68d133369c4bfb4942ca73e3,greg.demeulenaere@gmail.com,FALSE
Outils de voleur,"Crochets, limes, petits miroirs pour crocheter serrures.",,Outil,Commun,Moyenne,25,0.5 kg,"Acier fin, miroirs",7 jours,Serrurerie (DC 14),Normal,Permet de crocheter serrures et désamorcer pièges,,,,Indispensables pour les roublards. Illégaux à posséder sans autorisation.,68e28b3145e71d2ae9f35650,2025-10-05T15:13:53.528000,2025-10-05T15:13:53.528000,68d133369c4bfb4942ca73e3,greg.demeulenaere@gmail.com,FALSE
Outils de forgeron,"Marteaux, tenailles, enclume pour forger le métal.",,Outil,Commun,Moyenne,20,4 kg,Acier et fer,10 jours,Forge (DC 12),Très résistant,Permet de réparer armes et armures métalliques,,,,Lourds mais essentiels pour l'artisanat du métal.,68e28b3145e71d2ae9f35651,2025-10-05T15:13:53.528000,2025-10-05T15:13:53.528000,68d133369c4bfb4942ca73e3,greg.demeulenaere@gmail.com,FALSE
Outils de menuisier,"Scies, rabots, ciseaux pour travailler le bois.",,Outil,Commun,Moyenne,8,3 kg,Acier et bois,5 jours,Menuiserie (DC 11),Résistant,Permet de fabriquer objets en bois et réparer armes en bois,,,,Utiles pour construire et réparer.,68e28b3145e71d2ae9f35652,2025-10-05T15:13:53.528000,2025-10-05T15:13:53.528000,68d133369c4bfb4942ca73e3,greg.demeulenaere@gmail.com,FALSE
Outils de tanneur,"Couteaux, aiguilles, poinçons pour travailler le cuir.",,Outil,Commun,Moyenne,5,2.5 kg,Acier et bois,4 jours,Travail du cuir (DC 10),Résistant,Permet de fabriquer et réparer objets en cuir,,,,Essentiels pour l'entretien des armures légères.,68e28b3145e71d2ae9f35653,2025-10-05T15:13:53.528000,2025-10-05T15:13:53.528000,68d133369c4bfb4942ca73e3,greg.demeulenaere@gmail.com,FALSE
Outils d'alchimiste,"Alambics, fioles, brûleurs pour créer substances alchimiques.",,Outil,Commun,Moyenne,50,4 kg,"Verre, métal, céramique",15 jours,Soufflage de verre (DC 15),Fragile,"Permet de créer acides, alchimiste, feu grégeois, potions",,,,Chers et fragiles. Vendus par alchimistes uniquement.,68e28b3145e71d2ae9f35654,2025-10-05T15:13:53.528000,2025-10-05T15:13:53.528000,68d133369c4bfb4942ca73e3,greg.demeulenaere@gmail.com,FALSE
Matériel de brasseur,"Tonneaux, cuves, levures pour brasser bière et alcools.",,Outil,Commun,Moyenne,20,4.5 kg,"Bois, métal, levures",10 jours,Tonnellerie (DC 12),Résistant,"Permet de brasser bière, hydromel et alcools",,,,Utilisé dans les brasseries et tavernes.,68e28b3145e71d2ae9f35655,2025-10-05T15:13:53.528000,2025-10-05T15:13:53.528000,68d133369c4bfb4942ca73e3,greg.demeulenaere@gmail.com,FALSE
Ustensiles de cuisinier,"Marmites, poêles, couteaux, épices pour cuisiner.",,Outil,Commun,Moyenne,1,4 kg,"Fer, bois, épices",3 jours,Forge (DC 9),Résistant,Permet de préparer repas savoureux et identifier nourriture avariée,,,,Utiles pour améliorer le moral en voyage.,68e28b3145e71d2ae9f35656,2025-10-05T15:13:53.528000,2025-10-05T15:13:53.528000,68d133369c4bfb4942ca73e3,greg.demeulenaere@gmail.com,FALSE
Outils de bijoutier,"Loupes, pinces, petits marteaux pour travailler métaux précieux.",,Outil,Commun,Bonne,25,1 kg,"Acier fin, loupes",10 jours,Orfèvrerie (DC 14),Normal,Permet d'évaluer gemmes et créer bijoux,,,,Précieux pour identifier trésors.,68e28b3145e71d2ae9f35657,2025-10-05T15:13:53.528000,2025-10-05T15:13:53.528000,68d133369c4bfb4942ca73e3,greg.demeulenaere@gmail.com,FALSE
Outils de cartographe,"Compas, règles, encres pour créer cartes précises.",,Outil,Commun,Moyenne,15,3 kg,"Instruments de mesure, encres, papiers",7 jours,Artisanat (DC 12),Normal,Permet de créer cartes précises,,,,Essentiels pour les explorateurs.,68e28b3145e71d2ae9f35658,2025-10-05T15:13:53.528000,2025-10-05T15:13:53.528000,68d133369c4bfb4942ca73e3,greg.demeulenaere@gmail.com,FALSE
Outils de tisserand,"Métier à tisser portable, aiguilles, fils.",,Outil,Commun,Moyenne,1,2.5 kg,"Bois, aiguilles, fils",5 jours,Menuiserie (DC 10),Normal,Permet de créer tissus et vêtements,,,,Utilisés pour réparer vêtements en voyage.,68e28b3145e71d2ae9f35659,2025-10-05T15:13:53.528000,2025-10-05T15:13:53.528000,68d133369c4bfb4942ca73e3,greg.demeulenaere@gmail.com,FALSE
Outils de potier,"Tour de potier portable, argile, outils de modelage.",,Outil,Commun,Moyenne,10,1.5 kg,"Bois, métal, argile",5 jours,Menuiserie (DC 10),Fragile,Permet de créer récipients en céramique,,,,Pratique pour créer contenants.,68e28b3145e71d2ae9f3565a,2025-10-05T15:13:53.528000,2025-10-05T15:13:53.528000,68d133369c4bfb4942ca73e3,greg.demeulenaere@gmail.com,FALSE
Outils de calligraphe,"Plumes, encres, papiers fins pour écriture artistique.",,Outil,Commun,Moyenne,10,2.5 kg,"Plumes, encres, papiers",3 jours,Artisanat (DC 10),Normal,Permet de copier textes et créer documents,,,,Utilisés par les scribes et érudits.,68e28b3145e71d2ae9f3565b,2025-10-05T15:13:53.528000,2025-10-05T15:13:53.528000,68d133369c4bfb4942ca73e3,greg.demeulenaere@gmail.com,FALSE
Outils de peintre,"Pinceaux, palette, pigments pour peindre.",,Outil,Commun,Moyenne,10,2.5 kg,"Bois, poils, pigments",4 jours,Artisanat (DC 10),Normal,Permet de créer peintures et fresques,,,,Utilisés par les artistes.,68e28b3145e71d2ae9f3565c,2025-10-05T15:13:53.528000,2025-10-05T15:13:53.528000,68d133369c4bfb4942ca73e3,greg.demeulenaere@gmail.com,FALSE
Instruments de navigation,"Sextant, compas, cartes pour navigation maritime.",,Outil,Peu commun,Bonne,25,1 kg,"Laiton, verre, papier",15 jours,Artisanat de précision (DC 15),Normal,Empêche de se perdre en mer,,,,Essentiels pour les marins.,68e28b3145e71d2ae9f3565d,2025-10-05T15:13:53.528000,2025-10-05T15:13:53.528000,68d133369c4bfb4942ca73e3,greg.demeulenaere@gmail.com,FALSE
Instruments de musique - Luth,"Instrument à cordes pincées, favori des bardes.",,Instrument,Commun,Moyenne,35,1 kg,"Bois, cordes",10 jours,Lutherie (DC 14),Fragile,Peut servir de focus pour bardes,,,,Instrument le plus populaire pour les bardes.,68e28b3145e71d2ae9f3565e,2025-10-05T15:13:53.528000,2025-10-05T15:13:53.528000,68d133369c4bfb4942ca73e3,greg.demeulenaere@gmail.com,FALSE
Instruments de musique - Flûte,Instrument à vent simple et portable.,,Instrument,Commun,Moyenne,2,0.5 kg,Bois ou métal,3 jours,Menuiserie (DC 11),Normal,Peut servir de focus pour bardes,,,,Instrument simple et abordable.,68e28b3145e71d2ae9f3565f,2025-10-05T15:13:53.528000,2025-10-05T15:13:53.528000,68d133369c4bfb4942ca73e3,greg.demeulenaere@gmail.com,FALSE
Instruments de musique - Tambour,"Percussion simple, utilisée pour rythme et signaux.",,Instrument,Commun,Moyenne,6,1.5 kg,Bois et peau tendue,4 jours,Artisanat (DC 10),Résistant,Peut servir de focus pour bardes,,,,Utilisé dans les armées et tribus.,68e28b3145e71d2ae9f35660,2025-10-05T15:13:53.528000,2025-10-05T15:13:53.528000,68d133369c4bfb4942ca73e3,greg.demeulenaere@gmail.com,FALSE
Instruments de musique - Cornemuse,"Instrument à vent complexe, typique des highlands.",,Instrument,Commun,Moyenne,30,3 kg,"Cuir, bois, anche",12 jours,Artisanat (DC 14),Normal,Peut servir de focus pour bardes,,,,Instrument puissant et distinctif.,68e28b3145e71d2ae9f35661,2025-10-05T15:13:53.528000,2025-10-05T15:13:53.528000,68d133369c4bfb4942ca73e3,greg.demeulenaere@gmail.com,FALSE
Livre vierge,Livre relié avec pages vierges pour notes.,,Livre,Commun,Moyenne,25,2.5 kg,"Papier, cuir, reliure",7 jours,Reliure (DC 12),Normal,,,,,"Utilisé par magiciens, érudits, aventuriers pour notes.",68e28b3145e71d2ae9f35662,2025-10-05T15:13:53.528000,2025-10-05T15:13:53.528000,68d133369c4bfb4942ca73e3,greg.demeulenaere@gmail.com,FALSE
Livre de sorts vierge,Livre spécial avec pages enchantées pour sorts.,,Livre,Peu commun,Bonne,50,1.5 kg,"Parchemin enchanté, couverture renforcée",15 jours,Enchantement (DC 15),Résistant,100 pages pouvant contenir sorts de magicien,,,,Essentiel pour les magiciens. Vendu par scribes spécialisés.,68e28b3145e71d2ae9f35663,2025-10-05T15:13:53.528000,2025-10-05T15:13:53.528000,68d133369c4bfb4942ca73e3,greg.demeulenaere@gmail.com,FALSE
Encre (fiole),Encre noire standard pour écriture.,,Outil,Commun,Moyenne,10,0.05 kg,"Suie, gomme, eau",1 jour,Alchimie (DC 8),Normal,,,,,Nécessaire pour écrire. Vendue par scribes et marchands.,68e28b3145e71d2ae9f35664,2025-10-05T15:13:53.528000,2025-10-05T15:13:53.528000,68d133369c4bfb4942ca73e3,greg.demeulenaere@gmail.com,FALSE
Plume d'écriture,Plume taillée pour écriture fine.,,Outil,Commun,Moyenne,0.02,0.01 kg,Plume d'oiseau,10 minutes,Artisanat (DC 5),Fragile,,,,,Basique mais nécessaire pour écrire.,68e28b3145e71d2ae9f35665,2025-10-05T15:13:53.528000,2025-10-05T15:13:53.528000,68d133369c4bfb4942ca73e3,greg.demeulenaere@gmail.com,FALSE
Parchemin (feuille),Feuille de parchemin pour écriture ou sorts.,,Outil,Commun,Moyenne,0.1,0.01 kg,Peau animale traitée,2 jours,Parchemin (DC 10),Fragile,,,,,"Utilisé pour lettres, contrats, parchemins de sorts.",68e28b3145e71d2ae9f35666,2025-10-05T15:13:53.528000,2025-10-05T15:13:53.528000,68d133369c4bfb4942ca73e3,greg.demeulenaere@gmail.com,FALSE
Pain (miche),Pain frais ou de voyage.,,Nourriture,Commun,Moyenne,0.02,0.25 kg,"Farine, eau, levure",3 heures,Cuisine (DC 8),Fragile,,,,,Disponible dans toutes les villes et villages.,68e28b3145e71d2ae9f35642,2025-10-05T15:13:53.401000,2025-10-05T15:13:53.401000,68d133369c4bfb4942ca73e3,greg.demeulenaere@gmail.com,FALSE
Fromage (morceau),Fromage à pâte dure qui se conserve bien.,,Nourriture,Commun,Moyenne,0.1,0.25 kg,Lait fermenté et pressé,30 jours (affinage),Fromagerie (DC 10),Normal,,,,,Excellent pour les voyages. Se garde longtemps.,68e28b3145e71d2ae9f35643,2025-10-05T15:13:53.401000,2025-10-05T15:13:53.401000,68d133369c4bfb4942ca73e3,greg.demeulenaere@gmail.com,FALSE
Vin (cruche),Vin ordinaire ou de qualité selon le prix.,,Boisson,Commun,Moyenne,0.2,2.5 kg,Raisins fermentés,60 jours (fermentation minimum),Vinification (DC 12),Normal,Contient 2 litres,,,,Disponible dans toutes les auberges et marchés.,68e28b3145e71d2ae9f35644,2025-10-05T15:13:53.401000,2025-10-05T15:13:53.401000,68d133369c4bfb4942ca73e3,greg.demeulenaere@gmail.com,FALSE
Bière (cruche),"Bière légère, boisson quotidienne commune.",,Boisson,Commun,Moyenne,0.04,2.5 kg,"Orge, houblon, eau",14 jours (fermentation),Brassage (DC 10),Normal,Contient 2 litres,,,,La boisson la plus commune. Partout disponible.,68e28b3145e71d2ae9f35645,2025-10-05T15:13:53.401000,2025-10-05T15:13:53.401000,68d133369c4bfb4942ca73e3,greg.demeulenaere@gmail.com,FALSE
Sacoche de composantes,Petite sacoche contenant des composantes matérielles pour sorts.,,Outil,Commun,Moyenne,25,1 kg,Cuir et diverses composantes,2 jours,Travail du cuir (DC 10),Normal,Contient composantes matérielles génériques pour sorts,,,,Essentielle pour les lanceurs de sorts. Vendue chez les alchimistes.,68e28b3145e71d2ae9f35646,2025-10-05T15:13:53.401000,2025-10-05T15:13:53.401000,68d133369c4bfb4942ca73e3,greg.demeulenaere@gmail.com,FALSE
Bâton de marche,Bâton en bois robuste pour la marche.,,Outil,Commun,Moyenne,0.2,2 kg,Bois dur,2 heures,Menuiserie (DC 8),Résistant,,,,,Outil de base très polyvalent.,68e28b3145e71d2ae9f35647,2025-10-05T15:13:53.401000,2025-10-05T15:13:53.401000,68d133369c4bfb4942ca73e3,greg.demeulenaere@gmail.com,FALSE
Épée courte,"Une lame droite d'environ 60 cm, légère et maniable.",,Arme,Commun,Moyenne,10,1 kg,Acier,1 jour,Forge (DC 11),Résistant,"1d6 dégâts perforants, finesse, légère",,,,Disponible chez tous les forgerons et marchands d'armes.,68e28b3145e71d2ae9f3560a,2025-10-05T15:13:53.400000,2025-10-05T15:13:53.400000,68d133369c4bfb4942ca73e3,greg.demeulenaere@gmail.com,FALSE
Hache d'armes,"Une hache de combat polyvalente, utilisable à une ou deux mains.",,Arme,Commun,Moyenne,10,2 kg,Acier et bois,2 jours,Forge (DC 12),Résistant,"1d8 dégâts tranchants, polyvalente (1d10)",,,,Arme favorite des guerriers du Nord.,68e28b3145e71d2ae9f3560b,2025-10-05T15:13:53.400000,2025-10-05T15:13:53.400000,68d133369c4bfb4942ca73e3,greg.demeulenaere@gmail.com,FALSE
Hache à deux mains,Une massive hache de guerre nécessitant les deux mains.,,Arme,Commun,Moyenne,30,3.5 kg,Acier et bois renforcé,3 jours,Forge (DC 13),Résistant,"1d12 dégâts tranchants, lourde, deux mains",,,,Arme de prédilection des barbares.,68e28b3145e71d2ae9f3560c,2025-10-05T15:13:53.400000,2025-10-05T15:13:53.400000,68d133369c4bfb4942ca73e3,greg.demeulenaere@gmail.com,FALSE
Marteau de guerre,"Un marteau lourd conçu pour le combat, efficace contre les armures.",,Arme,Commun,Moyenne,15,1 kg,Acier et bois,2 jours,Forge (DC 12),Très résistant,"1d8 dégâts contondants, polyvalent (1d10)",,,,Populaire chez les nains et les clercs.,68e28b3145e71d2ae9f3560d,2025-10-05T15:13:53.400000,2025-10-05T15:13:53.400000,68d133369c4bfb4942ca73e3,greg.demeulenaere@gmail.com,FALSE
Masse d'armes,"Une masse hérissée de pointes, dévastatrice contre les armures.",,Arme,Commun,Moyenne,5,2 kg,Fer et bois,1 jour,Forge (DC 10),Résistant,1d6 dégâts contondants,,,,Arme simple mais efficace.,68e28b3145e71d2ae9f3560e,2025-10-05T15:13:53.400000,2025-10-05T15:13:53.400000,68d133369c4bfb4942ca73e3,greg.demeulenaere@gmail.com,FALSE
Fléau d'armes,Une arme composée d'une chaîne reliée à une tête hérissée.,,Arme,Commun,Moyenne,10,1 kg,Acier et chaîne,2 jours,Forge (DC 13),Normal,1d8 dégâts contondants,,,,Difficile à maîtriser mais très efficace.,68e28b3145e71d2ae9f3560f,2025-10-05T15:13:53.400000,2025-10-05T15:13:53.400000,68d133369c4bfb4942ca73e3,greg.demeulenaere@gmail.com,FALSE
Rapière,Une fine épée d'estoc privilégiant la précision à la force.,,Arme,Commun,Moyenne,25,1 kg,Acier de qualité,3 jours,Forge (DC 14),Normal,"1d8 dégâts perforants, finesse",,,,Arme élégante des duellistes et roublards.,68e28b3145e71d2ae9f35610,2025-10-05T15:13:53.400000,2025-10-05T15:13:53.400000,68d133369c4bfb4942ca73e3,greg.demeulenaere@gmail.com,FALSE
Cimeterre,"Une épée courbée au tranchant acéré, légère et rapide.",,Arme,Commun,Moyenne,25,1.5 kg,Acier courbé,3 jours,Forge (DC 13),Résistant,"1d6 dégâts tranchants, finesse, légère",,,,Populaire dans les déserts et chez les pirates.,68e28b3145e71d2ae9f35611,2025-10-05T15:13:53.400000,2025-10-05T15:13:53.400000,68d133369c4bfb4942ca73e3,greg.demeulenaere@gmail.com,FALSE
Épée à deux mains,Une énorme épée nécessitant force et entraînement.,,Arme,Commun,Moyenne,50,3 kg,Acier de qualité,5 jours,Forge (DC 15),Très résistant,"2d6 dégâts tranchants, lourde, deux mains",,,,L'arme des grands guerriers et champions.,68e28b3145e71d2ae9f35612,2025-10-05T15:13:53.400000,2025-10-05T15:13:53.400000,68d133369c4bfb4942ca73e3,greg.demeulenaere@gmail.com,FALSE
Pique,Une longue lance à deux mains avec large fer de lance.,,Arme,Commun,Moyenne,5,9 kg,Bois et fer,2 jours,Menuiserie (DC 10),Normal,"1d10 dégâts perforants, lourde, allonge, deux mains",,,,Utilisée par les formations de piquiers.,68e28b3145e71d2ae9f35613,2025-10-05T15:13:53.400000,2025-10-05T15:13:53.400000,68d133369c4bfb4942ca73e3,greg.demeulenaere@gmail.com,FALSE
Lance,Une arme d'hast polyvalente utilisable de près ou lancée.,,Arme,Commun,Moyenne,1,1.5 kg,Bois et fer,1 jour,Menuiserie (DC 8),Normal,"1d6 dégâts perforants, lancer (portée 6/18 m), polyvalente (1d8)",,,,L'arme la plus basique et universelle.,68e28b3145e71d2ae9f35614,2025-10-05T15:13:53.400000,2025-10-05T15:13:53.400000,68d133369c4bfb4942ca73e3,greg.demeulenaere@gmail.com,FALSE
Hallebarde,"Une arme combinant hache, lance et crochet sur un long manche.",,Arme,Commun,Moyenne,20,3 kg,Acier et bois dur,4 jours,Forge (DC 14),Résistant,"1d10 dégâts tranchants, lourde, allonge, deux mains",,,,Arme favorite des gardes et soldats.,68e28b3145e71d2ae9f35615,2025-10-05T15:13:53.400000,2025-10-05T15:13:53.400000,68d133369c4bfb4942ca73e3,greg.demeulenaere@gmail.com,FALSE
Arc court,Un arc compact idéal pour le combat rapproché.,,Arme,Commun,Moyenne,25,1 kg,Bois flexible et corde,3 jours,Artisanat d'arc (DC 12),Normal,"1d6 dégâts perforants, munitions, portée 24/96 m, deux mains",,,,Utilisé par les éclaireurs et chasseurs.,68e28b3145e71d2ae9f35616,2025-10-05T15:13:53.400000,2025-10-05T15:13:53.400000,68d133369c4bfb4942ca73e3,greg.demeulenaere@gmail.com,FALSE
Arbalète légère,Une arbalète compacte facile à recharger.,,Arme,Commun,Moyenne,25,2.5 kg,"Bois, métal et mécanisme",5 jours,Menuiserie fine (DC 14),Normal,"1d8 dégâts perforants, munitions, chargement, portée 24/96 m, deux mains",,,,Ne nécessite pas de force particulière.,68e28b3145e71d2ae9f35617,2025-10-05T15:13:53.400000,2025-10-05T15:13:53.400000,68d133369c4bfb4942ca73e3,greg.demeulenaere@gmail.com,FALSE
Arbalète lourde,Une puissante arbalète nécessitant un mécanisme de rechargement.,,Arme,Commun,Moyenne,50,9 kg,"Bois renforcé, acier et mécanisme",10 jours,Menuiserie fine (DC 16),Résistant,"1d10 dégâts perforants, munitions, chargement, lourde, portée 30/120 m, deux mains",,,,Utilisée pour les sièges et contre les armures lourdes.,68e28b3145e71d2ae9f35618,2025-10-05T15:13:53.400000,2025-10-05T15:13:53.400000,68d133369c4bfb4942ca73e3,greg.demeulenaere@gmail.com,FALSE
Arbalète de poing,Une mini-arbalète pouvant être maniée d'une main.,,Arme,Commun,Moyenne,75,1.5 kg,Bois et acier,7 jours,Menuiserie fine (DC 15),Normal,"1d6 dégâts perforants, munitions, chargement, légère, portée 9/36 m",,,,Favorite des assassins et espions.,68e28b3145e71d2ae9f35619,2025-10-05T15:13:53.400000,2025-10-05T15:13:53.400000,68d133369c4bfb4942ca73e3,greg.demeulenaere@gmail.com,FALSE
Fléchettes (10),Petites armes de jet légères et faciles à dissimuler.,,Arme,Commun,Moyenne,0.5,0.25 kg,Fer et plumes,2 heures,Forge (DC 8),Fragile,"1d4 dégâts perforants, finesse, lancer (portée 6/18 m)",,,,Lot de 10 fléchettes.,68e28b3145e71d2ae9f3561a,2025-10-05T15:13:53.400000,2025-10-05T15:13:53.400000,68d133369c4bfb4942ca73e3,greg.demeulenaere@gmail.com,FALSE
Javeline,Une lance courte conçue pour être lancée.,,Arme,Commun,Moyenne,0.5,1 kg,Bois et fer,4 heures,Menuiserie (DC 8),Normal,"1d6 dégâts perforants, lancer (portée 9/36 m)",,,,Arme de jet classique des guerriers.,68e28b3145e71d2ae9f3561b,2025-10-05T15:13:53.400000,2025-10-05T15:13:53.400000,68d133369c4bfb4942ca73e3,greg.demeulenaere@gmail.com,FALSE
Filet,Un filet lesté pour capturer les ennemis.,,Arme,Commun,Moyenne,1,1.5 kg,Corde et poids,6 heures,Artisanat (DC 10),Normal,"Créature entravée, lancer (portée 1.5/4.5 m), usage unique",,,,Utilisé par les gladiateurs et chasseurs.,68e28b3145e71d2ae9f3561c,2025-10-05T15:13:53.400000,2025-10-05T15:13:53.400000,68d133369c4bfb4942ca73e3,greg.demeulenaere@gmail.com,FALSE
Sarbacane,Un tube pour projeter des fléchettes empoisonnées silencieusement.,,Arme,Commun,Moyenne,10,0.5 kg,Bois ou roseau,1 jour,Menuiserie (DC 10),Normal,"1 dégât perforant, munitions, chargement, portée 7.5/30 m",,,,"Arme d'assassin, utilisée avec des poisons.",68e28b3145e71d2ae9f3561d,2025-10-05T15:13:53.400000,2025-10-05T15:13:53.400000,68d133369c4bfb4942ca73e3,greg.demeulenaere@gmail.com,FALSE
Fouet,Un long fouet de cuir pour frapper à distance.,,Arme,Commun,Moyenne,2,1.5 kg,Cuir tressé,1 jour,Travail du cuir (DC 11),Normal,"1d4 dégâts tranchants, finesse, allonge",,,,Utilisé pour désarmer ou attraper.,68e28b3145e71d2ae9f3561e,2025-10-05T15:13:53.400000,2025-10-05T15:13:53.400000,68d133369c4bfb4942ca73e3,greg.demeulenaere@gmail.com,FALSE
Armure matelassée,Des couches de tissu et de rembourrage.,,Armure,Commun,Moyenne,5,4 kg,Tissu rembourré,2 jours,Couture (DC 10),Normal,"CA 11 + mod. Dex, armure légère, désavantage en Discrétion",,,,La moins chère des armures.,68e28b3145e71d2ae9f3561f,2025-10-05T15:13:53.400000,2025-10-05T15:13:53.400000,68d133369c4bfb4942ca73e3,greg.demeulenaere@gmail.com,FALSE
Armure de cuir clouté,Cuir renforcé de rivets et clous métalliques.,,Armure,Commun,Moyenne,45,6.5 kg,Cuir épais et rivets métalliques,5 jours,Travail du cuir (DC 13),Résistant,"CA 12 + mod. Dex, armure légère",,,,Protection solide sans gêner les mouvements.,68e28b3145e71d2ae9f35620,2025-10-05T15:13:53.400000,2025-10-05T15:13:53.400000,68d133369c4bfb4942ca73e3,greg.demeulenaere@gmail.com,FALSE
Armure de peaux,Peaux d'animaux épaisses et fourrure.,,Armure,Commun,Moyenne,10,6 kg,Peaux et fourrures,3 jours,Travail du cuir (DC 10),Normal,"CA 12 + mod. Dex (max +2), armure intermédiaire",,,,Armure tribale simple.,68e28b3145e71d2ae9f35621,2025-10-05T15:13:53.400000,2025-10-05T15:13:53.400000,68d133369c4bfb4942ca73e3,greg.demeulenaere@gmail.com,FALSE
Chemise de mailles,Anneaux métalliques entrelacés portés sur tissu.,,Armure,Commun,Moyenne,50,10 kg,Anneaux d'acier et tissu,12 jours,Forge (DC 14),Résistant,"CA 13 + mod. Dex (max +2), armure intermédiaire",,,,Bonne protection pour les aventuriers.,68e28b3145e71d2ae9f35622,2025-10-05T15:13:53.400000,2025-10-05T15:13:53.400000,68d133369c4bfb4942ca73e3,greg.demeulenaere@gmail.com,FALSE
Armure d'écailles,Manteau de cuir couvert de plaques de métal superposées.,,Armure,Commun,Moyenne,50,22.5 kg,Cuir et plaques d'acier,15 jours,Forge (DC 14),Résistant,"CA 14 + mod. Dex (max +2), armure intermédiaire, désavantage en Discrétion",,,,Protection élevée mais bruyante.,68e28b3145e71d2ae9f35623,2025-10-05T15:13:53.400000,2025-10-05T15:13:53.400000,68d133369c4bfb4942ca73e3,greg.demeulenaere@gmail.com,FALSE
Cuirasse,Plastron en métal sur vêtements de cuir souple.,,Armure,Commun,Moyenne,400,10 kg,Acier et cuir,25 jours,Forge (DC 16),Très résistant,"CA 14 + mod. Dex (max +2), armure intermédiaire",,,,Équilibre entre protection et mobilité.,68e28b3145e71d2ae9f35624,2025-10-05T15:13:53.400000,2025-10-05T15:13:53.400000,68d133369c4bfb4942ca73e3,greg.demeulenaere@gmail.com,FALSE
Demi-plate,"Plaques d'acier sur parties vitales, avec mailles ailleurs.",,Armure,Peu commun,Bonne,750,20 kg,Plaques d'acier et mailles,45 jours,Forge maître (DC 18),Très résistant,"CA 15 + mod. Dex (max +2), armure intermédiaire, désavantage en Discrétion",,,,Protection de haute qualité.,68e28b3145e71d2ae9f35625,2025-10-05T15:13:53.400000,2025-10-05T15:13:53.400000,68d133369c4bfb4942ca73e3,greg.demeulenaere@gmail.com,FALSE
Cotte d'anneaux,"Anneaux métalliques cousus sur cuir, portés entre couches de tissu.",,Armure,Commun,Moyenne,30,20 kg,"Anneaux de fer, cuir et tissu",10 jours,Forge (DC 13),Normal,"CA 14, armure lourde, désavantage en Discrétion",,,,Armure lourde d'entrée de gamme.,68e28b3145e71d2ae9f35626,2025-10-05T15:13:53.400000,2025-10-05T15:13:53.400000,68d133369c4bfb4942ca73e3,greg.demeulenaere@gmail.com,FALSE
Broigne,Chemise de mailles renforcée et jambières de cuir.,,Armure,Commun,Moyenne,75,27.5 kg,Mailles d'acier et cuir,18 jours,Forge (DC 15),Résistant,"CA 16, armure lourde, désavantage en Discrétion",,,,Armure standard des soldats.,68e28b3145e71d2ae9f35627,2025-10-05T15:13:53.400000,2025-10-05T15:13:53.400000,68d133369c4bfb4942ca73e3,greg.demeulenaere@gmail.com,FALSE
Clibanion,Armure de bandes d'acier verticales rivetées sur cuir.,,Armure,Commun,Bonne,200,30 kg,Bandes d'acier et cuir,30 jours,Forge (DC 17),Très résistant,"CA 17, armure lourde, Force minimum 15, désavantage en Discrétion",,,,Protection excellente pour les guerriers.,68e28b3145e71d2ae9f35628,2025-10-05T15:13:53.400000,2025-10-05T15:13:53.400000,68d133369c4bfb4942ca73e3,greg.demeulenaere@gmail.com,FALSE
Sac à dos,Sac en toile robuste avec sangles.,,Conteneur,Commun,Moyenne,2,2.5 kg,Toile épaisse et sangles de cuir,1 jour,Couture (DC 10),Résistant,"Contenance: 15 kg, volume 30 litres",,,,Essentiel pour tout aventurier. Vendu partout.,68e28b3145e71d2ae9f35629,2025-10-05T15:13:53.400000,2025-10-05T15:13:53.400000,68d133369c4bfb4942ca73e3,greg.demeulenaere@gmail.com,FALSE
Bourse,Petite poche en cuir pour transporter des pièces.,,Conteneur,Commun,Moyenne,0.5,0.5 kg,Cuir souple,2 heures,Travail du cuir (DC 8),Normal,Contient 50 pièces,,,,"Objet basique, disponible partout.",68e28b3145e71d2ae9f3562a,2025-10-05T15:13:53.400000,2025-10-05T15:13:53.400000,68d133369c4bfb4942ca73e3,greg.demeulenaere@gmail.com,FALSE
Coffre,Grand coffre en bois renforcé pour stockage.,,Conteneur,Commun,Moyenne,5,12.5 kg,Bois et ferrures métalliques,3 jours,Menuiserie (DC 11),Résistant,"Contenance: 150 kg, volume 340 litres",,,,Utilisé pour stocker l'équipement en ville ou sur chariot.,68e28b3145e71d2ae9f3562b,2025-10-05T15:13:53.400000,2025-10-05T15:13:53.400000,68d133369c4bfb4942ca73e3,greg.demeulenaere@gmail.com,FALSE
Carquois,Étui pour flèches porté dans le dos ou à la ceinture.,,Conteneur,Commun,Moyenne,1,0.5 kg,Cuir et bois,4 heures,Travail du cuir (DC 9),Normal,Contient 20 flèches ou carreaux,,,,Indispensable pour tout archer.,68e28b3145e71d2ae9f3562c,2025-10-05T15:13:53.400000,2025-10-05T15:13:53.400000,68d133369c4bfb4942ca73e3,greg.demeulenaere@gmail.com,FALSE
Flasque ou chope,"Récipient pour liquides, en métal ou céramique.",,Conteneur,Commun,Moyenne,0.02,0.5 kg,Étain ou céramique,2 heures,Poterie ou Forge (DC 8),Fragile,Contient 0.5 litre,,,,Disponible dans toutes les auberges.,68e28b3145e71d2ae9f3562d,2025-10-05T15:13:53.400000,2025-10-05T15:13:53.400000,68d133369c4bfb4942ca73e3,greg.demeulenaere@gmail.com,FALSE
Outre,Sac en cuir imperméabilisé pour transporter de l'eau.,,Conteneur,Commun,Moyenne,0.2,2.5 kg (pleine),Cuir traité à la cire,1 jour,Travail du cuir (DC 10),Normal,Contient 2 litres,,,,Essentiel pour les voyages. Vendu partout.,68e28b3145e71d2ae9f3562e,2025-10-05T15:13:53.400000,2025-10-05T15:13:53.400000,68d133369c4bfb4942ca73e3,greg.demeulenaere@gmail.com,FALSE
Torche,Bâton enveloppé de tissu imbibé de résine inflammable.,,Outil,Commun,Moyenne,0.01,0.5 kg,"Bois, tissu et résine",15 minutes,Artisanat (DC 5),Usage unique,"Éclaire 6 m, lumière faible 6 m supplémentaires, brûle 1 heure",,,,L'outil le plus basique. Disponible partout.,68e28b3145e71d2ae9f3562f,2025-10-05T15:13:53.400000,2025-10-05T15:13:53.400000,68d133369c4bfb4942ca73e3,greg.demeulenaere@gmail.com,FALSE
Lanterne à capote,Lanterne métallique avec volets pour diriger la lumière.,,Outil,Commun,Moyenne,5,1 kg,Métal et verre,2 jours,Forge (DC 12),Résistant,"Éclaire 9 m en cône, lumière faible 9 m supplémentaires, brûle 6h par fiole d'huile",,,,Pratique pour diriger la lumière. Vendue chez les ferronniers.,68e28b3145e71d2ae9f35630,2025-10-05T15:13:53.400000,2025-10-05T15:13:53.400000,68d133369c4bfb4942ca73e3,greg.demeulenaere@gmail.com,FALSE
Lanterne sourde,Lanterne fermée avec volets pour cacher la lumière.,,Outil,Commun,Moyenne,10,1 kg,Métal et verre,3 jours,Forge (DC 13),Résistant,"Éclaire 9 m, lumière faible 9 m supplémentaires, brûle 6h par fiole d'huile, peut être masquée",,,,Favorite des roublards et explorateurs.,68e28b3145e71d2ae9f35631,2025-10-05T15:13:53.400000,2025-10-05T15:13:53.400000,68d133369c4bfb4942ca73e3,greg.demeulenaere@gmail.com,FALSE
Huile (fiole),Fiole d'huile combustible pour lanterne ou comme arme.,,Alchimique,Commun,Moyenne,0.1,0.5 kg,Huile végétale ou animale,1 heure,Alchimie (DC 8),Fragile,"Carburant pour 6h de lanterne, ou arme incendiaire (2d6 dégâts de feu)",,,,Disponible chez les marchands généraux.,68e28b3145e71d2ae9f35632,2025-10-05T15:13:53.400000,2025-10-05T15:13:53.400000,68d133369c4bfb4942ca73e3,greg.demeulenaere@gmail.com,FALSE
Corde en chanvre (15 m),Corde solide en fibres de chanvre tressées.,,Outil,Commun,Moyenne,1,5 kg,Fibres de chanvre,1 jour,Artisanat (DC 8),Normal,"Solidité: peut supporter 1500 kg, 2 PV",,,,Essentiel pour l'escalade et multiples usages.,68e28b3145e71d2ae9f35633,2025-10-05T15:13:53.400000,2025-10-05T15:13:53.400000,68d133369c4bfb4942ca73e3,greg.demeulenaere@gmail.com,FALSE
Corde en soie (15 m),Corde légère et résistante en soie tressée.,,Outil,Peu commun,Excellente,10,2.5 kg,Fibres de soie,3 jours,Artisanat (DC 12),Résistant,"Solidité: peut supporter 1500 kg, 2 PV, plus légère que le chanvre",,,,"Luxueuse et rare, vendue dans les grandes villes.",68e28b3145e71d2ae9f35634,2025-10-05T15:13:53.400000,2025-10-05T15:13:53.400000,68d133369c4bfb4942ca73e3,greg.demeulenaere@gmail.com,FALSE
Pitons (10),Pointes métalliques pour l'escalade.,,Outil,Commun,Moyenne,0.5,1.25 kg,Fer forgé,2 heures,Forge (DC 8),Résistant,Utilisés avec marteau pour escalade,,,,Lot de 10 pitons.,68e28b3145e71d2ae9f35635,2025-10-05T15:13:53.400000,2025-10-05T15:13:53.400000,68d133369c4bfb4942ca73e3,greg.demeulenaere@gmail.com,FALSE
Marteau,Marteau de menuisier ou forgeron.,,Outil,Commun,Moyenne,1,1.5 kg,Fer et bois,1 jour,Forge (DC 9),Très résistant,,,,,Outil de base polyvalent.,68e28b3145e71d2ae9f35636,2025-10-05T15:13:53.400000,2025-10-05T15:13:53.400000,68d133369c4bfb4942ca73e3,greg.demeulenaere@gmail.com,FALSE
Pied de biche,Barre métallique pour forcer des portes ou coffres.,,Outil,Commun,Moyenne,2,2.5 kg,Fer massif,1 jour,Forge (DC 10),Très résistant,Avantage aux tests de Force pour forcer portes et coffres,,,,Indispensable pour les explorateurs de donjons.,68e28b3145e71d2ae9f35637,2025-10-05T15:13:53.400000,2025-10-05T15:13:53.400000,68d133369c4bfb4942ca73e3,greg.demeulenaere@gmail.com,FALSE
Cadenas,Cadenas à clé pour sécuriser coffres et portes.,,Outil,Commun,Moyenne,10,0.5 kg,Acier et mécanisme,3 jours,Serrurerie (DC 13),Résistant,DC 15 pour le crocheter,,,,Vendu chez les serruriers et marchands.,68e28b3145e71d2ae9f35638,2025-10-05T15:13:53.400000,2025-10-05T15:13:53.400000,68d133369c4bfb4942ca73e3,greg.demeulenaere@gmail.com,FALSE
Chaîne (3 m),Chaîne métallique robuste.,,Outil,Commun,Moyenne,5,5 kg,Anneaux d'acier forgé,2 jours,Forge (DC 11),Très résistant,"Solidité: 10 PV, peut supporter 2000 kg",,,,"Utilisée pour attacher, entraver ou sécuriser.",68e28b3145e71d2ae9f35639,2025-10-05T15:13:53.400000,2025-10-05T15:13:53.400000,68d133369c4bfb4942ca73e3,greg.demeulenaere@gmail.com,FALSE
Menottes,Bracelets métalliques verrouillables pour entraver.,,Outil,Commun,Moyenne,2,3 kg,Acier et mécanisme de verrouillage,2 jours,Serrurerie (DC 12),Très résistant,"DC 20 pour s'en échapper, DC 15 pour les crocheter",,,,Utilisées par les gardes et chasseurs de primes.,68e28b3145e71d2ae9f3563a,2025-10-05T15:13:53.400000,2025-10-05T15:13:53.400000,68d133369c4bfb4942ca73e3,greg.demeulenaere@gmail.com,FALSE
Sablier,Appareil de mesure du temps avec sable.,,Outil,Commun,Moyenne,25,0.5 kg,Verre et sable fin,5 jours,Soufflage de verre (DC 14),Fragile,Mesure précisément 1 heure,,,,Utilisé par les navigateurs et alchimistes.,68e28b3145e71d2ae9f3563b,2025-10-05T15:13:53.400000,2025-10-05T15:13:53.400000,68d133369c4bfb4942ca73e3,greg.demeulenaere@gmail.com,FALSE
Longue-vue,Tube optique pour observer au loin.,,Outil,Rare,Excellente,1000,0.5 kg,Lentilles de verre et tube de cuivre,30 jours,Optique (DC 18),Fragile,Multiplie la vision par 2 sur les objets lointains,,,,"Objet de luxe, uniquement dans les grandes villes.",68e28b3145e71d2ae9f3563c,2025-10-05T15:13:53.400000,2025-10-05T15:13:53.400000,68d133369c4bfb4942ca73e3,greg.demeulenaere@gmail.com,FALSE
Miroir en acier,Miroir poli pour voir derrière les coins ou signaler.,,Outil,Commun,Moyenne,5,0.25 kg,Acier poli,1 jour,Forge (DC 11),Résistant,,,,,Outil tactique utile pour les aventuriers.,68e28b3145e71d2ae9f3563d,2025-10-05T15:13:53.400000,2025-10-05T15:13:53.400000,68d133369c4bfb4942ca73e3,greg.demeulenaere@gmail.com,FALSE
Perche (3 m),Long bâton pour tester le terrain ou atteindre des objets.,,Outil,Commun,Moyenne,0.05,3.5 kg,Bois,1 heure,Menuiserie (DC 5),Normal,,,,,Outil basique mais très utile en donjon.,68e28b3145e71d2ae9f3563e,2025-10-05T15:13:53.400000,2025-10-05T15:13:53.400000,68d133369c4bfb4942ca73e3,greg.demeulenaere@gmail.com,FALSE
Grappin,Crochet à plusieurs branches pour escalade.,,Outil,Commun,Moyenne,2,2 kg,Fer forgé,1 jour,Forge (DC 11),Résistant,"Utilisé avec une corde pour escalader, lancer sur 15 m",,,,Essentiel pour l'escalade et l'exploration.,68e28b3145e71d2ae9f3563f,2025-10-05T15:13:53.400000,2025-10-05T15:13:53.400000,68d133369c4bfb4942ca73e3,greg.demeulenaere@gmail.com,FALSE
Échelle (3 m),Échelle pliable en bois.,,Outil,Commun,Moyenne,0.1,12.5 kg,Bois,2 jours,Menuiserie (DC 9),Normal,,,,,Lourde mais pratique. Vendue par les menuisiers.,68e28b3145e71d2ae9f35640,2025-10-05T15:13:53.400000,2025-10-05T15:13:53.400000,68d133369c4bfb4942ca73e3,greg.demeulenaere@gmail.com,FALSE
Rations (1 jour),"Nourriture séchée: viande salée, fruits secs, pain dur.",,Nourriture,Commun,Moyenne,0.5,1 kg,"Viande, céréales, fruits séchés",1 jour (séchage),Survie (DC 8),Normal,Nourrit une créature pour 1 jour,,,,Indispensable pour voyager. Se garde longtemps.,68e28b3145e71d2ae9f35641,2025-10-05T15:13:53.400000,2025-10-05T15:13:53.400000,68d133369c4bfb4942ca73e3,greg.demeulenaere@gmail.com,FALSE
Sablier,Un sablier qui mesure exactement une heure.,,Outil,Commun,Bonne,25,0.5 kg,"Verre soufflé, sable fin, support en bois",5 jours,Soufflage de verre (DC 14),Fragile,Mesure précisément 1 heure,,,,"Disponible chez les artisans du verre, horlogers, marchands de luxe (grandes villes).",68e28889c9e6d515f342cb4c,2025-10-05T15:02:33.081000,2025-10-05T15:02:33.081000,68d133369c4bfb4942ca73e3,greg.demeulenaere@gmail.com,FALSE
Savon,Un pain de savon parfumé pour se laver.,,Autre,Commun,Moyenne,0.02,0.1 kg,"Graisse animale, cendre, herbes aromatiques",1 jour (saponification),Alchimie basique (DC 8),Fragile,,,,,"Disponible chez les apothicaires, marchés, auberges.",68e28889c9e6d515f342cb4d,2025-10-05T15:02:33.081000,2025-10-05T15:02:33.081000,68d133369c4bfb4942ca73e3,greg.demeulenaere@gmail.com,FALSE
Échelle en bois (3 mètres),Une échelle portable en bois robuste.,,Outil,Commun,Moyenne,0.1,12 kg,"Bois de pin, cordes",1 jour,Menuiserie (DC 8),Normal,,,,,"Disponible chez les menuisiers, quincailliers, marchés.",68e28889c9e6d515f342cb4e,2025-10-05T15:02:33.081000,2025-10-05T15:02:33.081000,68d133369c4bfb4942ca73e3,greg.demeulenaere@gmail.com,FALSE
Bélier portable,Un tronc d'arbre renforcé avec poignées pour enfoncer les portes.,,Outil,Peu commun,Moyenne,4,30 kg,"Tronc d'arbre dur, poignées en fer",2 jours,Menuiserie (DC 10),Très résistant,"+4 au test de Force pour enfoncer les portes, utilisable à 4 personnes",,,,"Disponible chez les forgerons militaires, arsenaux, sur commande.",68e28889c9e6d515f342cb4f,2025-10-05T15:02:33.081000,2025-10-05T15:02:33.081000,68d133369c4bfb4942ca73e3,greg.demeulenaere@gmail.com,FALSE
Longue-vue,Un télescope portable pour voir au loin. Merveille d'artisanat.,,Outil,Rare,Excellente,1000,0.5 kg,"Lentilles de verre taillé, tube en laiton",60 jours,Optique maître (DC 20),Fragile,Avantage aux tests de Perception visuelle à longue distance,,,,Extrêmement rare. Uniquement sur commande auprès de maîtres opticiens dans les grandes capitales ou cités gnomes.,68e28889c9e6d515f342cb50,2025-10-05T15:02:33.081000,2025-10-05T15:02:33.081000,68d133369c4bfb4942ca73e3,greg.demeulenaere@gmail.com,FALSE
Vêtements de voyage,"Des habits pratiques et résistants pour voyager : tunique, pantalon, bottes.",,Vêtement,Commun,Moyenne,2,2 kg,"Toile, cuir pour les bottes",5 jours,Couture (DC 10),Normal,,,,,"Disponible chez tous les tailleurs, marchés de vêtements.",68e28889c9e6d515f342cb51,2025-10-05T15:02:33.081000,2025-10-05T15:02:33.081000,68d133369c4bfb4942ca73e3,greg.demeulenaere@gmail.com,FALSE
Robe de noble,"Une robe élégante en soie et velours, richement brodée.",,Vêtement,Peu commun,Excellente,75,2 kg,"Soie, velours, fils d'or pour la broderie",30 jours,Couture de luxe (DC 15),Fragile,,,,,Disponible uniquement chez les tailleurs de luxe dans les grandes villes. Sur commande.,68e28889c9e6d515f342cb52,2025-10-05T15:02:33.081000,2025-10-05T15:02:33.081000,68d133369c4bfb4942ca73e3,greg.demeulenaere@gmail.com,FALSE
Couronne en or sertie de gemmes,"Une couronne royale en or massif ornée de rubis, saphirs et émeraudes.",,Bijou,Légendaire,Chef-d'œuvre,25000,1 kg,"Or pur (500g), gemmes précieuses",180 jours,Joaillerie maître légendaire (DC 25),Très résistant,"Symbole de pouvoir royal, peut servir d'objet de prestige",,,,Uniquement créée par des maîtres joailliers pour la royauté. Introuvable dans le commerce. Chaque couronne est unique.,68e28889c9e6d515f342cb53,2025-10-05T15:02:33.081000,2025-10-05T15:02:33.081000,68d133369c4bfb4942ca73e3,greg.demeulenaere@gmail.com,FALSE
Anneau en argent simple,Un simple anneau en argent sans ornement.,,Bijou,Commun,Moyenne,5,0.01 kg,Argent,1 jour,Joaillerie (DC 10),Résistant,,,,,"Disponible chez les bijoutiers, orfèvres.",68e28889c9e6d515f342cb54,2025-10-05T15:02:33.081000,2025-10-05T15:02:33.081000,68d133369c4bfb4942ca73e3,greg.demeulenaere@gmail.com,FALSE
Collier en perles,Un élégant collier fait de perles d'eau douce.,,Bijou,Peu commun,Bonne,250,0.1 kg,"Perles, fil de soie",10 jours (collecte des perles + assemblage),Joaillerie (DC 12),Fragile,,,,,"Disponible chez les bijoutiers de luxe, marchands de gemmes.",68e28889c9e6d515f342cb55,2025-10-05T15:02:33.081000,2025-10-05T15:02:33.081000,68d133369c4bfb4942ca73e3,greg.demeulenaere@gmail.com,FALSE
Bourse en cuir,Une petite bourse à fermeture pour transporter des pièces.,,Conteneur,Commun,Moyenne,0.5,0.5 kg,"Cuir souple, cordon",4 heures,Travail du cuir (DC 8),Normal,"Contient jusqu'à 500 pièces (2,5 kg)",,,,"Disponible partout : tanneurs, marchés, marchands.",68e28889c9e6d515f342cb56,2025-10-05T15:02:33.081000,2025-10-05T15:02:33.081000,68d133369c4bfb4942ca73e3,greg.demeulenaere@gmail.com,FALSE
Grappin avec corde,Un crochet en fer à quatre branches avec 15 mètres de corde.,,Outil,Commun,Moyenne,2,2 kg,"Fer forgé, corde de chanvre",1 jour,Forge (DC 10),Résistant,"Permet l'escalade, peut être lancé (portée 6 m)",,,,"Disponible chez les forgerons, marchands d'équipement d'aventurier.",68e28889c9e6d515f342cb57,2025-10-05T15:02:33.081000,2025-10-05T15:02:33.081000,68d133369c4bfb4942ca73e3,greg.demeulenaere@gmail.com,FALSE
Pitons en fer (10 pièces),Des pointes en fer pour grimper ou sécuriser une position.,,Outil,Commun,Moyenne,0.5,1 kg,Fer forgé,3 heures,Forge (DC 8),Très résistant,,,,,"Disponible chez les forgerons, quincailliers.",68e28889c9e6d515f342cb58,2025-10-05T15:02:33.081000,2025-10-05T15:02:33.081000,68d133369c4bfb4942ca73e3,greg.demeulenaere@gmail.com,FALSE
Marteau,Un marteau de charpentier basique.,,Outil,Commun,Moyenne,1,1.5 kg,"Tête en fer, manche en bois",1 jour,Forge (DC 8),Résistant,,,,,"Disponible chez les forgerons, quincailliers, menuisiers.",68e28889c9e6d515f342cb59,2025-10-05T15:02:33.081000,2025-10-05T15:02:33.081000,68d133369c4bfb4942ca73e3,greg.demeulenaere@gmail.com,FALSE
Pelle,Une pelle robuste pour creuser.,,Outil,Commun,Moyenne,2,2 kg,"Fer pour la lame, bois pour le manche",1 jour,Forge (DC 8),Résistant,,,,,"Disponible chez les forgerons, marchands d'outils agricoles.",68e28889c9e6d515f342cb5a,2025-10-05T15:02:33.081000,2025-10-05T15:02:33.081000,68d133369c4bfb4942ca73e3,greg.demeulenaere@gmail.com,FALSE
Pied-de-biche,Une barre de fer courbée pour forcer les portes et coffres.,,Outil,Commun,Moyenne,2,2 kg,Fer forgé,1 jour,Forge (DC 8),Très résistant,Avantage aux tests de Force pour forcer des objets,,,,"Disponible chez les forgerons, quincailliers.",68e28889c9e6d515f342cb5b,2025-10-05T15:02:33.081000,2025-10-05T15:02:33.081000,68d133369c4bfb4942ca73e3,greg.demeulenaere@gmail.com,FALSE
Épée longue,Une épée polyvalente à une main avec une lame de 90 cm. L'arme de prédilection de nombreux guerriers et aventuriers.,,Arme,Commun,Moyenne,15,1.5 kg,"Acier, cuir pour la poignée",2 jours,Forge (DC 12),Résistant,,,,,Disponible chez les forgerons et marchands d'armes. Prix peut varier selon la qualité de l'acier et le travail du forgeron.,68e28889c9e6d515f342cb2b,2025-10-05T15:02:33.080000,2025-10-05T15:02:33.080000,68d133369c4bfb4942ca73e3,greg.demeulenaere@gmail.com,FALSE
Dague en acier,"Une lame courte et effilée, facile à dissimuler. Parfaite pour les roublards et comme arme secondaire.",,Arme,Commun,Moyenne,2,0.5 kg,"Acier, manche en bois ou os",4 heures,Forge (DC 10),Résistant,,,,,"Disponible partout : forgerons, marchands généraux, auberges. Objet de base.",68e28889c9e6d515f342cb2c,2025-10-05T15:02:33.080000,2025-10-05T15:02:33.080000,68d133369c4bfb4942ca73e3,greg.demeulenaere@gmail.com,FALSE
Arc long,Un grand arc puissant nécessitant force et entraînement pour être manié efficacement.,,Arme,Commun,Moyenne,50,1 kg,"Bois d'if ou frêne, corde de chanvre ou de tendon",5 jours,Artisanat d'arc (DC 14),Normal,,,,,"Disponible chez les artisans d'arcs, marchands d'armes spécialisés, ou chez les elfes.",68e28889c9e6d515f342cb2d,2025-10-05T15:02:33.080000,2025-10-05T15:02:33.080000,68d133369c4bfb4942ca73e3,greg.demeulenaere@gmail.com,FALSE
Armure de cuir,Une armure légère en cuir tanné et rigidifié. Offre une protection basique sans gêner les mouvements.,,Armure,Commun,Moyenne,10,5 kg,"Cuir de bœuf tanné, boucles métalliques",3 jours,Travail du cuir (DC 12),Normal,CA 11 + modificateur de Dextérité,,,,"Disponible chez les tanneurs, marchands d'armures, dans toutes les villes.",68e28889c9e6d515f342cb2e,2025-10-05T15:02:33.080000,2025-10-05T15:02:33.080000,68d133369c4bfb4942ca73e3,greg.demeulenaere@gmail.com,FALSE
Cotte de mailles,Une armure composée d'anneaux métalliques entrelacés. Lourde mais offrant une excellente protection.,,Armure,Commun,Moyenne,75,25 kg,"Anneaux d'acier, tissu pour la doublure",15 jours,Forge (DC 15),Très résistant,"CA 16, désavantage en Discrétion",,,,Disponible uniquement chez les forgerons spécialisés et marchands d'armures dans les grandes villes.,68e28889c9e6d515f342cb2f,2025-10-05T15:02:33.080000,2025-10-05T15:02:33.080000,68d133369c4bfb4942ca73e3,greg.demeulenaere@gmail.com,FALSE
Harnois (Armure de plaques),L'armure ultime : des plaques d'acier articulées couvrant tout le corps. Réservée aux nobles et champions.,,Armure,Peu commun,Bonne,1500,30 kg,"Plaques d'acier de qualité, cuir pour les jointures",60 jours,Forge maître (DC 20),Très résistant,"CA 18, nécessite Force 15, désavantage en Discrétion",,,,Uniquement sur commande auprès de maîtres forgerons. Très rare dans le commerce. Prix peut atteindre 2000+ po pour une qualité exceptionnelle.,68e28889c9e6d515f342cb30,2025-10-05T15:02:33.080000,2025-10-05T15:02:33.080000,68d133369c4bfb4942ca73e3,greg.demeulenaere@gmail.com,FALSE
Bouclier en bois renforcé,Un bouclier rond en bois avec bordure métallique. Protection supplémentaire classique.,,Armure,Commun,Moyenne,10,3 kg,"Bois dur, bandes de fer",2 jours,Menuiserie (DC 10),Normal,+2 à la CA,,,,Disponible chez tous les marchands d'armes et forgerons.,68e28889c9e6d515f342cb31,2025-10-05T15:02:33.080000,2025-10-05T15:02:33.080000,68d133369c4bfb4942ca73e3,greg.demeulenaere@gmail.com,FALSE
Sac à dos en toile,Un sac robuste avec plusieurs compartiments. Essentiel pour tout aventurier.,,Conteneur,Commun,Moyenne,2,2 kg,"Toile résistante, sangles de cuir",1 jour,Couture (DC 8),Normal,Contenance : 15 kg,,,,"Disponible dans tous les marchés, auberges, marchands généraux.",68e28889c9e6d515f342cb32,2025-10-05T15:02:33.080000,2025-10-05T15:02:33.080000,68d133369c4bfb4942ca73e3,greg.demeulenaere@gmail.com,FALSE
Corde de chanvre (15 mètres),"Une solide corde tissée, indispensable pour l'escalade et d'innombrables autres usages.",,Outil,Commun,Moyenne,1,5 kg,Fibres de chanvre tressées,6 heures,Cordage (DC 8),Normal,"Résistance : 2 points de vie, CA 11",,,,"Disponible partout : marchés, ports, marchands généraux.",68e28889c9e6d515f342cb33,2025-10-05T15:02:33.080000,2025-10-05T15:02:33.080000,68d133369c4bfb4942ca73e3,greg.demeulenaere@gmail.com,FALSE
Torche,Un bâton de bois imprégné de résine qui brûle pendant 1 heure.,,Outil,Commun,Moyenne,0.01,0.5 kg,"Bâton de bois, résine inflammable",30 minutes,Aucune compétence requise,Fragile,Éclaire dans un rayon de 6 mètres pendant 1 heure,,,,"Disponible dans toutes les auberges, tavernes, marchands. Objet de base très bon marché.",68e28889c9e6d515f342cb34,2025-10-05T15:02:33.080000,2025-10-05T15:02:33.080000,68d133369c4bfb4942ca73e3,greg.demeulenaere@gmail.com,FALSE
Lanterne à capuchon,Une lanterne métallique avec un capuchon pour contrôler la lumière. Utilise de l'huile comme combustible.,,Outil,Commun,Moyenne,5,1 kg,"Fer forgé, verre pour la vitre",2 jours,Forge (DC 10),Résistant,Éclaire 9 m avec une fiole d'huile (6 heures),,,,"Disponible chez les forgerons, marchands généraux, quincailliers.",68e28889c9e6d515f342cb35,2025-10-05T15:02:33.080000,2025-10-05T15:02:33.080000,68d133369c4bfb4942ca73e3,greg.demeulenaere@gmail.com,FALSE
Fiole d'huile,Une petite bouteille d'huile combustible pour lanternes ou comme arme incendiaire.,,Outil,Commun,Moyenne,0.1,0.5 kg,"Huile végétale ou animale, fiole en verre",1 heure (si on a l'huile),Aucune,Fragile,,,,,"Disponible chez tous les marchands, épiciers, apothicaires.",68e28889c9e6d515f342cb36,2025-10-05T15:02:33.080000,2025-10-05T15:02:33.080000,68d133369c4bfb4942ca73e3,greg.demeulenaere@gmail.com,FALSE
Rations de voyage (1 jour),"Nourriture séchée, fromage dur, biscuits et fruits secs. Se conserve longtemps.",,Nourriture,Commun,Moyenne,0.5,1 kg,"Viande séchée, biscuits, fromage, fruits secs",4 heures (préparation et séchage),Cuisine (DC 8),Normal,Nourrit une personne pendant 1 jour,,,,"Disponible dans tous les marchés, auberges, chez les boulangers.",68e28889c9e6d515f342cb37,2025-10-05T15:02:33.080000,2025-10-05T15:02:33.080000,68d133369c4bfb4942ca73e3,greg.demeulenaere@gmail.com,FALSE
Outre d'eau,Une poche en cuir pour transporter de l'eau ou d'autres liquides.,,Conteneur,Commun,Moyenne,0.2,2 kg (pleine),"Cuir tanné étanche, bouchon en bois",1 jour,Travail du cuir (DC 8),Normal,Contenance : 2 litres,,,,"Disponible partout : marchés, tanneurs, marchands généraux.",68e28889c9e6d515f342cb38,2025-10-05T15:02:33.080000,2025-10-05T15:02:33.080000,68d133369c4bfb4942ca73e3,greg.demeulenaere@gmail.com,FALSE
Couverture en laine,Une épaisse couverture en laine pour se protéger du froid la nuit.,,Vêtement,Commun,Moyenne,0.5,1.5 kg,Laine tissée,3 jours,Tissage (DC 8),Normal,,,,,"Disponible chez les tisserands, marchés, auberges.",68e28889c9e6d515f342cb39,2025-10-05T15:02:33.080000,2025-10-05T15:02:33.080000,68d133369c4bfb4942ca73e3,greg.demeulenaere@gmail.com,FALSE
Tente (2 personnes),Une tente portable en toile imperméable. Protège des intempéries.,,Outil,Commun,Moyenne,2,10 kg,"Toile imperméabilisée, piquets en bois, cordes",5 jours,Couture (DC 10),Normal,"Abrite 2 personnes, montage en 1 minute",,,,"Disponible chez les marchands spécialisés en équipement de voyage, grands marchés.",68e28889c9e6d515f342cb3a,2025-10-05T15:02:33.080000,2025-10-05T15:02:33.080000,68d133369c4bfb4942ca73e3,greg.demeulenaere@gmail.com,FALSE
Trousse de soins,"Un ensemble de bandages, onguents et instruments pour soigner les blessures.",,Outil,Commun,Moyenne,5,1.5 kg,"Bandages, alcool, aiguille, fil, onguents",2 jours (assemblage),Médecine (DC 10),Normal,"10 utilisations, permet de stabiliser les mourants",,,,"Disponible chez les apothicaires, herboristes, temples de guérison.",68e28889c9e6d515f342cb3b,2025-10-05T15:02:33.080000,2025-10-05T15:02:33.080000,68d133369c4bfb4942ca73e3,greg.demeulenaere@gmail.com,FALSE
Grimoire vierge,Un livre relié en cuir avec des pages vierges. Essentiel pour les magiciens.,,Livre,Commun,Bonne,50,1.5 kg,"Parchemin, cuir pour la reliure, encres magiques",15 jours,Reliure et calligraphie (DC 12),Normal,Peut contenir environ 100 sorts,,,,"Disponible uniquement chez les scribes spécialisés, bibliothèques, écoles de magie. Prix élevé dû aux matériaux magiques.",68e28889c9e6d515f342cb3c,2025-10-05T15:02:33.080000,2025-10-05T15:02:33.080000,68d133369c4bfb4942ca73e3,greg.demeulenaere@gmail.com,FALSE
Composantes de sorts (sacoche),"Une petite sacoche contenant herbes, poudres et objets étranges nécessaires aux sorts.",,Outil,Commun,Moyenne,25,1 kg,"Sacoche en cuir, diverses composantes",10 jours (collecte),Arcanes ou Nature (DC 12),Normal,Permet de lancer des sorts nécessitant des composantes matérielles,,,,"Disponible chez les apothicaires magiques, écoles de magie, marchands spécialisés.",68e28889c9e6d515f342cb3d,2025-10-05T15:02:33.080000,2025-10-05T15:02:33.080000,68d133369c4bfb4942ca73e3,greg.demeulenaere@gmail.com,FALSE
Symbole sacré en argent,Un symbole religieux finement travaillé. Focus divin pour les clercs et paladins.,,Religieux,Commun,Bonne,5,0.5 kg,Argent pur,3 jours,Joaillerie (DC 12),Résistant,Focus de sorts divins,,,,"Disponible dans les temples, chez les orfèvres, marchands religieux. Le symbole varie selon la divinité.",68e28889c9e6d515f342cb3e,2025-10-05T15:02:33.080000,2025-10-05T15:02:33.080000,68d133369c4bfb4942ca73e3,greg.demeulenaere@gmail.com,FALSE
Instruments de crochetage,Un ensemble de pics et de crochets pour forcer les serrures.,,Outil,Commun,Moyenne,25,0.5 kg,"Acier fin, étui en cuir",5 jours,Forge fine (DC 14),Résistant,Nécessaire pour crocheter les serrures,,,,"Difficile à trouver légalement. Marchands discrets, marché noir, guilde des voleurs.",68e28889c9e6d515f342cb3f,2025-10-05T15:02:33.080000,2025-10-05T15:02:33.080000,68d133369c4bfb4942ca73e3,greg.demeulenaere@gmail.com,FALSE
Outils de forgeron,"Marteau, enclume portable, pinces et autres outils pour travailler le métal.",,Outil,Commun,Moyenne,20,4 kg,"Acier trempé, manches en bois",10 jours,Forge (DC 12),Très résistant,Permet de réparer et fabriquer des objets métalliques,,,,"Disponible chez les forgerons, marchands d'outils spécialisés.",68e28889c9e6d515f342cb40,2025-10-05T15:02:33.080000,2025-10-05T15:02:33.080000,68d133369c4bfb4942ca73e3,greg.demeulenaere@gmail.com,FALSE
Outils de menuisier,"Scie, rabot, ciseau et équerre pour travailler le bois.",,Outil,Commun,Moyenne,8,3 kg,"Acier pour les lames, bois pour les manches",7 jours,Forge et menuiserie (DC 10),Résistant,Permet de fabriquer des objets en bois,,,,"Disponible chez les quincailliers, menuisiers, marchands d'outils.",68e28889c9e6d515f342cb41,2025-10-05T15:02:33.080000,2025-10-05T15:02:33.080000,68d133369c4bfb4942ca73e3,greg.demeulenaere@gmail.com,FALSE
Luth,Un instrument à cordes élégant. Parfait pour les bardes et musiciens.,,Instrument,Commun,Bonne,35,1 kg,"Bois noble, cordes en boyau, vernis",20 jours,Lutherie (DC 15),Fragile,Focus pour la magie bardique,,,,"Disponible chez les luthiers, marchands d'instruments, grandes villes uniquement.",68e28889c9e6d515f342cb42,2025-10-05T15:02:33.080000,2025-10-05T15:02:33.080000,68d133369c4bfb4942ca73e3,greg.demeulenaere@gmail.com,FALSE
Jeu de cartes,Un jeu de cartes illustrées pour jouer et parier.,,Jeu,Commun,Moyenne,0.5,0.1 kg,"Carton rigide, encre",3 jours,Artisanat (DC 8),Fragile,,,,,"Disponible dans les tavernes, auberges, marchés.",68e28889c9e6d515f342cb43,2025-10-05T15:02:33.080000,2025-10-05T15:02:33.080000,68d133369c4bfb4942ca73e3,greg.demeulenaere@gmail.com,FALSE
Dés en os,Un ensemble de dés taillés dans l'os pour les jeux de hasard.,,Jeu,Commun,Moyenne,0.1,0.1 kg,Os poli,1 jour,Sculpture (DC 8),Normal,,,,,"Disponible partout : tavernes, marchés, colporteurs.",68e28889c9e6d515f342cb44,2025-10-05T15:02:33.080000,2025-10-05T15:02:33.080000,68d133369c4bfb4942ca73e3,greg.demeulenaere@gmail.com,FALSE
Encre et plume,Nécessaire pour écrire : une fiole d'encre noire et une plume d'oie taillée.,,Outil,Commun,Moyenne,0.1,0.1 kg,"Encre (suie + liant), plume d'oiseau",2 heures,Aucune,Fragile,,,,,"Disponible chez les scribes, marchands de papeterie, bibliothèques.",68e28889c9e6d515f342cb45,2025-10-05T15:02:33.080000,2025-10-05T15:02:33.080000,68d133369c4bfb4942ca73e3,greg.demeulenaere@gmail.com,FALSE
Parchemin (une feuille),Une feuille de parchemin vierge pour écrire.,,Parchemin,Commun,Moyenne,0.1,0.05 kg,Peau animale traitée,2 jours (traitement de la peau),Parchemin (DC 10),Fragile,,,,,"Disponible chez les scribes, bibliothèques, marchands de papeterie.",68e28889c9e6d515f342cb46,2025-10-05T15:02:33.080000,2025-10-05T15:02:33.080000,68d133369c4bfb4942ca73e3,greg.demeulenaere@gmail.com,FALSE
Livre ordinaire,"Un livre relié contenant du texte. Peut être un roman, un manuel ou un journal.",,Livre,Commun,Moyenne,25,2 kg,"Parchemin, cuir, encre",30 jours (écriture et reliure),Calligraphie et reliure (DC 12),Normal,,,,,"Disponible dans les bibliothèques, chez les libraires (grandes villes seulement).",68e28889c9e6d515f342cb47,2025-10-05T15:02:33.080000,2025-10-05T15:02:33.080000,68d133369c4bfb4942ca73e3,greg.demeulenaere@gmail.com,FALSE
Coffre robuste avec serrure,Un coffre en bois renforcé de métal avec une serrure solide.,,Conteneur,Commun,Bonne,5,12 kg,"Bois de chêne, bandes de fer, serrure",5 jours,Menuiserie et serrurerie (DC 12),Très résistant,"Contenance : 150 kg, CA 17, 25 PV",,,,"Disponible chez les menuisiers, marchands de meubles, quincailliers.",68e28889c9e6d515f342cb48,2025-10-05T15:02:33.080000,2025-10-05T15:02:33.080000,68d133369c4bfb4942ca73e3,greg.demeulenaere@gmail.com,FALSE
Chaîne en fer (3 mètres),Une chaîne solide en fer forgé avec cadenas.,,Outil,Commun,Moyenne,5,5 kg,Fer forgé,2 jours,Forge (DC 10),Très résistant,"CA 19, 10 PV, peut être brisée avec Force DC 20",,,,"Disponible chez les forgerons, quincailliers, marchands navals.",68e28889c9e6d515f342cb49,2025-10-05T15:02:33.080000,2025-10-05T15:02:33.080000,68d133369c4bfb4942ca73e3,greg.demeulenaere@gmail.com,FALSE
Menottes,Des menottes en fer avec serrure pour immobiliser un prisonnier.,,Outil,Commun,Moyenne,2,3 kg,"Fer forgé, serrure",1 jour,Forge et serrurerie (DC 12),Très résistant,Se libérer : Force DC 20 ou Dextérité DC 20 (crochetage),,,,"Disponible chez les forgerons, gardes, officiers de justice.",68e28889c9e6d515f342cb4a,2025-10-05T15:02:33.080000,2025-10-05T15:02:33.080000,68d133369c4bfb4942ca73e3,greg.demeulenaere@gmail.com,FALSE
Miroir en acier poli,Un petit miroir métallique poli. Utile pour regarder derrière les coins.,,Outil,Commun,Moyenne,5,0.25 kg,"Acier poli, manche",3 jours (polissage intensif),Forge (DC 12),Résistant,,,,,"Disponible chez les forgerons spécialisés, marchands de luxe.",68e28889c9e6d515f342cb4b,2025-10-05T15:02:33.080000,2025-10-05T15:02:33.080000,68d133369c4bfb4942ca73e3,greg.demeulenaere@gmail.com,FALSE