name,description_text,image_url,type,rarity,habitat,formation,appearance,properties,magical_properties,uses,extraction_method,extraction_difficulty,processing,market_value,weight,hardness,dangers,side_effects,combinations,lore,cultural_significance,id,created_date,updated_date,created_by_id,created_by,is_sample,world_id
Ambre Solidifié,De l'ambre ancien contenant parfois des insectes préhistoriques. Excellent conducteur de magie temporelle.,,Gemme,Peu commun,Anciennes forêts fossilisées,Résine d'arbres anciens solidifiée sur des millions d'années,Pierre translucide orange-dorée,,Permet de ralentir ou accélérer le temps localement,,Extraction délicate à la main,Moyen,,30,20g,2,,,,,,68e283fc5774f0a395e9d921,2025-10-05T14:43:08.754000,2025-10-05T14:43:08.754000,68d133369c4bfb4942ca73e3,greg.demeulenaere@gmail.com,FALSE,
Obsidienne Magique,Une obsidienne noire comme la nuit qui absorbe la lumière et la magie négative.,,Pierre précieuse,Peu commun,"Volcans éteints, coulées de lave anciennes",Lave refroidie rapidement imprégnée de magie,Pierre noire brillante aux reflets violets,,Absorbe et repousse la magie noire,,Taille avec des outils en diamant,Moyen,,25,50g,5,,,,,,68e283fc5774f0a395e9d922,2025-10-05T14:43:08.754000,2025-10-05T14:43:08.754000,68d133369c4bfb4942ca73e3,greg.demeulenaere@gmail.com,FALSE,
Cristal de Foudre,Un cristal formé là où la foudre a frappé du sable. Crépite d'électricité statique en permanence.,https://base44.app/api/apps/68d133369c4bfb4942ca73e2/files/public/68d133369c4bfb4942ca73e2/ea6a85e52_CristaldeFoudre.png,Cristal,Rare,"Déserts, plaines sablonneuses après orages",Sable vitrifié par la foudre,Cristal blanc transparent avec des veines électriques bleues,,Stocke et libère de l'électricité,,Récolte avec des gants isolants,Difficile,,90,30g,,Peut causer des décharges électriques,,,,,68e283fc5774f0a395e9d923,2025-10-05T14:43:08.754000,2025-11-15T13:36:49.487000,68d133369c4bfb4942ca73e3,greg.demeulenaere@gmail.com,FALSE,
Sel Marin Consacré,Du sel de mer béni par des prêtres. Purifie et repousse les morts-vivants.,https://base44.app/api/apps/68d133369c4bfb4942ca73e2/files/public/68d133369c4bfb4942ca73e2/6383d3b2c_Selmarinconsacr.png,Sel minéral,Commun,"Marais salants, temples en bord de mer",Évaporation d'eau de mer puis bénédiction,Cristaux blancs brillants,,Propriétés de purification et protection,,Récolte dans les marais salants puis bénédiction,Facile,,2,100g,,,,,,,68e283fc5774f0a395e9d924,2025-10-05T14:43:08.754000,2025-11-15T13:33:43.074000,68d133369c4bfb4942ca73e3,greg.demeulenaere@gmail.com,FALSE,
Pépite de Mithril,Un métal argenté extrêmement léger et résistant. Très prisé pour l'alchimie de transformation.,https://base44.app/api/apps/68d133369c4bfb4942ca73e2/files/public/68d133369c4bfb4942ca73e2/fa92a031c_PpitedeMithril.png,Pépite,Très rare,Mines naines profondes,Minerai rare trouvé dans les profondeurs,"Métal argenté brillant, très léger",,Facilite les transformations alchimiques,,Minage dans les veines de mithril,Très difficile,,300,10g,8,,,,,,68e283fc5774f0a395e9d925,2025-10-05T14:43:08.754000,2025-11-15T13:39:00.808000,68d133369c4bfb4942ca73e3,greg.demeulenaere@gmail.com,FALSE,
Soufre Vivant,Du soufre qui semble pulser comme s'il était vivant. Extrait des profondeurs infernales.,,Substance alchimique,Rare,"Cratères volcaniques, portails infernaux",Soufre imprégné d'énergie infernale,Cristaux jaunes pulsants,,Amplifie les effets de feu et de destruction,,Récolte avec protection contre la chaleur,Difficile,,70,25g,,"Émanations toxiques, chaleur extrême",,,,,68e283fc5774f0a395e9d926,2025-10-05T14:43:08.754000,2025-10-05T14:43:08.754000,68d133369c4bfb4942ca73e3,greg.demeulenaere@gmail.com,FALSE,
Poudre de Pierre de Lune,Une poudre argentée obtenue en broyant finement des pierres de lune. Brille doucement dans l'obscurité et amplifie les propriétés magiques.,,Poudre,Peu commun,"Grottes lunaires, mines profondes",Se forme dans les cavernes exposées à la lumière de la pleine lune,Poudre argentée scintillante,,Amplifie les effets de guérison et de régénération,,Broyer les pierres de lune avec un mortier en argent,Moyen,Tamisage fin pour obtenir une poudre uniforme,35,10g par dose,6,,,,,,68e281d8c6f4ec5cd17e2a38,2025-10-05T14:34:00.696000,2025-10-05T14:34:00.696000,68d133369c4bfb4942ca73e3,greg.demeulenaere@gmail.com,FALSE,
Cristal de Glace Éternelle,"Un cristal qui ne fond jamais, même exposé au feu. Utilisé pour créer des potions de résistance au froid.",,Cristal,Rare,"Sommets montagneux, glaciers éternels",Eau pure gelée par magie ancienne,"Cristal bleu translucide, toujours glacé",,Confère une résistance au froid,,Extraction à la pioche magique,Très difficile,,80,50g,,,,,,,68e281d8c6f4ec5cd17e2a39,2025-10-05T14:34:00.696000,2025-10-05T14:34:00.696000,68d133369c4bfb4942ca73e3,greg.demeulenaere@gmail.com,FALSE,
Sel de Soufre Noir,"Un sel rare d'un noir profond qui sent le soufre. Extrait des volcans actifs, il est essentiel pour créer des poisons puissants.",,Sel minéral,Rare,"Volcans actifs, fumerolles",Dépôts de gaz volcaniques condensés,"Cristaux noirs brillants, odeur sulfureuse",,Amplifie les effets toxiques,,Récolte près des fumerolles avec des protections,Très difficile,,60,20g par dose,,"Inhalation toxique, brûlures",,,,,68e281d8c6f4ec5cd17e2a3a,2025-10-05T14:34:00.696000,2025-10-05T14:34:00.696000,68d133369c4bfb4942ca73e3,greg.demeulenaere@gmail.com,FALSE,
Poussière d'Étoile,"Une substance scintillante tombée des météorites. Extrêmement rare et magique, elle peut transformer n'importe quelle potion en élixir légendaire.",,Poudre,Légendaire,Cratères de météorites,Résidu de météorites magiques,Poudre iridescente qui change de couleur,,Transforme les potions ordinaires en potions légendaires,,Récolte manuelle après impact de météorite,Très difficile,,500,1g par dose,,,,,,,68e281d8c6f4ec5cd17e2a3b,2025-10-05T14:34:00.696000,2025-10-05T14:34:00.696000,68d133369c4bfb4942ca73e3,greg.demeulenaere@gmail.com,FALSE,
Mercure Alchimique,Un liquide argenté qui coule comme de l'eau mais pèse comme du plomb. Base essentielle pour de nombreuses transmutations alchimiques.,,Métal brut,Peu commun,"Mines de cinabre, laboratoires d'alchimie",,"Liquide argenté brillant, très dense",,,,Distillation du cinabre,Difficile,,20,100g par fiole,,Toxique par inhalation et contact prolongé,Empoisonnement au mercure si mal manipulé,,,,68e281d8c6f4ec5cd17e2a3c,2025-10-05T14:34:00.696000,2025-10-05T14:34:00.696000,68d133369c4bfb4942ca73e3,greg.demeulenaere@gmail.com,FALSE,
Lunethil (Poussière de Lune Elfique),Poudre argentée scintillante récoltée par les hauts-elfes lors des pleines lunes. Chaque grain brille d'une lumière douce et émet un tintement cristallin. Essence pure de magie lunaire condensée.,,Poudre,Très rare,"Récoltée sur les pétales de fleurs de lune argentées, dans les clairières sacrées elfiques sous la pleine lune",La rosée lunaire cristallise sur certaines plantes magiques uniquement lors des pleines lunes. Les prêtresses elfiques la récoltent avec des outils d'argent pur,Poudre fine argentée qui scintille comme des étoiles. Flotte légèrement dans l'air. Brille doucement dans l'obscurité,,Amplifie tous les sorts de divination et d'illusion. Permet de voir à travers les ténèbres magiques. Connecte à la magie lunaire et aux rêves.,,"Les prêtresses elfiques dansent sous la pleine lune dans des robes d'argent, récoltant la poudre avec des plumes de cygne blanc enchantées.",Très difficile,"Doit être stockée dans des fioles de cristal scellées à la cire d'abeille lunaire. Exposée à la lumière du soleil, elle s'évapore instantanément.",300,"Plus légère que l'air, flotte si elle n'est pas confinée",1,Peut causer des visions prophétiques incontrôlables si inhalée. Les non-elfes peuvent devenir confus et obsédés par la lune.,Provoque des rêves lucides intenses. Les utilisateurs réguliers développent une photophobie légère et préfèrent l'obscurité.,Se combine avec l'argent et le sélénite pour créer des miroirs de vision. Ne doit jamais toucher l'or solaire sous peine d'explosion.,"Les elfes croient que le Lunethil contient les larmes de Séléné, déesse de la lune, pleurant la beauté éphémère du monde mortel.",Sacrée pour tous les elfes. Utilisée dans les cérémonies de passage à l'âge adulte et les mariages elfiques. Offrir du Lunethil est le plus grand honneur.,68e245a10cc6d0598f1b569a,2025-10-05T10:17:05.370000,2025-10-05T10:17:05.370000,68d133369c4bfb4942ca73e3,greg.demeulenaere@gmail.com,FALSE,
Grak'zhar Kromm (Pierre-de-Rage Orque),"Roche volcanique rouge sang pulsant d'une énergie furieuse. Au toucher, elle vibre et chauffe, éveillant la rage primitive. Les chamans orcs la vénèrent comme le cœur pétrifié de leur dieu de la guerre.",,Minerai,Rare,"Cœur des volcans actifs, lacs de lave, champs de bataille où des milliers d'orcs sont morts dans la fureur",La rage pure des guerriers tombés au combat s'infiltre dans la lave volcanique et cristallise en Grak'zhar Kromm,Rouge sang profond avec des veines noires. Chaud au toucher. Pulse comme un cœur qui bat. Des fumées rouges s'en échappent,,Décuple la force et la rage. Éveille l'instinct de combat primordial. Les armes forgées avec deviennent assoiffées de sang et de bataille.,,"Les orcs plongent dans la lave avec des protections chamaniques, saisissant les pierres à mains nues. Beaucoup meurent dans la tentative. C'est un rite de passage.",Très difficile,Doit être forgé pendant que le forgeron est en rage. Chaque coup de marteau doit être accompagné d'un cri de guerre. Forge extrêmement dangereuse.,180,Deux fois plus lourd que la pierre normale. Alourdit les armes mais augmente leur impact,7,Provoque des accès de rage incontrôlables chez ceux qui la manipulent trop longtemps. Peut rendre fou furieux de manière permanente.,Augmente l'agressivité et la violence. Les utilisateurs réguliers perdent progressivement leur capacité à ressentir autre chose que la colère.,Se mélange au fer noir pour créer des armes de guerre suprêmes. Explose violemment au contact du Lunethil elfique.,"Selon la mythologie orque, chaque pierre de Grak'zhar est un fragment du cœur de Gruumsh, leur dieu borgne de la guerre et de la destruction.",Les guerriers orcs qui récoltent leur propre Grak'zhar gagnent un respect immense. Porter une arme forgée avec est un symbole de statut ultime.,68e245a10cc6d0598f1b569b,2025-10-05T10:17:05.370000,2025-10-05T10:17:05.370000,68d133369c4bfb4942ca73e3,greg.demeulenaere@gmail.com,FALSE,
Skrittz-Poudre (Cendre Gobeline),Poudre verte toxique et explosive créée par les alchimistes gobelins fous. Sent horriblement mauvais. Instable et imprévisible. Les gobelins adorent ça.,,Poudre,Peu commun,"Laboratoires gobelins délabrés, grottes puantes, tas d'ordures fermentées, champignonnières toxiques","Créé en mélangeant des champignons toxiques, de la bile de rat géant, du soufre et 'des trucs qui puent' selon les gobelins",Poudre vert-jaune qui fume constamment. Odeur pestilentielle. Laisse des taches permanentes. Brille faiblement dans le noir,,"Aucune magie inhérente, mais réagit violemment avec presque tout. Imprévisible et chaotique comme les gobelins eux-mêmes.",,Les gobelins la fabriquent dans des chaudrons rouillés en suivant des recettes transmises oralement. Chaque lot est unique et potentiellement mortel.,Facile,"Aucun traitement. Les gobelins la mélangent avec tout ce qu'ils trouvent. Plus c'est dégoûtant, mieux c'est selon eux.",15,Légère mais volumineuse. Les gobelins la transportent dans des sacs en peau de rat,1,"EXTRÊMEMENT INSTABLE. Peut exploser spontanément. Toxique au toucher, à l'inhalation et à l'ingestion. Les gobelins semblent immunisés ou s'en fichent.","Nausées, vomissements, hallucinations, éruptions cutanées, perte de cheveux, mutations mineures. Les gobelins trouvent ça drôle.",Réagit violemment avec presque tout. Les alchimistes civilisés refusent de travailler avec. Les gobelins mélangent tout de toute façon.,"Selon les gobelins, inventée par accident par un gobelin nommé Skrittz qui a survécu miraculeusement à l'explosion. Maintenant un héros gobelin.",Symbole de l'ingéniosité gobeline chaotique. Les meilleurs faiseurs de Skrittz-Poudre sont respectés jusqu'à ce qu'ils explosent.,68e245a10cc6d0598f1b569c,2025-10-05T10:17:05.370000,2025-10-05T10:17:05.370000,68d133369c4bfb4942ca73e3,greg.demeulenaere@gmail.com,FALSE,
Aerethil Cristallisé,"Cristaux d'essence d'air solidifiée, légers comme une plume mais durs comme le diamant. Ils flottent doucement dans l'air et émettent un léger sifflement mélodieux. Récoltés par les elfes des nuages dans les tempêtes magiques.",,Cristal,Très rare,"Sommets des montagnes pendant les orages magiques, nuages élémentaires, temples aériens elfiques",Se forme lorsque la magie élémentaire de l'air se condense et cristallise sous l'effet d'éclairs magiques,"Cristaux translucides bleu-ciel, presque transparents, avec des volutes internes qui rappellent des nuages en mouvement",,"Amplifie toute magie liée à l'air, au vol et au vent. Annule la gravité sur les objets qu'il touche. Permet de respirer dans n'importe quel environnement.",,Récolte au sommet des montagnes pendant les tempêtes magiques. Les elfes utilisent des filets de mithral pour capturer les cristaux flottants.,Très difficile,Doit être taillé avec des outils de diamant enchantés. La moindre erreur et le cristal s'évapore en brise parfumée.,250,Presque sans poids. 1 kg d'Aerethil pèse comme 10 grammes,8,Peut exploser en bourrasque violente s'il est brisé brutalement. Les mineurs doivent porter des ancrages magiques pour ne pas être emportés.,Porter de l'Aerethil rend étourdi et euphorique. Sensation de légèreté permanente. Peut causer le mal des hauteurs même au sol.,Se combine avec l'argent pour créer des chaînes de vol. Incompatible avec les minéraux de terre qui le neutralisent.,"Selon les elfes, l'Aerethil est le souffle des dragons d'argent cristallisé. Chaque cristal contiendrait un fragment d'ancienne tempête légendaire.",Sacré pour les elfes aériens. Les jeunes elfes doivent récolter leur premier Aerethil comme rite de passage vers l'âge adulte.,68e2423e40a3e2022d9ac3ab,2025-10-05T10:02:38.882000,2025-10-05T10:02:38.882000,68d133369c4bfb4942ca73e3,greg.demeulenaere@gmail.com,FALSE,
Zhak'rug Sombre (Sang-de-Fer),"Minerai noir et rouge sang découvert par les orcs dans les profondeurs volcaniques. Il semble pulser comme s'il était vivant. Forge les armes les plus redoutables, affamées de sang et de bataille.",,Minerai,Rare,"Cœurs volcaniques, lacs de lave, champs de bataille anciens où le sang a imprégné la terre","Se forme là où le fer, le sang de guerriers et la magie noire fusionnent sous une chaleur volcanique intense",Noir comme l'obsidienne avec des veines rouge sang qui pulsent faiblement. Chaud au toucher même à l'air libre,,Les armes forgées en Zhak'rug 'ont soif' de sang. Elles infligent des dégâts supplémentaires et se réparent en buvant le sang des ennemis vaincus.,,Les orcs plongent dans les lacs de lave pour extraire le Zhak'rug. Seuls les plus forts survivent à cette épreuve.,Très difficile,Doit être forgé dans des feux alimentés par la rage et le sang. Les forgerons orcs entrent en transe de bataille pendant la forge.,150,"Plus lourd que le fer, environ 10 kg/dm³",7,Le Zhak'rug corrompt lentement l'esprit de celui qui le porte. Augmente l'agressivité et la soif de violence. Les armes peuvent se retourner contre leur maître.,Cauchemars de bataille. Désir constant de combat. Peut causer une dépendance à la violence. Les porteurs entendent des murmures de guerre.,Ne se combine qu'avec l'acier et l'obsidienne. Détruit le mithral et l'argent au contact.,"Les orcs croient que le Zhak'rug est le sang solidifié de Gruumsh, leur dieu de la guerre. Porter une arme en Zhak'rug est un honneur suprême.",Seuls les chefs de guerre et les champions orcs ont le droit de porter des armes en Zhak'rug. Symbole de puissance et de férocité inégalées.,68e2423e40a3e2022d9ac3ac,2025-10-05T10:02:38.882000,2025-10-05T10:02:38.882000,68d133369c4bfb4942ca73e3,greg.demeulenaere@gmail.com,FALSE,
Glimmerdust Gobelin (Poussière-Scintille),Poudre scintillante multicolore récoltée par les gobelins dans les champignonnières des profondeurs. Elle brille dans le noir et explose au contact du feu. Les gobelins l'utilisent pour leurs pièges et leurs farces.,,Poudre,Peu commun,"Grottes de champignons bioluminescents, terriers gobelins, souterrains humides",Spores de champignons magiques séchées et cristallisées par les gobelins selon un processus secret,Poudre fine multicolore qui change de couleur selon l'angle de vue. Brille doucement dans l'obscurité,,"Explosive, hallucinogène, bioluminescente. Peut créer des illusions mineures et des distractions. Les gobelins sont immunisés à ses effets.",,"Les gobelins récoltent les spores de champignons géants, les sèchent et les broient. Processus secret jalousement gardé.",Moyen,"Séchage pendant 3 jours dans le noir total, puis broyage fin. Doit être conservée à l'abri de la lumière et de l'humidité.",25,"Très léger, comme du pollen",1,Hautement inflammable ! Explose violemment au contact de flammes. Cause des hallucinations colorées si inhalée en quantité.,"Inhalation: visions kaléidoscopiques, fous rires incontrôlables, désorientation. Les gobelins sont immunisés mais les autres races y sont sensibles.","Se mélange bien avec l'huile (bombes), l'alcool (potions), l'encre. Neutralisée par l'eau.",Les gobelins prétendent que la Glimmerdust est les rêves des champignons magiques cristallisés. Chaque couleur représenterait une émotion différente.,Monnaie d'échange entre tribus gobelines. Les jeunes gobelins apprennent à fabriquer la Glimmerdust comme rite d'initiation. Utilisée dans toutes les célébrations.,68e2423e40a3e2022d9ac3ad,2025-10-05T10:02:38.882000,2025-10-05T10:02:38.882000,68d133369c4bfb4942ca73e3,greg.demeulenaere@gmail.com,FALSE,
Infernium Tieffelin,Cristal noir translucide contenant du feu infernal gelé. Il brûle de l'intérieur sans jamais se consumer. Récolté par les tieffelins dans les brèches planaires vers les Neuf Enfers.,,Cristal,Très rare,"Portails vers les Enfers, sites de pactes démoniaques, cratères de météorites infernales","Se forme lorsque le feu des Enfers est exposé à un froid extrême, gelant les flammes dans un état paradoxal",Cristal noir semi-transparent avec des flammes rouges et oranges figées à l'intérieur. Chaud au toucher mais ne brûle pas,,Source de feu éternel. Amplifie la magie infernale et les pactes. Permet de communiquer avec les créatures des Enfers. Résistance au feu.,,Récolte extrêmement dangereuse dans les brèches planaires. Nécessite une protection contre le feu infernal et des rituels de protection.,Très difficile,Doit être taillé avec des outils refroidis dans la Styx. Les forgerons doivent connaître les secrets infernaux pour le travailler.,400,"Lourd, densité similaire à l'or",9,Émanations infernales peuvent corrompre l'âme. Attire les démons et diables. Porter de l'Infernium marque l'âme et peut compliquer l'au-delà.,Cauchemars de damnation. Désirs impies. Augmente le charisme mais diminue la sagesse. Tentation constante de faire des pactes infernaux.,Se combine avec l'obsidienne et le fer noir. Neutralise l'argent et les métaux sacrés. Amplifie l'adamantium.,"L'Infernium serait des fragments de la première flamme de la création, volés par Asmodeus et amenés en Enfer. Chaque cristal contiendrait une âme damnée.",Les tieffelins le considèrent comme leur héritage maudit. Porter de l'Infernium est revendiquer fièrement son lignage infernal. Symbole de pouvoir et de damnation.,68e2423e40a3e2022d9ac3ae,2025-10-05T10:02:38.882000,2025-10-05T10:02:38.882000,68d133369c4bfb4942ca73e3,greg.demeulenaere@gmail.com,FALSE,
Selûnite Étoilée,Pierre précieuse d'un bleu-violet profond parsemée de points lumineux qui ressemblent à un ciel étoilé. Les prêtresses de Selûne la récoltent lors des pleines lunes. Elle pulse avec la lumière lunaire.,,Pierre précieuse,Rare,"Lacs sous la pleine lune, sommets de montagnes exposés à la clarté lunaire, temples de Selûne",Se forme lorsque la lumière de la pleine lune imprègne certains cristaux pendant des années,Bleu-violet profond avec des points de lumière argentée qui scintillent comme des étoiles. Brille plus fort la nuit,,Amplifie la magie divine lunaire. Protège contre les lycanthropes et les mort-vivants. Illumine l'obscurité. Révèle les secrets cachés.,,Récolte uniquement pendant la pleine lune dans des lieux sacrés. Nécessite des rituels religieux et la bénédiction d'une prêtresse.,Difficile,Doit être taillée uniquement la nuit sous la lumière de la lune. Un rayon de soleil direct détruit le cristal.,200,"Léger, densité similaire au quartz",7,Sensible à la lumière du soleil qui diminue son éclat. Attire les créatures de la nuit. Les vampires la détestent et l'évitent.,Insomnie et rêves lucides. Révélations nocturnes. Augmente la sagesse mais rend mélancolique. Attire les regards des dieux lunaires.,Se combine parfaitement avec l'argent et le mithral. Incompatible avec l'Infernium et les matériaux sombres.,"Les légendes disent que la Selûnite est créée à partir des larmes de la déesse lune Selûne, tombées sur terre lors de ses batailles contre Shar.","Sacrée pour tous les adorateurs de divinités lunaires. Les rangers et druides la portent pour se guider la nuit. Symbole de navigation, mystère et transformation.",68e2423e40a3e2022d9ac3af,2025-10-05T10:02:38.882000,2025-10-05T10:02:38.882000,68d133369c4bfb4942ca73e3,greg.demeulenaere@gmail.com,FALSE,
Poudre d'Écaille de Dragon,Poudre scintillante obtenue en broyant des écailles de dragon tombées naturellement. Chaque couleur de dragon produit une poudre aux propriétés différentes. Ingrédient alchimique de légende.,,Poudre,Légendaire,"Repaires de dragons, sites de mue draconique, champs de bataille où des dragons sont tombés","Écailles de dragon naturellement tombées, vieillies et broyées en poudre fine","Poudre fine scintillante dont la couleur varie selon le type de dragon (rouge, bleu, vert, etc.). Irradiée d'une légère aura magique",,Confère une résistance au type d'énergie du dragon source. Amplifie drastiquement les potions et sorts. Peut éveiller le sang draconique dormant.,,Récolte d'écailles tombées naturellement. Tuer un dragon pour ses écailles est tabou et les écailles seraient maudites. Broyage avec mortier de diamant.,Très difficile,"Les écailles doivent être vieillies pendant au moins un an, puis broyées dans un mortier de diamant sous la lumière d'une éclipse.",1000,"Très léger, presque sans poids",10,"Peut éveiller involontairement un sang draconique, causant une transformation incontrôlée. Les dragons peuvent sentir la poudre à des kilomètres.",Rêves de vol et de feu. Caractère plus colérique et arrogant. Peut causer des écailles temporaires sur la peau. Désir de thésauriser.,Se combine avec tous les métaux et pierres précieuses. La combinaison avec l'or crée un alliage quasi-indestructible.,Les dragons anciens laissent parfois tomber des écailles comme cadeaux à leurs serviteurs fidèles. Chaque écaille contiendrait une infime fraction de l'essence du dragon.,La possession de Poudre d'Écaille de Dragon est un symbole de statut suprême. Les alchimistes tueraient pour en obtenir. Les rois en offrent comme dot de mariage.,68e2423e40a3e2022d9ac3b0,2025-10-05T10:02:38.882000,2025-10-05T10:14:30.395000,68d133369c4bfb4942ca73e3,greg.demeulenaere@gmail.com,FALSE,
Umbrastone (Pierre d'Ombre),Obsidienne vivante qui absorbe la lumière et crée des ombres épaisses autour d'elle. Les assassins et voleurs la recherchent ardemment. Trouvée dans le Plan de l'Ombre.,,Pierre précieuse,Rare,"Zones de croisement avec le Plan de l'Ombre, cryptes anciennes, lieux de grandes tragédies",Obsidienne ordinaire imprégnée d'essence du Plan de l'Ombre pendant des siècles,"Noir absolu, même la lumière directe semble être absorbée. Des volutes d'ombre s'échappent constamment de sa surface",,Crée des zones d'obscurité. Facilite la furtivité et l'invisibilité. Permet le voyage via les ombres. Masque la présence magique.,,"Récolte dans le Plan de l'Ombre ou dans les lieux où le voile est mince. Extrêmement dangereux, nécessite protection contre les ombres vivantes.",Très difficile,Doit être travaillée dans l'obscurité totale. La moindre lumière pendant la taille ruine la pierre et disperse les ombres.,180,Étrangement léger pour de l'obsidienne,5,Porter trop d'Umbrastone peut attirer les créatures du Plan de l'Ombre. Crée une aura de malaise et de peur chez les non-initiés.,Vision nocturne améliorée mais sensibilité à la lumière vive. Tendance à devenir paranoïaque et secret. Attirance pour l'obscurité.,Se combine avec l'acier noir et l'obsidienne ordinaire. Neutralisée par la Selûnite et les pierres de lumière.,Les assassins de la Guilde des Ombres portent tous un fragment d'Umbrastone. Certains disent que la pierre contient des fragments d'âmes des morts non vengés.,"Symbole des assassins, voleurs et espions. Les guildes de voleurs utilisent l'Umbrastone comme marque d'appartenance. Crainte et respectée par les gens ordinaires.",68e2423e40a3e2022d9ac3b1,2025-10-05T10:02:38.882000,2025-10-05T10:02:38.882000,68d133369c4bfb4942ca73e3,greg.demeulenaere@gmail.com,FALSE,
Feybloom (Pollen Féerique),Pollen iridescent récolté sur des fleurs qui ne poussent qu'en Féerie. Chaque grain scintille de mille couleurs et rit doucement dans le vent. Ingrédient des enchantements les plus puissants.,,Poudre,Très rare,"Forêts féeriques, cercles de fées, jardins des cours de la Reine d'Été et du Roi d'Hiver",Pollen de fleurs magiques qui ne fleurissent qu'une fois par siècle en Féerie,Poudre iridescente qui change constamment de couleur. Semble vivante et vibre avec une magie pure,,"Amplifie les enchantements, charmes et illusions. Ouvre des portails vers la Féerie. Rajeunit et guérit. Transforme la réalité temporairement.",,"Doit être négocié avec les fées. Aucun mortel ne peut simplement récolter le Feybloom. Les fées demandent des services, des promesses ou des sacrifices en échange.",Très difficile,Ne nécessite aucun traitement. Doit être conservé dans des fioles de cristal scellées par de la cire d'abeille féerique.,500,"Sans poids mesurable, flotte dans l'air",1,Peut causer des transformations involontaires. Attire les créatures féeriques de partout. Les marchés avec les fées sont dangereux et contraignants.,Euphorie et insouciance. Perte du sens du temps. Compulsion de danser et chanter. Peut causer une addiction émotionnelle. Difficile de distinguer rêve et réalité.,"Se combine avec tous les ingrédients naturels (herbes, fleurs, miel). Incompatible avec le fer et les métaux lourds qui détruisent sa magie.",Le Feybloom est dit être les rires cristallisés des fées. Chaque grain contiendrait une minuscule étincelle de la joie pure de la Féerie.,Les elfes considèrent le Feybloom comme un lien sacré avec leurs ancêtres féeriques. Porter du Feybloom garantit la faveur de la cour féerique. Cadeau diplomatique ultime.,68e2423e40a3e2022d9ac3b2,2025-10-05T10:02:38.882000,2025-10-05T10:13:03.329000,68d133369c4bfb4942ca73e3,greg.demeulenaere@gmail.com,FALSE,
Cristal du Néant,"Cristal paradoxal qui existe et n'existe pas en même temps. Noir comme l'absence de lumière, froid comme le vide spatial. Toucher le Voidcrystal donne l'impression de toucher le vide entre les étoiles.",,Cristal,Légendaire,"Rifts dans l'espace-temps, sites d'anciennes apocalypses, temples des dieux de la destruction",Se forme lorsque la réalité elle-même est déchirée et que le néant s'infiltre dans le monde matériel,"Noir absolu, plus noir que le noir. Ne reflète aucune lumière. Regarde[...]r dedans donne le vertige du vide infini",,Annule toute magie au contact. Crée des zones de vide magique. Peut bannir les créatures vers le néant. Désintègre la matière lentement.,,Extrêmement dangereux. Nécessite des rituels de protection contre le néant. Les extracteurs risquent d'être aspirés dans le vide.,Très difficile,Doit être manipulé avec des outils magiques à distance. Le contact direct peut aspirer la vie et l'âme de l'artisan.,2000,"Masse négative étrange, semble plus léger que l'air",10,EXTRÊMEMENT DANGEREUX. Contact prolongé aspire la force vitale. Peut créer des rifts dimensionnels instables. Présence attire les horreurs du vide.,Vide émotionnel et apathie. Cauchemars du néant éternel. Sensation de disparaître lentement. Nihilisme existentiel. Peut causer la folie.,Incompatible avec presque tout. Détruit les matériaux magiques au contact. Seul l'adamantium pur peut le contenir en sécurité.,"Les Cristaux du Néant seraientt des fragments de l'entropie finale de l'univers, remontés dans le temps. Chaque cristal contiendrait la mort de toute chose.",Craint et respecté universellement. Seuls les plus puissants arcanistes osent le manipuler. Symbole de la fin de toute magie et de toute existence.,68e2423e40a3e2022d9ac3b3,2025-10-05T10:02:38.882000,2025-10-05T10:11:54.328000,68d133369c4bfb4942ca73e3,greg.demeulenaere@gmail.com,FALSE,
Pierre-Rune Naine,Granite mystique gravé de runes de pouvoir par les maîtres-runistes nains. Chaque pierre est unique et contient des siècles de savoir runique. Grise avec des runes luisantes d'argent.,,Pierre précieuse,Rare,"Forges runiques naines, bibliothèques de pierre, temples ancestraux nains",Granite ordinaire transformé par des années d'exposition aux runes de pouvoir gravées par les maîtres-runistes,"Pierre grise solide avec des runes gravées qui brillent d'une lumière argentée. Lourde et froide, résonnant de pouvoir ancien",,"Les runes confèrent des pouvoirs variés selon leur inscription: protection, force, endurance, résistance. Permanentes et indestructibles.",,Ne peut être 'extrait'. Doit être créé par un maître-runiste nain sur plusieurs années. Chaque pierre est une œuvre d'art.,Très difficile,Gravure des runes nécessite décennies de formation. Seuls les maîtres-runistes nains connaissent tous les secrets. Rituel de 1 semaine par rune.,300,"Très lourd, deux fois la densité du granite normal",9,Les runes mal gravées peuvent exploser ou se retourner contre leur créateur. Tentatives de copie par des non-nains échouent invariablement.,Porter une Runestone augmente l'endurance et la résistance mais rend têtu et inflexible. Respect instinctif des traditions.,Se combine parfaitement avec tous les métaux. Les nains l'incrustent dans le mithral et l'adamantium pour créer les meilleurs objets.,"Les runes sont le don des dieux nains, enseignées par Moradin lui-même. Chaque Runestone est une prière de pierre qui ne s'effacera jamais.",Sacré pour les nains. Symbole de leur maîtrise des forges et de leur connexion à la pierre. Offrir une Runestone est le plus grand honneur nain.,68e2423e40a3e2022d9ac3b4,2025-10-05T10:02:38.882000,2025-10-05T10:06:24.406000,68d133369c4bfb4942ca73e3,greg.demeulenaere@gmail.com,FALSE,
Fer Brut,"Le métal le plus commun et fondamental de la civilisation. Base de toute forge et de toute armurerie. Robuste, abondant et malléable une fois chauffé.",,Métal,Commun,"Minerais de fer (hématite, magnétite) dans les roches sédimentaires et métamorphiques, très répandu","Oxydation et concentration du fer dans les roches sédimentaires, dépôts de fer rubané anciens","Gris métallique à gris foncé, surface métallique brillante quand polie, rouille rapidement à l'air humide",,"Aucune propriété magique inhérente, mais peut être enchanté facilement. Le fer froid (non forgé) repousse certaines créatures féeriques.",,"Extraction minière de minerai, réduction dans des hauts fourneaux. Processus bien maîtrisé depuis des millénaires.",Très facile,"Fusion à 1538°C, forge à chaud pour façonner. Nécessite du charbon de bois. Peut être trempé pour durcir.",1,"7,8 g/cm³. Lourd mais maniable",4,Rouille rapidement à l'humidité. Nécessite un entretien constant. Les fumées de fonte peuvent être toxiques.,Aucun effet biologique négatif. Le fer est essentiel à la santé humaine.,S'allie avec le carbone pour créer l'acier. Base de tous les alliages ferreux.,"L'Âge du Fer a transformé la civilisation. Remplaçant le bronze, le fer a démocratisé les armes et outils.","Symbole de force, de travail et de civilisation. Les forgerons sont respectés dans toutes les cultures. Le fer est associé à Mars, dieu de la guerre.",68e240bb76e0e549ab309bbc,2025-10-05T09:56:11.507000,2025-10-05T09:56:11.507000,68d133369c4bfb4942ca73e3,greg.demeulenaere@gmail.com,FALSE,
Acier Forgé,"Alliage de fer et de carbone, plus dur et plus résistant que le fer pur. Le matériau de prédilection pour les armes et armures de qualité.",,Alliage,Commun,"Produit en forge par carburation du fer, non trouvé naturellement","Alliage créé en ajoutant du carbone (0,2-2%) au fer en fusion, puis refroidi et travaillé","Gris acier brillant, surface lisse et réfléchissante une fois polie. Peut être bleui ou doré par traitement thermique",,Meilleur conducteur d'enchantements que le fer pur. L'acier de haute qualité peut retenir des enchantements plus complexes.,,"Carburation du fer dans des forges spécialisées. Techniques variées : cémentation, fonte, acier au creuset.",Facile,"Forge à chaud, trempe dans l'eau ou l'huile pour durcir, revenu pour réduire la fragilité. Art de la forge ancestral.",5,"7,85 g/cm³, légèrement plus lourd que le fer pur",6,Peut se fissurer si mal trempé. Rouille comme le fer mais plus lentement. Les lames mal forgées peuvent se briser au combat.,Aucun. L'acier est biologiquement inerte.,"Peut être allié avec du chrome (inoxydable), du tungstène (acier rapide), du manganèse (acier haute résistance).",L'acier de Damas et l'acier wootz étaient légendaires pour leur qualité. Les secrets de certaines techniques anciennes sont perdus.,Symbole de la civilisation avancée. L'acier a permis la création d'armures de plaques complètes. Arme du chevalier et du samouraï.,68e240bb76e0e549ab309bbd,2025-10-05T09:56:11.507000,2025-10-05T09:56:11.507000,68d133369c4bfb4942ca73e3,greg.demeulenaere@gmail.com,FALSE,
Cuivre Rouge,"Métal rougeâtre brillant, le premier métal travaillé par l'humanité. Excellent conducteur, malléable et résistant à la corrosion. Base de nombreux alliages.",,Métal,Commun,"Minerais de cuivre (chalcopyrite, malachite, azurite), veines hydrothermales, dépôts de contact","Précipitation dans les veines hydrothermales, enrichissement supergène créant des minerais riches","Orange-rouge métallique brillant quand fraîchement poli, développe une patine verte (vert-de-gris) à l'air",,Excellent conducteur d'énergie magique et électrique. Amplifie les sorts de foudre. Utilisé dans les cercles magiques et les baguettes.,,"Extraction de minerai, fusion relativement simple. Peut même être trouvé à l'état natif dans certains gisements.",Facile,Point de fusion bas (1085°C). Facile à fondre et à façonner. Peut être martelé à froid. Développe une patine protectrice.,0.5,"8,96 g/cm³. Dense et lourd",3,La patine (vert-de-gris) peut être légèrement toxique si ingérée. Les fumées de fonte doivent être ventilées.,Le cuivre a des propriétés antibactériennes. Les bracelets de cuivre sont portés pour l'arthrite (efficacité discutée).,"Élément clé du bronze, du laiton, du cupronickel. S'allie bien avec presque tous les métaux.",L'Âge du Cuivre précéda l'Âge du Bronze. Premier métal maîtrisé par l'humanité il y a 10 000 ans.,Associé à Vénus et à l'amour dans l'alchimie. Symbole de conductivité et de communication. La Statue de la Liberté est en cuivre.,68e240bb76e0e549ab309bbe,2025-10-05T09:56:11.507000,2025-10-05T09:56:11.507000,68d133369c4bfb4942ca73e3,greg.demeulenaere@gmail.com,FALSE,
Bronze Antique,"Alliage classique de cuivre et d'étain, plus dur que le cuivre pur. Premier alliage métallique maîtrisé, il a défini toute une ère de l'humanité.",,Alliage,Commun,"Produit en forge, non naturel. Nécessite du cuivre et de l'étain","Alliage de cuivre (88-95%) et d'étain (5-12%), fondu ensemble","Brun-doré, plus sombre que le cuivre. Développe une patine verte noble avec le temps",,Résonne avec les énergies anciennes. Utilisé pour les rituels historiques et les artefacts. Certains sorts anciens nécessitent du bronze spécifiquement.,,"Alliage des deux métaux en proportion précise. L'étain était historiquement rare, rendant le bronze précieux.",Facile,Plus facile à couler que le fer. Excellent pour la fonte de statues complexes. Ne nécessite pas de forge aussi chaude que l'acier.,3,"8,8 g/cm³, entre le cuivre et le fer",4.5,"Moins résistant que l'acier, les armes de bronze s'émoussent plus vite. La patine peut être toxique si ingérée.",Aucun effet nocif connu. Les objets en bronze ancien sont souvent considérés comme des antiquités précieuses.,"Peut contenir d'autres éléments en trace : plomb, zinc, nickel. Le bronze à canon contient plus d'étain.",L'Âge du Bronze (3300-1200 av. J.-C.) a vu l'essor des premières grandes civilisations. Le bronze représente le début de la métallurgie avancée.,Symbole de l'antiquité classique et de la grandeur. Médailles de bronze pour la troisième place. Associé aux œuvres d'art éternelles.,68e240bb76e0e549ab309bbf,2025-10-05T09:56:11.507000,2025-10-05T09:56:11.507000,68d133369c4bfb4942ca73e3,greg.demeulenaere@gmail.com,FALSE,
Argent Lunaire,"Métal précieux d'un blanc brillant éclatant. Associé à la lune, à la pureté et à la protection contre les créatures maléfiques. Conducteur exceptionnel.",,Métal,Peu commun,"Veines hydrothermales argentifères, minerais associés au plomb et au cuivre, parfois natif","Précipitation dans les veines hydrothermales, enrichissement secondaire","Blanc argenté brillant, le plus réfléchissant de tous les métaux. Ne ternit que lentement",,"Sacré et purificateur. Armes en argent nécessaires contre les lycanthropes, vampires et démons. Amplifie la magie divine et lunaire.",,"Extraction de minerais argentifères, souvent co-produit du plomb ou du cuivre. Raffinement par coupellation.",Moyen,"Point de fusion 962°C. Très malléable, peut être martelé en feuilles extrêmement fines. Facile à travailler.",10,"10,49 g/cm³. Dense et lourd",2.5,"Ternit au contact du soufre (œufs, oignons). Les armes en argent pur sont trop molles pour le combat prolongé (souvent plaquage).",L'ingestion excessive d'argent colloïdal peut causer l'argyrie (peau bleue-grise). Les propriétés antibactériennes sont bénéfiques.,"Alliage sterling (92,5% argent, 7,5% cuivre) pour la bijouterie et la vaisselle. S'allie avec l'or (électrum), le platine.",Associé à la Lune et à la déesse Artémis. Les balles d'argent contre les loups-garous sont un folklore universel.,"Symbole de pureté, de vérité et de protection divine. Médailles d'argent pour la deuxième place. Miroirs d'argent pour voir la vérité.",68e240bb76e0e549ab309bc0,2025-10-05T09:56:11.507000,2025-10-05T09:56:11.507000,68d133369c4bfb4942ca73e3,greg.demeulenaere@gmail.com,FALSE,
Or Solaire,"Le métal le plus précieux et incorruptible. Ne ternit ni ne rouille jamais. Symbole ultime de richesse, de pouvoir royal et d'immortalité.",,Métal,Rare,"Veines de quartz aurifères, placers alluviaux, rarement natif en pépites","Précipitation dans les veines hydrothermales à haute température, concentration par érosion dans les rivières",Jaune doré brillant caractéristique. L'éclat de l'or est incomparable et éternel,,"Conducteur et amplificateur d'énergie magique pure. Incorruptible, représente la perfection. Utilisé pour les enchantements permanents les plus puissants.",,"Orpaillage dans les rivières, extraction minière de filons de quartz aurifère. Extrêmement laborieux, d'où sa valeur.",Difficile,"Point de fusion 1064°C. Extrêmement malléable, peut être martelé en feuilles d'or de quelques atomes d'épaisseur. Ne s'oxyde jamais.",50,"19,32 g/cm³. Le troisième métal le plus dense après l'osmium et l'iridium",2.5,Trop mou pour les armes (sauf enchantées). Les ruées vers l'or ont causé violence et destruction. Inspire la cupidité.,Biologiquement inerte et non toxique. Les feuilles d'or sont comestibles (décoration de plats de luxe).,"Alliages avec le cuivre (or rose), l'argent (or vert/électrum), le palladium (or blanc). Caratage indique la pureté.",Le but de l'alchimie était de transformer le plomb en or. L'or représente la perfection spirituelle et matérielle absolue.,"Associé au Soleil et aux dieux suprêmes. Symbole universel de richesse, d'immortalité et de divinité. Âge d'or = perfection.",68e240bb76e0e549ab309bc1,2025-10-05T09:56:11.507000,2025-10-05T09:56:11.507000,68d133369c4bfb4942ca73e3,greg.demeulenaere@gmail.com,FALSE,
Platine des Étoiles,"Métal rare blanc-argenté, plus précieux que l'or. Dense, résistant et éternel. Découvert tardivement mais révéré pour sa pureté absolue.",,Métal,Très rare,"Placers alluviaux ultramafiques, météorites, complexes magmatiques stratifiés (Oural, Afrique du Sud)","Concentration dans les roches ultramafiques, apporté par des impacts de météorites, processus géologiques complexes","Blanc argenté, plus brillant et plus blanc que l'argent. Ne ternit jamais",,Pureté magique absolue. Le platine amplifie tous les types de magie sans distorsion. Idéal pour les artefacts les plus puissants et les plus neutres.,,Extrêmement difficile. Nécessite le traitement de tonnes de minerai pour obtenir quelques grammes. 30 fois plus rare que l'or.,Très difficile,Point de fusion très élevé (1768°C). Très difficile à travailler. Nécessite des techniques avancées et des fours spéciaux.,100,"21,45 g/cm³. Plus dense que l'or",4,Extrêmement rare et précieux. Peut provoquer des conflits violents. Les mines de platine sont souvent en zones instables.,Totalement inerte biologiquement. Utilisé en chirurgie et en dentisterie pour cette raison. Aucune toxicité.,"Famille du platine : palladium, rhodium, ruthénium, iridium, osmium. Alliages avec l'iridium pour la dureté.","Les conquistadores espagnols le jetaient car ils ne pouvaient le fondre. 'Platina' signifie 'petit argent' en espagnol, terme méprisant devenu prestigieux.","Symbole moderne de luxe ultime, de pureté absolue et de prestige. Disques de platine pour les albums les plus vendus. Plus précieux que l'or.",68e240bb76e0e549ab309bc2,2025-10-05T09:56:11.507000,2025-10-05T09:56:11.507000,68d133369c4bfb4942ca73e3,greg.demeulenaere@gmail.com,FALSE,
Électrum Naturel,"Alliage naturel d'or et d'argent, d'une couleur pâle unique entre le jaune et le blanc. Précieux mais moins que l'or pur. Trouvé naturellement dans certains gisements.",,Alliage,Peu commun,"Veines hydrothermales où or et argent précipitent ensemble, placers alluviaux",Alliage naturel formé lorsque l'or et l'argent précipitent simultanément dans les mêmes conditions géologiques,"Jaune pâle argenté, couleur unique entre l'or et l'argent. Varie selon le ratio or/argent (typiquement 50-80% or)",,Combine les propriétés de l'or (amplification) et de l'argent (purification). Équilibre entre pouvoir et protection. Idéal pour la magie d'équilibre.,,Extraction de gisements où or et argent sont mélangés naturellement. Peut aussi être créé artificiellement par fusion.,Moyen,Point de fusion variable selon le ratio (900-1000°C). Plus facile à travailler que l'or pur car l'argent le durcit.,25,15-18 g/cm³ selon le ratio or/argent,3,La proportion exacte d'or/argent est difficile à déterminer sans analyse. Historiquement source de fraude monétaire.,Combine les effets bénéfiques de l'or et de l'argent. Aucun effet négatif connu.,Peut contenir des traces de cuivre ou d'autres métaux. Le ratio or/argent varie naturellement.,Le mythique Toison d'Or pourrait avoir été un tissu utilisé pour collecter l'électrum dans les rivières. L'électrum était plus précieux que l'or pur dans l'Égypte ancienne.,Première forme de monnaie métallique. Symbole d'équilibre et d'harmonie entre les contraires. Associé aux dieux jumeaux et à la dualité.,68e240bb76e0e549ab309bc3,2025-10-05T09:56:11.507000,2025-10-05T09:56:11.507000,68d133369c4bfb4942ca73e3,greg.demeulenaere@gmail.com,FALSE,
Étain Blanc,"Métal argenté brillant, mou et malléable. Composant essentiel du bronze. Résistant à la corrosion, utilisé depuis l'Antiquité pour de nombreux usages.",,Métal,Peu commun,Minerai de cassitérite (oxyde d'étain) dans les granites et les placers alluviaux,"Concentration dans les pegmatites granitiques, enrichissement dans les placers","Blanc argenté brillant, très mou et malléable. Produit un 'cri' caractéristique quand on le plie",,Propriétés magiques mineures. L'étain est associé à Jupiter en alchimie. Utilisé dans certains rituels de prospérité.,,"Extraction de cassitérite, réduction relativement simple. Historiquement extrait en Cornouailles (UK) et en Asie du Sud-Est.",Facile,"Point de fusion bas (232°C), très facile à fondre et à mouler. Très malléable à froid.",2,"7,3 g/cm³",1.5,Les anciens alliages contenaient du plomb toxique. L'étain pur est sûr mais trop mou pour les armes.,Non toxique. La 'peste de l'étain' fait que l'étain se désintègre en poudre sous 13°C (problème dans les climats froids).,"Bronze (cuivre-étain), soudure (étain-plomb), pewter (étain-cuivre-antimoine), fer-blanc (fer recouvert d'étain).",Les Routes de l'Étain connectaient la Cornouailles britannique à la Méditerranée depuis l'Âge du Bronze. L'étain était aussi précieux que l'argent.,Associé à Jupiter en alchimie. Les soldats d'étain sont des jouets classiques. L'étain symbolise les 10 ans de mariage.,68e240bb76e0e549ab309bc4,2025-10-05T09:56:11.507000,2025-10-05T09:56:11.507000,68d133369c4bfb4942ca73e3,greg.demeulenaere@gmail.com,FALSE,
Plomb Sombre,"Métal lourd gris-bleu, mou et dense. Utilisé depuis l'Antiquité pour de nombreux usages, mais maintenant connu pour sa toxicité.",,Métal,Commun,"Galène (sulfure de plomb), veines hydrothermales, souvent associé à l'argent",Précipitation hydrothermale dans les failles et fractures,"Gris-bleu métallique terne, s'oxyde rapidement en surface. Très lourd",,Le plomb bloque les énergies magiques et psychiques. Utilisé pour créer des chambres anti-magie et protéger contre la scrutation.,,"Extraction de galène, fusion simple. Souvent co-produit avec l'argent (la galène argentifère).",Facile,Point de fusion bas (327°C). Extrêmement facile à fondre et à mouler. Très mou.,0.5,"11,34 g/cm³. Très dense et lourd",1.5,Hautement toxique ! L'empoisonnement au plomb cause des dégâts neurologiques permanents. Ne jamais ingérer ou inhaler les vapeurs.,Toxicité cumulative grave. Cause le saturnisme. Les Romains utilisaient le plomb pour les tuyaux (possiblement contribué à la chute de Rome).,"Alliages avec l'étain (soudure, pewter), l'antimoine (caractères d'imprimerie). Ajouté au bronze pour le rendre plus facile à couler.","En alchimie, le plomb représente Saturne et la matière brute à transmuter en or. Symbole de la lourdeur et de la matérialité.","Associé à Saturne, au temps et à la mort. Symbole de ce qui est lourd, sombre et toxique. Utilisé dans les sceaux et la plomberie (d'où le nom).",68e240bb76e0e549ab309bc5,2025-10-05T09:56:11.507000,2025-10-05T09:56:11.507000,68d133369c4bfb4942ca73e3,greg.demeulenaere@gmail.com,FALSE,
Péridot Vert Olive,"Gemme d'un vert olive lumineux unique, jamais trouvée dans d'autres couleurs. Formée dans les profondeurs du manteau terrestre et remontée par les volcans. Gemme du soleil selon les Égyptiens anciens.",,Pierre précieuse,Peu commun,"Basaltes, kimberlites, météorites (très rare), îles volcaniques","Cristallise dans le manteau supérieur sous haute température et pression, éjecté par l'activité volcanique","Vert olive à vert citron, transparent et brillant. Plus la couleur est pure et saturée, plus la pierre est précieuse",,Dissipe l'envie et la jalousie. Protège contre les cauchemars et les terreurs nocturnes. Fortifie le cœur et l'esprit.,,"Extraction de roches basaltiques ou collecte sur les plages volcaniques (Hawaï, Égypte). Les cristaux météoritiques sont extrêmement rares.",Facile,Taille à facettes standard. Le péridot est sensible aux acides et doit être nettoyé avec précaution.,60,"1 carat (0,2 gramme). Les péridots de 10+ carats de belle couleur sont rares",6.5,Sensible aux acides et aux chocs thermiques. Peut se fissurer si exposé à des variations brutales de température.,Effet apaisant et purificateur. Peut rendre trop passif face aux injustices.,Magnifique dans l'or jaune ou vert. S'associe bien avec des citrines et des améthystes.,Les Égyptiens l'appelaient 'la gemme du soleil'. Les croisés la rapportaient comme 'émeraude du soir' car sa couleur ne change pas sous lumière artificielle.,"Pierre d'août. Symbole de renouveau, de croissance et de prospérité. Traditionnellement offerte pour les 16 ans de mariage.",68e23fd30cc6d0598f1b4fee,2025-10-05T09:52:19.410000,2025-10-05T09:52:19.410000,68d133369c4bfb4942ca73e3,greg.demeulenaere@gmail.com,FALSE,
Citrine Dorée Solaire,"Quartz jaune d'or évoquant la chaleur du soleil et la richesse des récoltes d'automne. Rare à l'état naturel, souvent confondue avec la topaze.",,Pierre précieuse,Peu commun,"Géodes de quartz, veines hydrothermales, roches granitiques","Quartz coloré naturellement par des traces de fer, ou améthyste chauffée naturellement par des intrusions magmatiques","Jaune citron à orange doré, transparent et brillant. Les teintes miel et madère sont les plus recherchées",,Attire la richesse et l'abondance. Dissipe la négativité et la dépression. Pierre de manifestation et de succès.,,Extraction de géodes ou de veines hydrothermales. La plupart des citrines du commerce sont des améthystes chauffées artificiellement.,Facile,Taille à facettes variées. Facile à tailler. La chaleur peut améliorer ou altérer la couleur.,20,"1 carat (0,2 gramme). De grandes citrines pures sont trouvables à prix raisonnable",7,La couleur peut pâlir en plein soleil prolongé. Éviter l'exposition longue aux UV.,Énergisante et stimulante. Peut causer de l'agitation ou de l'insomnie si portée pendant le sommeil.,Superbe dans l'or jaune. Belle association avec les améthystes (ametrine quand les deux sont naturellement combinées).,Considérée comme une pierre de soleil capturé. Les guerriers romains portaient des citrines gravées pour le courage.,"Pierre de novembre. Symbole de richesse, de chaleur et de générosité. Pierre de la joie de vivre et de l'optimisme.",68e23fd30cc6d0598f1b4fef,2025-10-05T09:52:19.410000,2025-10-05T09:52:19.410000,68d133369c4bfb4942ca73e3,greg.demeulenaere@gmail.com,FALSE,
Lapis-Lazuli Céleste Étoilé,"Roche métamorphique d'un bleu profond constellée de paillettes dorées de pyrite, évoquant un ciel nocturne étoilé. Utilisée depuis l'Antiquité pour les bijoux et pigments.",,Pierre précieuse,Peu commun,"Roches métamorphiques de contact, marbres (Afghanistan, Chili principalement)",Métamorphisme de calcaires riches en soufre en présence d'intrusions magmatiques,Bleu outremer profond avec des paillettes dorées de pyrite et parfois des veines blanches de calcite,,Stimule la sagesse et la vérité. Améliore la communication et l'expression artistique. Pierre de la royauté et des dieux.,,Extraction de veines dans les marbres. Afghanistan produit le lapis de la plus haute qualité depuis 6000 ans.,Moyen,Généralement taillé en cabochon ou sculpté. Peut être poli pour des perles et des intailles. Sensible aux acides.,25,Vendu au poids ou à la pièce. Les grandes pièces uniformément bleues avec pyrite équilibrée sont précieuses,5.5,"Sensible aux acides et à la chaleur. Les imitations sont courantes (verre teinté, sodalite teinte).",Favorise l'expression sincère. Peut révéler des vérités inconfortables ou faire remonter des émotions refoulées.,Magnifique serti dans l'or jaune. Contraste spectaculaire avec des turquoises et des cornalines.,"Pour les Égyptiens, le lapis représentait le ciel nocturne et était plus précieux que l'or. Cléopâtre utilisait de la poudre de lapis comme fard à paupières.","Pierre sacrée de nombreuses cultures anciennes. Symbole de royauté, de sagesse divine et de vérité éternelle. Utilisée dans les rituels religieux.",68e23fd30cc6d0598f1b4ff0,2025-10-05T09:52:19.410000,2025-10-05T09:52:19.410000,68d133369c4bfb4942ca73e3,greg.demeulenaere@gmail.com,FALSE,
Turquoise du Désert,"Gemme opaque d'un bleu-vert unique, veinée de brun ou noir. Pierre sacrée des peuples du désert et des Amérindiens. Une des premières gemmes exploitées par l'humanité.",,Pierre précieuse,Peu commun,"Zones arides, gisements de cuivre oxydés, déserts (Iran, Arizona, Nouveau-Mexique)","Précipitation d'eau riche en cuivre et aluminium dans des roches altérées, nécessite climat aride","Bleu ciel à bleu-vert, opaque, souvent avec des veines sombres (matrice) formant des motifs uniques",,Pierre de protection par excellence. Change de couleur pour avertir du danger. Protège les voyageurs et les montures.,,Extraction de gisements superficiels dans les déserts. Les meilleures turquoises viennent de mines anciennes épuisées.,Moyen,Souvent stabilisée avec de la résine pour éviter la décoloration. Les turquoises naturelles non traitées sont rares et précieuses.,40,Vendue au poids ou à la pièce. La turquoise persane bleu robin's egg est la plus précieuse,6,"Poreuse et fragile. Se décolore au contact des huiles, parfums et cosmétiques. Sensible à la chaleur et aux acides.","Protectrice et apaisante. Selon la légende, pâlit ou se fissure pour absorber le danger destiné au porteur.",Traditionnellement sertie dans l'argent. Magnifique avec du corail rouge et du lapis-lazuli.,"Pour les Amérindiens, la turquoise connecte le ciel et la terre. Les Perses croyaient qu'elle reflétait la santé du porteur en changeant de couleur.","Pierre sacrée dans de nombreuses cultures. Symbole de protection, de guérison et de connexion spirituelle. Pierre de décembre.",68e23fd30cc6d0598f1b4ff1,2025-10-05T09:52:19.410000,2025-10-05T09:52:19.410000,68d133369c4bfb4942ca73e3,greg.demeulenaere@gmail.com,FALSE,
Jade Impérial Vert,"Pierre fine d'un vert intense, symbole de pureté et d'immortalité dans la culture asiatique. Plus précieuse que l'or en Chine ancienne. Existe en deux types: jadéite (plus rare) et néphrite.",,Pierre précieuse,Rare,"Roches métamorphiques (Myanmar pour la jadéite de qualité), rivières et alluvions",Métamorphisme haute pression de roches riches en sodium et aluminium (jadéite) ou magnésium (néphrite),"Vert émeraude à vert pâle, opaque à semi-translucide. La jadéite impériale est d'un vert vif translucide sans inclusions",,Pierre d'immortalité et de sagesse. Protège contre les maladies et assure la longévité. Apporte l'harmonie et l'équilibre.,,Extraction de roches mères ou collecte de galets roulés dans les rivières. Myanmar est la source principale de jadéite fine.,Difficile,Sculpture et polissage minutieux. Le jade est extrêmement tenace (difficile à casser) mais peut être sculpté avec patience.,300,Vendu au poids ou à la pièce. La jadéite impériale translucide vert émeraude vaut plus que les diamants,6.5,Les imitations sont courantes. Difficile de distinguer la jadéite authentique sans tests. Les traitements chimiques sont fréquents.,Effet calmant et harmonisant. Favorise la sagesse et la prise de décision équilibrée.,"Traditionnellement non sertie, le jade est sculpté et poli. Parfois combiné avec de l'or en joaillerie moderne.","Pour les Chinois, le jade contient cinq vertus: charité, rectitude, sagesse, courage et pureté. Plus précieux que l'or pour Confucius.","Pierre la plus sacrée d'Asie. Symbole d'immortalité, de pureté morale et de statut impérial. Portée depuis 7000 ans en Chine.",68e23fd30cc6d0598f1b4ff2,2025-10-05T09:52:19.410000,2025-10-05T09:52:19.410000,68d133369c4bfb4942ca73e3,greg.demeulenaere@gmail.com,FALSE,
Onyx Noir de Minuit,"Variété de calcédoine d'un noir profond et uniforme, parfois avec des bandes blanches. Pierre de protection puissante et d'ancrage.",,Pierre précieuse,Commun,"Dépôts de silice dans les cavités rocheuses, formations volcaniques","Précipitation lente de silice en solution dans des cavités, créant des bandes régulières",Noir profond uniforme ou avec des bandes blanches parallèles. Surface lisse et brillante une fois polie,,Absorbe et transforme les énergies négatives. Pierre d'ancrage et de force intérieure. Protège contre les influences maléfiques.,,Extraction de nodules dans les formations rocheuses. Relativement abondant. L'onyx noir uniforme est souvent teint.,Facile,Taillé en cabochon ou en facettes plates. Souvent teinté pour uniformiser la couleur noire. Facile à polir.,10,Vendu au poids ou à la pièce. Les grandes pièces sont abordables,7,Beaucoup d'onyx noir du commerce est de la calcédoine teinte. L'onyx naturel noir pur est rare.,Peut absorber beaucoup de négativité et doit être régulièrement purifié. Peut causer de la lourdeur émotionnelle si trop chargé.,Spectaculaire avec des diamants ou des perles blanches pour le contraste. Magnifique dans l'argent ou l'or blanc.,"Dans la mythologie grecque, l'onyx serait né des ongles de Vénus découpés par Cupidon. Les Romains gravaient des sceaux dans l'onyx.","Pierre de protection depuis l'Antiquité. Symbole de force, d'autodiscipline et de protection. Utilisée dans les rituels de protection.",68e23fd30cc6d0598f1b4ff3,2025-10-05T09:52:19.410000,2025-10-05T09:52:19.410000,68d133369c4bfb4942ca73e3,greg.demeulenaere@gmail.com,FALSE,
Cornaline Rouge-Feu,Calcédoine translucide d'un orange rougeâtre chaleureux. Pierre des guerriers et des orateurs dans l'Antiquité. Stimulante et énergisante.,,Pierre précieuse,Commun,"Roches volcaniques, nodules dans les basaltes, alluvions","Calcédoine colorée par des oxydes de fer, souvent chauffée naturellement","Orange rougeâtre à rouge-brun, translucide et brillante. Plus la couleur est rouge profond, plus elle est prisée",,Stimule le courage et la vitalité. Améliore l'éloquence et la confiance en public. Pierre de manifestation et d'action.,,Collecte de nodules dans les roches volcaniques ou dans les alluvions. Très abondante.,Très facile,Souvent chauffée pour intensifier la couleur rouge. Taillée en cabochon ou en perles. Facile à travailler.,5,"Très abordable, vendue au poids en vrac pour les perles",7,Aucun danger. Pierre stable et durable. Les cornalines très rouges peuvent être teintes ou chauffées.,Très énergisante. Peut causer de l'agitation ou de l'irritabilité si portée constamment.,Belle dans l'or rose ou jaune. S'associe harmonieusement avec des turquoises et du lapis-lazuli.,"Napoléon portait toujours un sceau en cornaline. Dans l'Islam, le Prophète Muhammad aurait porté une bague de cornaline.","Pierre de courage et de protection depuis l'Antiquité. Symbole d'action, de motivation et de créativité. Encore populaire au Moyen-Orient.",68e23fd30cc6d0598f1b4ff4,2025-10-05T09:52:19.410000,2025-10-05T09:52:19.410000,68d133369c4bfb4942ca73e3,greg.demeulenaere@gmail.com,FALSE,
Quartz Rose Tendre,Variété de quartz d'un rose délicat et doux. Pierre de l'amour inconditionnel et de la paix du cœur. La plus douce de toutes les gemmes.,,Pierre précieuse,Commun,"Pegmatites granitiques, filons hydrothermaux, très répandu mondialement","Quartz coloré par des traces de titane, fer ou manganèse","Rose pâle à rose intense, généralement translucide et trouble. Rarement transparent",,Pierre de l'amour universel et du cœur. Guérit les blessures émotionnelles. Attire l'amour et l'amitié.,,Extraction de pegmatites. Très abondant. Le Brésil et Madagascar sont les sources principales.,Très facile,Généralement taillé en cabochon ou poli en formes libres. Rarement à facettes car trop trouble. Peut pâlir au soleil.,3,Très abordable. De grands cristaux disponibles à bas prix,7,La couleur peut pâlir en plein soleil ou à la chaleur. Éviter l'exposition prolongée aux UV.,Extrêmement doux et apaisant. Aucun effet négatif connu. Peut rendre trop émotionnel ou sensible.,Magnifique avec l'or rose ou l'argent. Belle association avec des perles et des diamants pour des bijoux romantiques.,"Selon la mythologie grecque, Éros aurait apporté le quartz rose sur Terre pour éveiller l'amour chez les mortels.",Pierre de l'amour universel et de la compassion. Symbole de paix intérieure et d'amour inconditionnel. Extrêmement populaire en lithothérapie.,68e23fd30cc6d0598f1b4ff5,2025-10-05T09:52:19.410000,2025-10-05T09:52:19.410000,68d133369c4bfb4942ca73e3,greg.demeulenaere@gmail.com,FALSE,
Obsidienne Arc-en-Ciel,"Verre volcanique noir montrant des reflets irisés multicolores spectaculaires. Plus qu'une simple roche, c'est une fenêtre vers les profondeurs de la Terre.",,Gemme,Rare,"Coulées de lave rhyolitique, sites volcaniques (Mexique principalement)","Lave riche en silice refroidie si rapidement qu'elle ne cristallise pas, forme un verre naturel","Noir profond avec des bandes irisées multicolores (rouge, vert, bleu, violet) visibles sous certains angles",,Pierre de vérité et de protection puissante. Révèle ce qui est caché. Miroir de l'âme. Tranche les liens énergétiques négatifs.,,Collecte sur les coulées de lave anciennes. L'obsidienne arc-en-ciel du Mexique est la plus prisée.,Moyen,Taillée et polie avec soin. Extrêmement fragile et cassante. Peut avoir des bords plus tranchants qu'un scalpel.,30,Vendue à la pièce. Les grandes pièces avec irisations spectaculaires sont recherchées,5.5,Extrêmement fragile et cassante. Peut se fracturer facilement. Les éclats sont plus tranchants que le verre et très dangereux.,Extrêmement puissante. Peut révéler des vérités dérangeantes. Non recommandée pour les débutants. Peut être trop intense.,Généralement portée seule. Sa puissance ne doit pas être diluée. Peut être sertie dans l'argent.,"Les Aztèques utilisaient l'obsidienne pour les sacrifices rituels et les miroirs de divination. Tezcatlipoca, dieu de la nuit, portait un miroir d'obsidienne.",Pierre sacrée des chamans et des guérisseurs. Symbole de vérité impitoyable et de transformation. Outils chirurgicaux d'obsidienne encore utilisés aujourd'hui.,68e23fd30cc6d0598f1b4ff6,2025-10-05T09:52:19.410000,2025-10-05T09:52:19.410000,68d133369c4bfb4942ca73e3,greg.demeulenaere@gmail.com,FALSE,
Fluorite Arc-en-Ciel,"Cristal multicolore aux bandes de vert, violet, bleu et jaune. Extrêmement fluorescente sous UV, d'où son nom. Pierre de clarté mentale et d'apprentissage.",,Gemme,Commun,"Veines hydrothermales, filons métallifères, grottes calcaires",Précipitation de fluorure de calcium dans les solutions hydrothermales,"Cristaux cubiques transparents montrant des bandes de couleurs variées. Violette, verte, bleue, jaune, incolore. Éclat vitreux",,Pierre du génie et de l'intellect. Améliore la concentration et l'apprentissage. Organise le chaos mental. Protège contre les manipulations.,,Extraction de filons hydrothermaux. Très abondante mondialement. Chine produit les plus beaux spécimens.,Facile,Trop tendre pour la joaillerie quotidienne. Généralement vendue en spécimens bruts ou taillée pour les collectionneurs.,8,Très abordable. Même les grands cristaux sont accessibles,4,Très fragile. Clivage parfait dans quatre directions. Se brise facilement. Ne pas porter en bague quotidienne.,Peut causer une surcharge mentale si utilisée trop intensément. Besoin de pause pour intégrer.,Généralement non sertie. Les cristaux naturels sont plus beaux. Parfois cabochonnée pour la collection.,"Le phénomène de fluorescence fut découvert en étudiant la fluorite. Sous UV, elle brille de couleurs spectaculaires.",Pierre de l'intellect et de la sagesse. Symbole d'apprentissage et de clarté. Populaire chez les scientifiques et les penseurs.,68e23fd30cc6d0598f1b4ff7,2025-10-05T09:52:19.410000,2025-10-05T09:52:19.410000,68d133369c4bfb4942ca73e3,greg.demeulenaere@gmail.com,FALSE,
Diamant Impérial,La plus pure et la plus dure des gemmes connues. Un diamant parfaitement taillé capture et réfracte la lumière en mille feux arc-en-ciel. Symbole ultime de richesse et de pouvoir.,,Gemme,Légendaire,"Très profonds gisements volcaniques, pipes de kimberlite anciennes","Formé sous une pression et une chaleur extrêmes à plus de 150 km sous la surface, pendant des millions d'années","Transparent et incolore, ou avec de légères teintes (bleu, rose, jaune). Éclat adamantin incomparable, brille intensément sous toute lumière",,Amplificateur universel de magie. Les sorts lancés à travers un diamant voient leur puissance augmentée de 50%. Peut stocker des sorts.,,Extraction minière profonde extrêmement coûteuse. Nécessite des années de prospection. Seulement 1 diamant de qualité pour 1 million de tonnes de roche.,Très difficile,Taille diamantaire nécessitant des années d'apprentissage. Un seul coup mal placé peut réduire un diamant en poussière. Seuls les maîtres lapidaires osent tailler les grandes pierres.,5000,"1 carat (0,2 gramme) pour un diamant de qualité. Les diamants impériaux font 10+ carats",10,Les mines de diamants sont souvent contrôlées par des organisations criminelles ou des tyrans. Cause de guerres et de trahisons innombrables.,Aucun effet physique négatif. Peut rendre cupide et obsessionnel ceux qui les convoitent trop longtemps.,"Se sertit dans le platine ou l'or blanc pour la joaillerie. En poudre, utilisé pour polir d'autres gemmes et métaux précieux.","Les légendes disent que les diamants sont les larmes des dieux, tombées sur terre lors de la création du monde. Chaque diamant contiendrait une étincelle de divinité.","Symbole universel de pouvoir, de richesse éternelle et d'amour indestructible. Les plus grands diamants ont des noms et des histoires célèbres.",68e2328b5abb06405e68200e,2025-10-05T08:55:39.594000,2025-10-05T08:55:39.594000,68d133369c4bfb4942ca73e3,greg.demeulenaere@gmail.com,FALSE,
Rubis Sang-de-Phénix,"Gemme rouge éclatant d'une beauté hypnotique. Les rubis les plus fins semblent contenir un feu vivant en leur cœur. Associés à la passion, au courage et à la vie.",,Gemme,Très rare,"Roches métamorphiques, marbres cristallins, gisements en Birmanie et régions montagneuses",Cristallisation d'alumine enrichie en chrome sous haute pression et température,"Rouge profond à rouge sang, éclat vitreux brillant. Les meilleurs spécimens ont une fluorescence rouge sous UV",,Associé au feu et à la vie. Augmente la vitalité et protège contre les poisons. Les sorts de feu lancés via un rubis gagnent +1d6 dégâts.,,Extraction de graviers alluviaux ou de roches mères. Lavage et tri minutieux. Les grands rubis sont rarissimes.,Difficile,Taille à facettes pour maximiser l'éclat. Les rubis étoilés (astérisme) sont polis en cabochon pour révéler l'étoile.,1000,"1 carat (0,2 gramme). Les rubis de 5+ carats sont très rares et valent exponentiellement plus",9,Les gisements sont souvent dans des régions politiquement instables. Rivalités mortelles entre prospecteurs.,"Porter un rubis peut augmenter la passion et le courage, mais aussi l'impulsivité et la colère si porté trop longtemps.",Se sertit traditionnellement dans l'or rouge ou jaune. Peut être combiné avec des diamants pour créer des pièces spectaculaires.,"Selon les mythes, les rubis naissent du sang des phénix tombé sur la roche. Porter un rubis protégerait des blessures mortelles et permettrait de renaître de ses cendres.","Gemme des rois guerriers et des héros. Symbole de courage, de passion et de victoire. Les ordres de chevalerie utilisent des rubis dans leurs insignes.",68e2328b5abb06405e68200f,2025-10-05T08:55:39.594000,2025-10-05T08:55:39.594000,68d133369c4bfb4942ca73e3,greg.demeulenaere@gmail.com,FALSE,
Saphir Céleste,"Gemme d'un bleu profond évoquant le ciel nocturne ou les océans les plus purs. Symbole de sagesse, de vérité et de loyauté. Favorisée par les mages et les sages.",,Gemme,Très rare,"Roches métamorphiques, basaltes, graviers alluviaux des rivières de montagne","Cristallisation d'alumine enrichie en titane et fer, similaire au rubis mais avec des impuretés différentes","Bleu profond à bleu royal, parfois avec des nuances violettes. Éclat vitreux exceptionnel. Certains montrent un astérisme (étoile à 6 branches)",,Améliore la clarté mentale et les capacités magiques. Protège contre les enchantements mentaux. Augmente la sagesse du porteur.,,"Extraction similaire aux rubis. Lavage de graviers, extraction de veines rocheuses. Sri Lanka et Cachemire produisent les plus beaux.",Difficile,Taille à facettes pour les pierres transparentes. Les saphirs étoilés polis en cabochon. Chauffage pour améliorer la couleur (pratique courante).,1000,"1 carat (0,2 gramme). Les saphirs de couleur parfaite de 10+ carats sont extrêmement précieux",9,Mêmes dangers que pour les rubis. Contrefaçons courantes (verre teinté). Nécessite un expert pour authentifier.,Améliore la clarté mentale et la sagesse. Usage prolongé peut rendre distant et trop analytique.,Se marie magnifiquement avec les diamants et le platine. Peut être entouré de petits diamants dans les bijoux de luxe.,"Les saphirs seraient des fragments du ciel primordial, tombés sur terre. Porter un saphir permettrait de communiquer avec les entités célestes et de recevoir leur sagesse.","Gemme des sages, des mages et des juges. Symbole de justice, de loyauté et de vérité éternelle. Utilisée dans les couronnes des rois philosophes.",68e2328b5abb06405e682010,2025-10-05T08:55:39.594000,2025-10-05T08:55:39.594000,68d133369c4bfb4942ca73e3,greg.demeulenaere@gmail.com,FALSE,
Émeraude de Sylvandre,"Gemme d'un vert éclatant évoquant les forêts primordiales au printemps. La plus précieuse des gemmes vertes, symbole de renouveau, d'espoir et de nature.",,Gemme,Très rare,"Veines hydrothermales dans des roches métamorphiques, souvent avec du quartz",Cristallisation du béryl enrichi en chrome et vanadium dans des conditions géologiques très spécifiques,"Vert intense à vert profond, souvent avec des inclusions (jardins) considérées comme signes d'authenticité. Éclat vitreux",,Connectée à la nature et à la guérison. Amplifie les sorts de guérison et de croissance végétale. Protège contre les poisons naturels.,,Extraction délicate de la roche mère. Les émeraudes sont fragiles et se brisent facilement. Nécessite des outils spécialisés.,Très difficile,Taille prudente car les émeraudes sont naturellement fracturées. Souvent huilées avec des résines pour améliorer la clarté. Taille émeraude (rectangulaire) spécialement conçue.,1000,"1 carat (0,2 gramme). Les émeraudes pures de 5+ carats sont plus rares que les diamants",7.5,"Très fragiles, se brisent facilement lors de l'extraction. Les meilleurs gisements en Colombie sont souvent contrôlés par des cartels.",Favorise la guérison et le calme intérieur. Peut rendre trop passif et distant des réalités matérielles si porté constamment.,Se sertit dans l'or vert ou jaune. Magnifique avec des diamants blancs. Les druides créent des amulettes émeraude-bois vivant.,"Les émeraudes seraient les larmes de la déesse de la nature, versées de joie en voyant la beauté de la création. Chaque émeraude contiendrait l'essence d'une forêt.","Gemme sacrée des druides et des elfes sylvains. Symbole de renaissance, d'espoir et d'harmonie avec la nature. Offrande traditionnelle aux divinités de la nature.",68e2328b5abb06405e682011,2025-10-05T08:55:39.594000,2025-10-05T08:55:39.594000,68d133369c4bfb4942ca73e3,greg.demeulenaere@gmail.com,FALSE,
Améthyste Pourpre Royale,"Quartz violet d'une beauté envoûtante, de la lavande pâle au pourpre profond. Associée à la spiritualité, à la sobriété et à la clarté d'esprit.",,Pierre précieuse,Peu commun,"Géodes dans les roches volcaniques, druses cristallines dans les cavités",Cristallisation de quartz enrichi en fer dans des conditions de température spécifiques,"Violet à pourpre profond, transparent à translucide. Les plus belles sont d'un pourpre intense uniforme. Éclat vitreux",,Protège contre l'intoxication et les dépendances. Améliore la méditation et la connexion spirituelle. Apaise l'esprit troublé.,,Ouverture soigneuse des géodes. Les cristaux se forment à l'intérieur de cavités rocheuses. Relativement abondante.,Facile,Taille à facettes pour maximiser la profondeur de couleur. Les grandes druses sont souvent laissées naturelles comme pièces de collection.,100,"1 carat (0,2 gramme). Les grandes améthystes sont relativement abordables",7,Peu de dangers. La couleur peut pâlir si exposée trop longtemps au soleil direct.,Favorise la sobriété et la clarté d'esprit. Peut réduire les impulsions et les passions si porté constamment.,Se sertit dans l'argent ou l'or blanc. Belle association avec des citrines (dorées) et des péridots (verts).,"Le nom vient du grec 'amethystos' signifiant 'non ivre'. Bacchus, dieu du vin, aurait créé l'améthyste pour protéger une nymphe, qui devint la pierre.","Gemme des évêques et des ordres religieux. Symbole de piété, de tempérance et de sagesse spirituelle. Utilisée dans les couronnes royales européennes.",68e2328b5abb06405e682012,2025-10-05T08:55:39.594000,2025-10-05T08:55:39.594000,68d133369c4bfb4942ca73e3,greg.demeulenaere@gmail.com,FALSE,
Topaze Impériale Dorée,"Gemme dorée à orangée d'une rare beauté, évoquant la lumière du soleil couchant. La topaze impériale est la plus précieuse des topazes.",,Pierre précieuse,Rare,"Pegmatites granitiques, alluvions de rivières, cavités de roches ignées",Cristallisation dans des fluides hydrothermaux riches en fluor à haute température,"Or orangé à rose orangé, exceptionnellement transparente et brillante. Éclat vitreux prononcé",,Attire la prospérité et la bonne fortune. Augmente le charisme et le pouvoir de persuasion. Dissipe les malédictions mineures.,,Extraction de pegmatites ou lavage d'alluvions. Les spécimens de qualité impériale sont rares.,Moyen,"Taille à facettes variées. La topaze impériale n'a pas besoin de traitement, sa couleur est naturelle et stable.",500,"1 carat (0,2 gramme). De grands cristaux de topaze peuvent être trouvés (50+ carats)",8,Les grandes topazes peuvent avoir un clivage parfait et se fendre d'un coup si mal manipulées.,Augmente la confiance en soi et l'optimisme. Peut rendre trop confiant ou téméraire.,Magnifique dans l'or jaune. S'associe bien avec des diamants et des saphirs jaunes.,Nommée d'après l'île de Topazios en Mer Rouge. Les empereurs romains croyaient qu'elle leur donnait le pouvoir de détecter les poisons dans leur vin.,"Gemme des empereurs et des grands marchands. Symbole de richesse, de pouvoir séculaire et de succès commercial.",68e2328b5abb06405e682013,2025-10-05T08:55:39.594000,2025-10-05T08:55:39.594000,68d133369c4bfb4942ca73e3,greg.demeulenaere@gmail.com,FALSE,
Aigue-marine Azure,"Béryl bleu clair évoquant les eaux tropicales cristallines. Douce et apaisante, c'est la gemme des marins et des voyageurs.",,Pierre précieuse,Peu commun,"Pegmatites granitiques, filons hydrothermaux, plages de sable fin (roulées)",Cristallisation du béryl enrichi en fer ferreux dans des conditions spécifiques,"Bleu clair à bleu-vert, exceptionnellement transparente. Éclat vitreux. Les grandes pierres sont courantes",,Protège les voyageurs maritimes. Calme les tempêtes émotionnelles et apporte la paix intérieure. Facilite la communication.,,"Extraction de pegmatites ou ramassage sur les plages. Relativement abondante, surtout au Brésil.",Facile,Taille à facettes classique. Parfois chauffée pour améliorer la couleur bleue (élimine les tons verts).,50,"1 carat (0,2 gramme). De très grandes aigues-marines pures existent (100+ carats)",7.5,Peu de dangers. Pierre robuste et stable.,Effet calmant et apaisant. Peut réduire l'assertivité si portée trop longtemps.,Belle dans l'or blanc ou l'argent. S'associe harmonieusement avec des perles et des diamants.,"Considérée comme le trésor des sirènes, tombée de leurs coffres au fond de l'océan. Les marins croyaient qu'elle garantissait des traversées sûres.","Gemme des marins, des voyageurs et des diplomates. Pierre de naissance traditionnelle de mars. Symbole de jeunesse et d'espoir.",68e2328b5abb06405e682014,2025-10-05T08:55:39.594000,2025-10-05T08:55:39.594000,68d133369c4bfb4942ca73e3,greg.demeulenaere@gmail.com,FALSE,
Grenat Pyrope Rouge-Feu,"Grenat d'un rouge profond tirant sur le pourpre, dense et brillant. Moins cher que le rubis mais tout aussi beau. Symbole de passion durable.",,Pierre précieuse,Commun,"Roches métamorphiques à haute pression, kimberlites, alluvions","Cristallisation dans le manteau terrestre sous très haute pression, remonté par les éruptions volcaniques","Rouge profond à rouge pourpre, transparent à translucide. Éclat vitreux résineux",,Propriétés magiques mineures. Augmente légèrement l'endurance physique et protège contre les cauchemars.,,Extraction de roches mères ou lavage d'alluvions. Relativement abondant et facile à trouver.,Facile,Taille à facettes standard. Les grenats sont durables et faciles à tailler.,15,"1 carat (0,2 gramme). Les grenats de 5+ carats de belle couleur sont inhabituels",7,Aucun danger particulier. Pierre stable et sûre.,Aucun effet négatif connu. Légèrement énergisant.,Se sertit dans tous les métaux. Belle association avec l'or rose ou jaune.,"Le grenat serait la seule lumière dans l'arche de Noé, une lanterne de grenat éclairant le voyage. Symbole de foi en période sombre.",Pierre de naissance de janvier. Offerte traditionnellement pour célébrer deux ans de mariage. Symbole de passion durable et de fidélité.,68e2328b5abb06405e682015,2025-10-05T08:55:39.594000,2025-10-05T08:55:39.594000,68d133369c4bfb4942ca73e3,greg.demeulenaere@gmail.com,FALSE,
Opale Arlequin Arc-en-Ciel,"Gemme unique montrant un jeu de couleurs chatoyant spectaculaire. Chaque opale est absolument unique, comme une galaxie miniature emprisonnée dans la pierre.",,Gemme,Rare,"Formations sédimentaires riches en silice, anciens lits de rivières fossiles (Australie principalement)","Dépôt de microsphères de silice en solution, créant une structure diffractant la lumière","Base laiteuse, transparente ou noire avec éclairs de rouge, vert, bleu, orange en mouvement. Jeu de couleurs hypnotique",,"Amplifie les émotions et l'imagination. Aide la créativité artistique et magique. Instable, reflète l'état émotionnel du porteur.",,Extraction délicate des couches d'opale dans les grès. Les opales sont fragiles et peuvent se fissurer.,Moyen,Généralement taillée en cabochon pour préserver le jeu de couleurs. Peut être assemblée en doublet ou triplet pour les pierres fines.,200,"1 carat (0,2 gramme). Les grandes opales avec jeu de couleurs complet sont très précieuses",5.5,"Très fragiles, se fissurent facilement. Sensibles à la déshydratation (peuvent craquer si stockées au sec). Éviter les chocs thermiques.",Amplifie les émotions. Peut rendre instable émotionnellement si porté pendant les périodes difficiles. Considérée comme porte-malheur par certains (superstition).,Se sertit dans l'or ou l'argent avec un montage protecteur. Éviter les bijoux d'opale pour un usage quotidien intensif.,"Les Romains croyaient l'opale la plus précieuse des gemmes, combinant la beauté de toutes les autres. Les Aborigènes australiens la considèrent comme l'arc-en-ciel pétrifié.","Pierre d'octobre. Symbole d'espoir, de créativité et d'innocence. Malheureusement associée à la malchance dans certaines cultures (superstition victorienne).",68e2328b5abb06405e682016,2025-10-05T08:55:39.594000,2025-10-05T08:55:39.594000,68d133369c4bfb4942ca73e3,greg.demeulenaere@gmail.com,FALSE,
Tourmaline Pastèque Bicolore,"Gemme extraordinaire montrant plusieurs couleurs dans le même cristal. La variété 'pastèque' montre un cœur rose entouré d'une bordure verte, comme une tranche de pastèque.",,Pierre précieuse,Rare,"Pegmatites granitiques complexes, particulièrement au Brésil et à Madagascar","Cristallisation de borosilicate dans des conditions changeantes, chaque changement créant une nouvelle couleur",Multicolore - les pastèques montrent rose/rouge au centre avec vert périphérique. Éclat vitreux. Pléochroïsme fort,,Équilibre les énergies opposées. Harmonise les émotions contradictoires. Protège contre les influences négatives externes.,,Extraction de pegmatites. Les cristaux peuvent être très grands (plusieurs kilogrammes).,Moyen,Les tourmalines pastèques sont généralement découpées en tranches fines et polies. Les autres tourmalines sont taillées à facettes.,150,"1 carat (0,2 gramme). Les grandes tourmalines sont courantes mais la qualité gemme est rare",7,Peuvent contenir des inclusions liquides qui se dilatent à la chaleur. Éviter le chauffage brutal.,Effet équilibrant général. Peut causer de l'indécision chez certaines personnes en neutralisant trop les émotions.,"Belle seule. Les tourmalines multicolores sont plus impressionnantes non serties, en spécimens naturels.","Selon les légendes, la tourmaline aurait traversé un arc-en-ciel lors de sa formation, collectant toutes les couleurs. Pierre des chamans et des guérisseurs.","Pierre d'octobre (alternative). Symbole d'équilibre, d'harmonie et de tolérance. Populaire dans les bijoux contemporains et les collections de minéraux.",68e2328b5abb06405e682017,2025-10-05T08:55:39.594000,2025-10-05T08:55:39.594000,68d133369c4bfb4942ca73e3,greg.demeulenaere@gmail.com,FALSE,
Mithral Pur,Métal légendaire aussi résistant que l'acier mais trois fois plus léger. Sa couleur argentée iridescente ne ternit jamais. Les elfes le considèrent comme un don des étoiles.,,Métal,Très rare,"Veines profondes dans les montagnes anciennes, souvent près de sources magiques","Se forme au cœur des montagnes pendant des millénaires, exposé à des énergies magiques concentrées","Argenté brillant avec des reflets bleutés, surface lisse et froide au toucher",,Le mithral amplifie les enchantements défensifs. Les armures en mithral ne gênent pas les lanceurs de sorts.,,Nécessite des outils en adamantium et des techniques de forge ancestrales. Extraction extrêmement difficile.,Très difficile,Doit être fondu dans des fours magiques à très haute température. Seuls les maîtres forgerons elfes connaissent tous les secrets de sa forge.,500,1/3 du poids de l'acier pour le même volume,8,Les veines de mithral sont souvent gardées par des créatures magiques. L'extraction peut déstabiliser les énergies magiques locales.,Aucun effet néfaste connu. Le mithral est biologiquement inerte.,Se combine exceptionnellement bien avec l'argent pour créer des armes anti-mort-vivants. Incompatible avec le fer froid.,"Selon les légendes elfiques, le mithral serait de la lumière d'étoile solidifiée, tombée sur terre lors de la création du monde.","Sacré pour les elfes, symbole de pureté et d'excellence. Les nains le recherchent ardemment pour prouver leur maîtrise de la forge.",68e23193257680f95476a802,2025-10-05T08:51:31.275000,2025-10-05T08:51:31.275000,68d133369c4bfb4942ca73e3,greg.demeulenaere@gmail.com,FALSE,
Adamantium Noir,"Le métal le plus dur connu, noir comme la nuit avec des veines rouges. Pratiquement indestructible une fois forgé, utilisé pour les armes anti-créatures et briser les armures.",,Métal,Légendaire,"Profondeurs volcaniques, cœur des montagnes en fusion, météorites anciennes","Créé sous une pression et une chaleur extrêmes au centre des montagnes, ou apporté par des météorites","Noir profond avec des veines rouge sang, surface froide et incroyablement dense",,L'adamantium ignore les résistances des armures ordinaires. Les armes en adamantium sont considérées comme magiques pour surmonter les résistances.,,Nécessite des rituels magiques et des outils enchantés. Les nains ont développé des techniques secrètes transmises de génération en génération.,Très difficile,Doit être chauffé dans des forges volcaniques pendant des semaines. Le processus de forge est dangereux et épuisant.,1000,Deux fois plus lourd que l'acier,10,Les fumerolles lors de la forge sont toxiques. Le métal en fusion peut causer des brûlures permanentes même à travers les protections magiques.,Porter de l'adamantium pendant longtemps peut causer une fatigue physique due au poids et à la densité.,"Peut être allié avec du fer pour créer de l'acier adamantin, moins cher mais toujours très résistant.","Les nains croient que l'adamantium est le sang solidifié du dieu forgeron Moradin, tombé lors d'une bataille cosmique ancestrale.",Symbole ultime de la maîtrise naine de la forge. Une arme en adamantium pur est un trésor familial transmis sur des générations.,68e23193257680f95476a803,2025-10-05T08:51:31.275000,2025-10-05T08:51:31.275000,68d133369c4bfb4942ca73e3,greg.demeulenaere@gmail.com,FALSE,
Poudre de Stellarium,Poudre cristalline scintillante qui brille d'une lumière blanche argentée. Chaque grain contient une infime quantité d'énergie stellaire concentrée.,,Poudre,Rare,"Se forme dans les cratères de météorites, sommets montagneux exposés aux étoiles",Créée lorsque la lumière stellaire se concentre sur certains cristaux pendant des décennies,"Poudre fine blanc argenté qui scintille comme des étoiles, brille doucement dans l'obscurité",,Amplifie les enchantements de lumière et de protection. Utilisée pour créer des armes et armures rayonnantes.,,Récoltée délicatement au lever du soleil avec des outils de cristal pur. Doit être conservée dans des fioles de verre enchantées.,Moyen,Doit être mélangée avec de l'huile sacrée et des essences magiques pour être utilisée en forge ou en alchimie.,75,10 grammes par dose,2,"Exposée à l'obscurité totale pendant plus d'une semaine, perd toutes ses propriétés magiques.",Exposition prolongée peut causer des éblouissements temporaires. Parfaitement sûre sinon.,Se mélange bien avec le mithral en poudre pour créer des alliages luminescents. Incompatible avec les matériaux corrompus.,Les paladins et clercs utilisent le stellarium béni pour consacrer leurs armes contre les forces des ténèbres.,Considéré comme sacré par la plupart des religions de la lumière. Les elfes l'utilisent dans leurs cérémonies nocturnes.,68e23193257680f95476a804,2025-10-05T08:51:31.275000,2025-10-05T08:51:31.275000,68d133369c4bfb4942ca73e3,greg.demeulenaere@gmail.com,FALSE,
Orichalque,"Alliage mystique de cuivre et d'or magique, d'une couleur bronze doré chatoyante. Excellent conducteur magique utilisé pour les armes et armures enchantées.",,Alliage,Rare,"Créé uniquement par alchimie et forge magique, impossible à trouver naturellement",Produit en fondant du cuivre pur avec de l'or et de la poudre de gemme dans un creuset enchanté,"Bronze doré brillant avec des reflets changeants, chaud au toucher",,Meilleur conducteur magique connu. Les enchantements sur l'orichalque sont 50% plus puissants et durent deux fois plus longtemps.,,N'existe pas naturellement. Doit être créé par des artisans qualifiés combinant métallurgie et magie.,Difficile,"Nécessite un creuset enchanté, des températures précises et un rituel de 24 heures. Le ratio cuivre/or/gemme doit être parfait.",200,Légèrement plus lourd que le bronze ordinaire,6,"Le processus de création peut échouer violemment si le rituel est interrompu, causant une explosion magique.",Aucun effet négatif. L'orichalque est stable et sûr une fois créé.,Se combine exceptionnellement avec toutes les gemmes magiques. Peut être allié avec du mithral pour créer de l'électrum magique.,"Selon les légendes, l'orichalque était le métal sacré de l'Atlantide perdue. Les anciens l'utilisaient pour leurs plus grandes œuvres.",Symbole de maîtrise tant martiale que magique. Les armes en orichalque sont des trésors recherchés par tous les héros.,68e23193257680f95476a805,2025-10-05T08:51:31.275000,2025-10-05T08:51:31.275000,68d133369c4bfb4942ca73e3,greg.demeulenaere@gmail.com,FALSE,
Cristal de Sang de Dragon,"Gemme rouge profond formée à partir du sang cristallisé d'anciens dragons. Contient une fraction de la puissance draconique, chaude au toucher.",,Cristal,Très rare,"Anciens champs de bataille draconiques, lairs de dragons décédés depuis des siècles",Se forme lorsque le sang d'un dragon s'infiltre dans la roche et cristallise sur des décennies,"Rouge rubis profond avec des inclusions dorées qui semblent couler comme du sang, émet une légère chaleur",,Confère des propriétés élémentaires (feu principalement) aux armes et armures. Augmente la résistance aux dégâts de feu.,,Doit être extrait avec précaution des anciennes roches. Nécessite des protections contre la chaleur intense.,Difficile,Doit être refroidi lentement sur plusieurs jours avant de pouvoir être travaillé. Peut exploser si chauffé trop rapidement.,350,Environ 50 grammes par cristal,7,Émet une chaleur constante qui peut causer des brûlures. Les lieux où on le trouve sont souvent hantés par des esprits de dragons.,"Porter un cristal de sang de dragon peut rendre plus irritable et possessif, traits draconiques.",Se combine avec les écailles de dragon pour créer des armures draconiques complètes. Réagit violemment avec l'argentium.,Les chasseurs de dragons recherchent ces cristaux autant que les trésors. On dit qu'ils contiennent des fragments de l'âme du dragon.,Symbole de puissance et de bravoure. Posséder une arme ornée de sang de dragon est un signe de grand statut chez les guerriers.,68e23193257680f95476a806,2025-10-05T08:51:31.275000,2025-10-05T08:51:31.275000,68d133369c4bfb4942ca73e3,greg.demeulenaere@gmail.com,FALSE,
Argentium Lunaire,"Argent pur exposé à la pleine lune pendant cent cycles lunaires, acquiert des propriétés magiques contre les lycanthropes et les morts-vivants.",,Métal,Peu commun,Créé artificiellement en exposant de l'argent pur à la lumière lunaire dans des sanctuaires dédiés,Argent ordinaire transformé par un rituel lunaire de cent pleines lunes consécutives,"Argent brillant avec une légère teinte bleutée, semble briller plus fort sous la lumière de la lune",,Les armes en argentium comptent comme magiques et argentées. Infligent des dégâts supplémentaires aux lycanthropes et créatures vulnérables à l'argent.,,Nécessite de l'argent pur de haute qualité et un sanctuaire lunaire. Le rituel de création prend plus de 8 ans.,Moyen,"Une fois consacré, se travaille comme l'argent ordinaire mais ne perd jamais ses propriétés magiques.",100,Identique à l'argent ordinaire,3,Le rituel de création peut attirer des créatures lunaires. L'argentium non finalisé peut perdre ses propriétés si exposé à l'obscurité totale.,Aucun effet néfaste pour les créatures naturelles. Les lycanthropes ressentent une douleur intense à son contact.,Se combine bien avec le mithral pour créer des alliages lunaires encore plus puissants. Incompatible avec le fer froid.,Créé à l'origine par les prêtresses de Séléné pour combattre les fléaux lycanthropiques. Chaque sanctuaire lunaire en produit quelques kilos par décennie.,Essentiel pour les chasseurs de monstres et les ordres religieux lunaires. Symbole de pureté et de lumière dans les ténèbres.,68e23193257680f95476a807,2025-10-05T08:51:31.275000,2025-10-05T08:51:31.275000,68d133369c4bfb4942ca73e3,greg.demeulenaere@gmail.com,FALSE,
Poudre de Résonance Naine,"Mélange alchimique secret des forgerons nains, composé de minerais broyés et d'essences magiques. Renforce la structure moléculaire des métaux pendant la forge.",,Poudre,Peu commun,Fabriquée uniquement dans les forges naines souterraines selon des recettes ancestrales,"Créée en broyant finement divers minerais (fer, cuivre, étain) avec des gemmes et en ajoutant des catalyseurs alchimiques","Poudre métallique gris-bleu qui vibre légèrement au toucher, émet un léger tintement métallique quand on la secoue",,"Renforce la structure cristalline des métaux, les rendant plus résistants sans ajouter de poids.",,Recette gardée secrètement par les clans nains. Nécessite plusieurs jours de broyage et de mixture précise.,Difficile,Doit être activée par des chants runiques nains pendant son application. Perd son efficacité si exposée à l'air pendant plus d'une heure.,50,100 grammes par dose,2,Peut exploser si mélangée avec certains acides ou bases fortes. Irritante pour les yeux et poumons.,Inhalation peut causer une toux métallique pendant quelques heures. Pas d'effets à long terme.,Fonctionne avec tous les métaux communs et précieux. Particulièrement efficace avec l'acier et le fer.,"Chaque clan nain a sa propre variante de la recette, gardée jalousement. Certaines lignées remontent à l'âge des premiers forgerons.",Symbole du génie artisanal nain. Offrir de la poudre de résonance est un grand honneur entre forgerons.,68e23193257680f95476a808,2025-10-05T08:51:31.275000,2025-10-05T08:51:31.275000,68d133369c4bfb4942ca73e3,greg.demeulenaere@gmail.com,FALSE,
Obsidienne Draconique,Verre volcanique noir formé par le souffle de feu d'anciens dragons volcaniques. Tranchant comme un rasoir et imprégné d'énergies pyrotiques.,,Pierre précieuse,Rare,"Volcans anciens où des dragons de feu ont vécu, coulées de lave draconique solidifiées","Créée lorsque le souffle de feu d'un dragon ancien vitrifie la lave en fusion, créant une obsidienne magique","Noir profond avec des veines rouges et oranges qui semblent brûler de l'intérieur, tranchante et lisse",,Armes en obsidienne draconique sont naturellement tranchantes et ajoutent des dégâts de feu. Ne perdent jamais leur tranchant.,,Doit être taillée avec des outils diamantés dans les coulées de lave refroidies. Nécessite une protection contre la chaleur résiduelle.,Difficile,Se taille comme le verre mais est beaucoup plus résistante. Les artisans doivent travailler rapidement car elle retient la chaleur longtemps.,120,Légèrement plus dense que l'obsidienne ordinaire,6,Reste chaude au toucher pendant des jours après extraction. Peut causer des brûlures. Les éclats sont extrêmement tranchants.,Porter une arme en obsidienne draconique peut rendre plus agressif et colérique au fil du temps.,Peut être incrustée dans des armes métalliques pour ajouter des propriétés de feu. Incompatible avec les matériaux gelés ou aquatiques.,Les tribus volcaniques vénèrent l'obsidienne draconique comme un don des anciens dragons de feu. Leurs guerriers les plus valeureux portent des armes taillées dans ce matériau.,Symbole de rage contrôlée et de puissance élémentaire. Les cultistes de dragons de feu utilisent des lames d'obsidienne draconique dans leurs rituels.,68e23193257680f95476a809,2025-10-05T08:51:31.275000,2025-10-05T08:51:31.275000,68d133369c4bfb4942ca73e3,greg.demeulenaere@gmail.com,FALSE,
Fer Froid des Profondeurs,"Fer extrait des plus profonds niveaux du monde souterrain, jamais exposé au soleil ni au feu. Naturellement efficace contre les créatures féeriques et démoniaques.",,Minerai,Peu commun,"Veines de fer dans l'Underdark, à plus de 10 kilomètres sous la surface",Fer ordinaire transformé par des millénaires d'exposition à l'obscurité primordiale et aux énergies de l'Underdark,"Gris très foncé, presque noir, avec un éclat terne. Toujours froid au toucher peu importe la température ambiante",,"Le fer froid blesse les créatures féeriques, les démons et autres créatures extérieures, surmontant leurs résistances naturelles.",,Doit être extrait dans l'obscurité totale et ne jamais être exposé à la lumière du soleil. Nécessite des expéditions dangereuses dans l'Underdark.,Difficile,"Doit être forgé sans feu, uniquement par martelage à froid. Processus long et laborieux qui nécessite une force immense ou des outils magiques.",75,Identique au fer ordinaire,5,Les zones riches en fer froid sont souvent contrôlées par des drows ou des créatures de l'Underdark. L'extraction attire les aberrations.,Contact prolongé peut causer des engourdissements et une sensation de froid persistante. Les créatures féeriques ressentent une douleur intense.,Peut être allié avec l'acier mais perd une partie de son efficacité. Incompatible avec le mithral et l'argentium.,"Les anciens pacts stipulent que le fer froid est l'antithèse de la magie féerique, forgé dans les profondeurs pour repousser les intrusions du Feywilds.",Essentiel pour les chasseurs de fées et les gardes de portails planaires. Les communautés menacées par des incursions féeriques en font des réserves.,68e23193257680f95476a80a,2025-10-05T08:51:31.275000,2025-10-05T08:51:31.275000,68d133369c4bfb4942ca73e3,greg.demeulenaere@gmail.com,FALSE,
Étherrium Cristallisé,Matériau semi-transparent qui existe partiellement dans le plan éthéré. Les armes forgées avec peuvent frapper les créatures intangibles et traverser les armures ordinaires.,,Cristal,Très rare,"Points de jonction entre le plan matériel et le plan éthéré, anciennes tours de mages planaires","Se forme aux endroits où le voile entre les plans est mince, cristallisant l'énergie éthérée elle-même","Translucide avec une teinte bleu-violet, semble légèrement flou ou hors de focus, passe-partout incroyablement léger",,Existe partiellement dans le plan éthéré. Les objets forgés avec peuvent affecter les créatures intangibles et traverser la matière solide ordinaire.,,Doit être 'pêché' dans le plan éthéré en utilisant des rituels complexes. Nécessite des lanceurs de sorts capables de voir l'invisible.,Très difficile,Doit être façonné partiellement dans le plan éthéré. Seuls les artisans versés dans la magie planaire peuvent le travailler correctement.,400,Presque sans poids (1/10 du poids normal),7,Manipuler l'étherrium sans protections peut causer un glissement partiel dans le plan éthéré. Risque de se perdre entre les plans.,Porter de l'étherrium longtemps peut causer une sensation de 'déconnexion' du monde matériel. Certains utilisateurs rapportent des visions du plan éthéré.,Peut être combiné avec du mithral pour créer des armures légères qui protègent contre les attaques intangibles. Incompatible avec le fer froid.,"Selon les érudits planaires, l'étherrium serait la substance même dont est fait le voile entre les mondes, solidifiée par accident ou par magie ancienne.",Précieux pour les chasseurs de fantômes et les explorateurs planaires. Symbole de maîtrise de la magie dimensionnelle.,68e23193257680f95476a80b,2025-10-05T08:51:31.275000,2025-10-05T08:51:31.275000,68d133369c4bfb4942ca73e3,greg.demeulenaere@gmail.com,FALSE,