name,description_text,image_url,type,cuisine_style,difficulty,difficulty_dc,preparation_time,cooking_time,total_time,servings,ingredients,ingredients_total_cost,required_tools,cooking_steps,special_effects,effects_duration,addiction_risk,addiction_threshold,positive_effects_degradation,addiction_effects,withdrawal_symptoms,taste_description,appearance,aroma,texture,serving_suggestion,pairing,storage_conditions,shelf_life,market_value,cultural_significance,history,variations,tips,warnings,notes,id,created_date,updated_date,created_by_id,created_by,is_sample
Bière Blonde Artisanale,Bière dorée rafraîchissante. Goût de malt et houblon équilibré.,,Boisson,Naine,Moyen,14,2 heures,14 jours (fermentation),14 jours,20,,15,"Cuve de brassage, fermenteur, tonneaux",,"PREMIÈRE CONSOMMATION: +1 Charisme, -1 Sagesse pendant 1 heure. CONSOMMATION RÉGULIÈRE (1ère semaine): Effets identiques. ACCOUTUMANCE (2ème semaine): +0 Charisme, -2 Sagesse. DÉPENDANCE (1 mois+): Aucun bonus, -3 Sagesse, -1 Constitution.",1 heure par chope,Modéré,3 chopes par jour pendant 14 jours consécutifs,Les bonus de Charisme disparaissent progressivement. Après 1 semaine de consommation quotidienne: +1 devient +0. Après 2 semaines: disparaît totalement. Après 1 mois: le buveur ne boit plus pour le plaisir mais pour éviter les symptômes de sevrage.,"ACCOUTUMANCE LÉGÈRE (14-30 jours): -1 Constitution au réveil, besoin d'une chope pour 'fonctionner normalement'. ACCOUTUMANCE MODÉRÉE (1-3 mois): -2 Constitution, -1 Sagesse permanents, tremblements sans alcool, besoin de 3+ chopes/jour. DÉPENDANCE SÉVÈRE (3+ mois): -2 Constitution, -2 Sagesse, -1 Force permanents, comportement agressif sans alcool, besoin de 6+ chopes/jour.","SEVRAGE LÉGER (1-3 jours): Maux de tête (-2 Concentration), irritabilité, sudation. SEVRAGE MODÉRÉ (4-7 jours): Tremblements (-2 Dextérité), anxiété sévère, insomnie. SEVRAGE SÉVÈRE (1-2 semaines): Hallucinations, risque de convulsions (JdS Constitution DC 15 ou 2d6 dégâts), delirium tremens. Nécessite soins médicaux et potion de restauration.","Malté, légèrement amer, rafraîchissant",Dorée brillante avec belle mousse blanche,"Houblon frais, pain grillé","Pétillante, mousse crémeuse",Servir fraîche (8°C) dans une chope,"Charcuterie, fromages, viandes grillées","Au frais, à l'abri de la lumière",6 mois en fût,1,"Boisson sacrée des nains, brassée pour chaque fête",Recette transmise de maître brasseur en apprenti depuis des siècles,,La température de fermentation est cruciale. Un échec au jet peut donner des arômes désagréables.,Consommation excessive peut mener à l'alcoolisme. Les nains ont développé une résistance naturelle (+4 JdS Constitution contre accoutumance).,Les nains considèrent qu'un bon brasseur est un artiste. Certains clans organisent des cures de désintoxication pour leurs guerriers avant les grandes batailles.,68e299b29d039fe429249d74,2025-10-05T16:15:46.638000,2025-10-05T16:15:46.638000,68d133369c4bfb4942ca73e3,greg.demeulenaere@gmail.com,FALSE
Vin Rouge des Collines,Vin rubis profond aux tanins veloutés. Élégant et complexe.,,Boisson,Elfique,Difficile,18,1 journée,90 jours (fermentation + vieillissement),90 jours,50,,53,"Pressoir, cuves de fermentation, fûts de chêne, bouteilles",,"PREMIÈRE DÉGUSTATION: +2 Charisme, +1 Sagesse pour interactions sociales pendant 2 heures. 1-2 SEMAINES (consommation modérée, 1 verre/jour): Effets complets. 2-4 SEMAINES (1-2 verres/jour): +1 Charisme, +0 Sagesse. 1-2 MOIS (consommation quotidienne): +0 Charisme, -1 Constitution. DÉPENDANCE (3+ mois, plusieurs verres/jour): Aucun bonus, -2 Charisme (haleine), -2 Constitution, +besoin psychologique.",2 heures par verre,Élevé,"2 verres par jour pendant 21 jours consécutifs, ou 1 bouteille entière 3 fois par semaine pendant 1 mois","Les bonus sociaux diminuent rapidement. Après 2 semaines: bonus Sagesse disparaît. Après 1 mois: bonus Charisme devient malus (-1). Après 2 mois: le buveur a besoin de vin pour toute interaction sociale, sinon désavantage. Après 3 mois: le foie commence à être endommagé, -1 Constitution permanent jusqu'à soins magiques de restauration supérieure.","ACCOUTUMANCE LÉGÈRE (3-6 semaines): Besoin psychologique lors d'événements sociaux, léger tremblement des mains le matin. ACCOUTUMANCE MODÉRÉE (2-4 mois): -1 Constitution permanent, visage rougeaud, besoin de 3-4 verres/jour minimum, dépenses excessives en vin (jusqu'à 50% des revenus). DÉPENDANCE SÉVÈRE (6+ mois): -2 Constitution, -1 Charisme permanents, dommages hépatiques, risque de cirrhose, désocialisation, priorité au vin sur tout le reste.","SEVRAGE LÉGER (1-5 jours): Irritabilité extrême, insomnie, transpiration nocturne, besoin irrépressible. SEVRAGE MODÉRÉ (5-14 jours): Tremblements importants (-3 Dextérité), anxiété handicapante (désavantage à tous jets sociaux), maux de tête sévères, nausées. SEVRAGE SÉVÈRE (2-4 semaines): Dépression majeure, hallucinations, risque de suicide (JdS Sagesse DC 18 chaque jour ou comportement autodestructeur), convulsions possibles. Nécessite accompagnement d'un clerc ou druide + potions de restauration + Calme des émotions quotidien.","Fruits rouges mûrs, tanins soyeux, notes de chêne",Rouge rubis profond avec reflets pourpres,"Cerise, mûre, vanille, épices douces","Velouté, rond en bouche","Carafer 1 heure avant, servir à 16-18°C","Viandes rouges, gibier, fromages affinés","Couché, à l'abri de la lumière, 12-14°C",5-20 ans selon millésime,2,Les elfes célèbrent leurs 100 ans avec un vin du même millésime. Certains elfes viticulteurs de 500 ans sont tombés dans l'alcoolisme.,Art millénaire transmis par les hauts-elfes. Les premiers cas d'alcoolisme elfique documentés datent de l'an 2000 du Deuxième Âge.,Peut être fait avec raisins blancs pour vin blanc (accoutumance identique),Chaque étape demande précision. Un échec critique peut transformer le vin en vinaigre.,"La noblesse et le raffinement du vin masquent sa dangerosité. Beaucoup de nobles sont devenus alcooliques en pensant que 'le vin ce n'est pas vraiment de l'alcool'. Les elfes, malgré leur longévité, ne sont PAS immunisés à l'alcoolisme - leur longue vie peut même aggraver les dégâts.",Les ordres religieux ont développé des rituels de purification pour aider les alcooliques. Certains monastères sont spécialisés dans les cures de désintoxication.,68e299b29d039fe429249d75,2025-10-05T16:15:46.638000,2025-10-05T16:15:46.638000,68d133369c4bfb4942ca73e3,greg.demeulenaere@gmail.com,FALSE
Hydromel des Dieux,Breuvage sacré fermenté au miel. Doré et capiteux.,,Boisson,Nordique,Moyen,15,3 heures,60 jours,60 jours,30,,65,"Grande marmite, fermenteur, bouteilles",,"PREMIÈRE CORNE: +1 Constitution, +2 Charisme, Résistance au froid 1 heure, sensation de puissance divine. 1ÈRE SEMAINE (usage quotidien): Effets pleins mais début d'euphorie excessive. 2-3 SEMAINES: +1 Constitution, +1 Charisme, résistance réduite (30 min). 1-2 MOIS: +0 Constitution, +0 Charisme, résistance disparaît, besoin de 2-3 cornes pour sentir l'effet. DÉPENDANCE (3+ mois): Malus -1 Constitution et Charisme sans hydromel, besoin de 5+ cornes/jour, comportement de berserker incontrôlé.",2 heures par corne,Très élevé,"1 corne par jour pendant 14 jours, ou 2+ cornes 3 fois par semaine pendant 3 semaines. ATTENTION: Les guerriers berserkers ont un risque DOUBLÉ.","Dégradation rapide et dangereuse. Semaine 1: Effets complets mais euphorie excessive mène à comportements risqués. Semaine 2-3: Besoin de doses croissantes, les effets positifs diminuent de 50%. Mois 2: Effets positifs quasi-nuls mais le besoin psychologique est immense. Mois 3+: Le guerrier ne peut plus combattre sans hydromel, perd tous ses bonus raciaux de résistance, devient dépendant au point de trahir son clan pour de l'hydromel.","ACCOUTUMANCE LÉGÈRE (2-4 semaines): Besoin avant chaque combat, agressivité accrue (+2 aux jets pour intimider, -2 en persuasion), début de tolérance. ACCOUTUMANCE MODÉRÉE (1-3 mois): -1 Constitution permanent, comportement imprévisible et violent, besoin de 4-5 cornes/jour, dépenses ruineuses (1-2 PO/jour), relations sociales détériorées. DÉPENDANCE SÉVÈRE (4+ mois): -2 Constitution, -1 Sagesse permanents, rage berserker incontrôlée SANS hydromel (attaque alliés, JdS Sagesse DC 16), foie endommagé, peut mourir d'arrêt cardiaque en combat (JdS Constitution DC 14 si combat intense).","SEVRAGE LÉGER (1-4 jours): Rage incontrôlée (attaque tout ce qui bouge, JdS Sagesse DC 14 chaque heure ou attaque l'allié le plus proche), tremblements violents, sudation excessive, hallucinations mineures (voit des ennemis). SEVRAGE MODÉRÉ (5-10 jours): Convulsions (2d8 dégâts/jour, JdS Constitution DC 15), hallucinations majeures (combat des ennemis imaginaires), force surhumaine incontrôlée (risque de se blesser), peut nécessiter des chaînes. SEVRAGE SÉVÈRE (2-3 semaines): Risque mortel de crise cardiaque (JdS Constitution DC 18 chaque jour ou mort subite), delirium tremens avec visions de Ragnarök, doit être maintenu en état de Sommeil magique ou risque de tuer quelqu'un. Nécessite ABSOLUMENT: prêtre d'Odin ou druide de haut niveau + Restauration supérieure + Apaisement des émotions permanent + chaînes enchantées.","Sucré miellé, épicé, chaleureux, capiteux","Doré ambré, brillant, presque lumineux","Miel, épices douces, notes florales puissantes","Onctueux, légèrement sirupeux, forte teneur en alcool","Servir dans des cornes à boire, frais ou chaud selon saison","Viandes rôties, sanglier, hydromel DE COMBAT (boire avant bataille)","Bouteilles couchées, au frais ou dans les caves glacées","Plusieurs années, s'améliore avec l'âge (et devient plus addictif)",3,Boisson des banquets vikings et cérémonies sacrées. Les plus grands guerriers sont souvent les plus grands alcooliques. Les clans ont des 'salles de repos' pour les guerriers en sevrage.,"Considéré comme le nectar des dieux nordiques. Selon la légende, Odin lui-même aurait combattu son addiction à l'hydromel pendant 9 jours et 9 nuits pendu à Yggdrasil.",,"Le ratio miel/eau détermine la force finale. Plus c'est fort, plus c'est addictif. Les maîtres brasseurs ajoutent volontairement moins de miel dans l'hydromel quotidien.",EXTRÊMEMENT DANGEREUX. Plus addictif que la bière ou le vin de par sa charge symbolique et son usage rituel avant le combat. Un guerrier dépendant perd son honneur et peut être banni du clan. Les clans nordiques ont des 'gardiens de la sobriété' (guerriers en rétablissement) qui surveillent les consommations excessives. Certains jarls interdisent l'hydromel hors des fêtes sacrées.,"Meilleur après 6 mois de vieillissement, mais aussi plus dangereux. Certains clans organisent des cérémonies de 'dernier hydromel' pour les guerriers qui jurent d'arrêter. Les temples d'Odin offrent des sanctuaires de désintoxication, mais le taux de rechute est de 70%.",68e299b29d039fe429249d76,2025-10-05T16:15:46.638000,2025-10-05T16:15:46.638000,68d133369c4bfb4942ca73e3,greg.demeulenaere@gmail.com,FALSE
Cidre Pétillant des Vergers,Cidre effervescent aux pommes. Fruité et désaltérant.,,Boisson,Halfeline,Facile,12,4 heures,21 jours,21 jours,25,,17.5,"Pressoir, fermenteur, bouteilles résistantes à pression",,"PREMIÈRE CHOPE: +1 Dextérité, légère euphorie, sociabilité accrue pendant 1 heure. USAGE MODÉRÉ (1-2 semaines, 1-2 chopes/jour): Effets identiques. ACCOUTUMANCE (3-4 semaines, 2-3 chopes/jour): +0 Dextérité, euphorie se transforme en besoin. DÉPENDANCE (2+ mois, 4+ chopes/jour): Aucun bonus, -1 Dextérité au réveil sans cidre, léger embonpoint (-1 Dextérité supplémentaire après 6 mois).",1 heure par chope,Faible,3 chopes par jour pendant 30 jours consécutifs. Les halfelins ont une résistance naturelle (+2 JdS Constitution contre accoutumance au cidre).,"Dégradation lente et progressive. Le cidre est moins addictif que bière/vin mais l'accoutumance est insidieuse. Semaine 1-2: Effets complets. Semaine 3-6: Bonus Dextérité diminue à +0. Mois 2-3: Le buveur ne ressent plus d'euphorie mais continue de boire par habitude. Mois 4+: Prise de poids due au sucre et à l'alcool, -1 Dextérité permanent (réversible avec exercice).","ACCOUTUMANCE LÉGÈRE (1-2 mois): Habitude de boire du cidre à chaque repas, léger inconfort sans cidre mais gérable. ACCOUTUMANCE MODÉRÉE (3-6 mois): Besoin de 3-4 chopes/jour, irritabilité sans cidre, début de prise de poids (ventre rond halfelin), dépenses régulières en cidre (5-10% des revenus). DÉPENDANCE LÉGÈRE (6+ mois): Consommation de 5-6 chopes/jour, -1 Dextérité permanent dû au poids, l'alcool fait partie du rituel quotidien incontournable. Rarement mortel mais impact sur qualité de vie.","SEVRAGE LÉGER (3-7 jours): Irritabilité modérée, manque psychologique (envie de cidre aux repas), légères sueurs nocturnes. SEVRAGE MODÉRÉ (1-2 semaines): Sautes d'humeur, anxiété légère, insomnie, besoin de compenser par d'autres boissons sucrées. SEVRAGE LONG TERME (2-4 semaines): Déprime passagère, ennui profond (le cidre était une source de plaisir quotidien), mais symptômes gérables sans assistance médicale. Peut nécessiter soutien de la communauté halfeline (très soudée).","Fruité, légèrement acidulé, rafraîchissant","Jaune paille brillant, bulles fines","Pomme fraîche, notes florales délicates","Pétillant, léger en bouche",Servir bien frais (6-8°C) dans des chopes en bois,"Fromages, tarte aux pommes, crêpes, plats halfelins","Debout, au frais",1 an,0.8,Boisson traditionnelle des fêtes de la récolte des halfelins. Certains villages halfelins organisent des 'mois sans cidre' pour prévenir l'alcoolisme communautaire.,Tradition millénaire halfeline. Les anciens racontent l'histoire de Grand-père Toby qui buvait 12 chopes/jour et ne pouvait plus monter les escaliers de son terrier.,,"Attention à la pression en bouteille, risque d'explosion si trop de sucre. Les halfelins ont développé des 'bouteilles de sécurité' avec valve de surpression.","Moins dangereux que bière ou vin mais l'accoutumance est sournoise. Le sucre + alcool créent une double dépendance (goût sucré + alcool). Les halfelins corpulents sont souvent victimes de consommation excessive de cidre pendant des années. 'Un halfelin mince est soit malade, soit il ne boit pas de cidre' - proverbe halfelin.",Les halfelins organisent des concours du meilleur cidre. Les communautés halfelins sont très solidaires et aident les leurs en cas d'abus. Les 'Amis du Cidre Modéré' est une association halfeline qui promeut la consommation responsable.,68e299b29d039fe429249d77,2025-10-05T16:15:46.638000,2025-10-05T16:15:46.638000,68d133369c4bfb4942ca73e3,greg.demeulenaere@gmail.com,FALSE
Grog du Pirate,Rhum chaud épicé. Réchauffe le corps et l'esprit.,,Boisson,Maritime,Très facile,8,5 minutes,5 minutes,10 minutes,4,,4.7,"Casserole, louche",,"PREMIÈRE RATION: +2 Constitution contre le froid 4h, ignore 1 niveau de fatigue, +1 Force 1h, courage liquide. RATION QUOTIDIENNE (1-2 semaines): Effets complets, commence à compter sur le grog pour le froid. 3-4 SEMAINES (2 rations/jour): +1 Constitution, +0 Force, tolérance au froid réduite (2h). 2-3 MOIS (3+ rations/jour): +0 aux stats, résistance naturelle au froid DIMINUÉE (le corps s'habitue au grog), besoin de 4-5 rations pour effet. DÉPENDANCE SÉVÈRE (6+ mois): Sans grog, -2 Constitution, pas de résistance au froid, tremblements violents, le pirate ne peut plus naviguer en eaux froides sans grog.",4 heures par ration,Élevé,"2 rations par jour pendant 21 jours, ou 3+ rations quotidiennes pendant 14 jours. Les marins en eaux froides ont un risque TRIPLE (le grog devient survie, pas plaisir).","Dégradation insidieuse et dangereuse pour la navigation. Semaine 1-2: Effets complets, le grog sauve des vies dans les tempêtes glacées. Semaine 3-4: Tolérance se développe, besoin d'augmenter doses. Mois 2: La résistance naturelle au froid du corps DIMINUE (le corps ne s'adapte plus au froid, compte sur l'alcool). Mois 3-6: Sans grog, le marin gèle 2x plus vite qu'un non-buveur. Mois 6+: Cercle vicieux mortel - ne peut survivre au froid sans grog, mais le grog détruit le corps. Choix impossible: mourir de froid ou mourir d'alcool.","ACCOUTUMANCE LÉGÈRE (3-4 semaines): Besoin psychologique de grog par temps froid, légère diminution de la résistance naturelle au froid. ACCOUTUMANCE MODÉRÉE (2-4 mois): -1 Constitution permanent, frissonne sans grog même par temps modéré, besoin de 4-6 rations/jour, cirrhose précoce, jugement altéré (risques en navigation). DÉPENDANCE SÉVÈRE (6+ mois): -2 Constitution, -1 Force permanents, foie détruit (jaunisse, ventre gonflé), ne peut plus naviguer en eaux froides sans grog constant, tremblements permanents des mains (impossible de tenir une épée), espérance de vie réduite de 20 ans, risque d'amputation des orteils gelés (mauvaise circulation + alcool).","SEVRAGE LÉGER (1-3 jours): Frissons intenses même au chaud, tremblements des mains, anxiété, besoin irrépressible de chaleur/alcool. SEVRAGE MODÉRÉ (4-10 jours): Convulsions par temps froid, hallucinations de tempêtes glacées, sueurs froides alternant avec fièvre, douleurs abdominales (foie), impossible de tenir quart de nuit. SEVRAGE SÉVÈRE (2-4 semaines): Hypothermie même à température normale (corps ne régule plus), delirium tremens avec visions de noyades et monstres marins, risque de pneumonie, doit être maintenu au chaud constant et sous surveillance médicale. Nécessite: prêtre ou clerc de la mer + Restauration supérieure + couvertures enchantées de chaleur + sevrage PROGRESSIF sur 2 mois (réduction graduelle, arrêt brutal = mort par hypothermie ou crise cardiaque).","Chaud, épicé, alcoolisé, réconfortant, brûlant",Ambré fumant avec rondelle de citron flottante,"Rhum puissant, cannelle, citron, clou de girofle","Chaud et réconfortant, brûle un peu la gorge","Dans des chopes en étain cabossé, très chaud, sur le pont pendant les quarts de nuit","Biscuits de mer durs, poisson séché, rations de survie",Boire immédiatement tant que c'est chaud,30 minutes max (perd efficacité en refroidissant),1.5,"Ration quotidienne officielle des marins (introduite par l'amiral Grog vers 1740). Double fonction: prévient le scorbut (citron) et maintient le moral. Mais a créé des générations de marins alcooliques. Certaines marines ont interdit le grog, d'autres l'ont gardé mais réduit les doses. Les vieux loups de mer disent: 'Le grog te garde en vie en hiver, mais il te tue en été.'","Inventé par l'amiral Grog pour réduire l'ivresse à bord (dilution du rhum pur). Ironiquement, a créé plus d'alcooliques car consommé quotidiennement. Les registres maritimes montrent que 40% des marins de long cours étaient dépendants au grog après 5 ans de service.",,"Ne jamais faire bouillir le rhum, il perd ses arômes et son efficacité. Les vieux pirates ajoutent une touche de rhum supplémentaire en douce. Ne jamais servir de grog à un marin avant un abordage - réflexes altérés.","DANGER EXTRÊME POUR MARINS. Le grog créant une dépendance physiologique au froid + alcool, l'arrêt brutal peut être MORTEL. Les capitaines expérimentés savent qu'un marin en sevrage de grog est un marin mort en haute mer. Certains navires gardent des 'rations d'urgence' de grog pour les dépendants, même si le reste de l'équipage a arrêté. Le dilemme moral: laisser un homme boire jusqu'à la mort, ou le sevrer et le condamner à l'hypothermie? Les guildes maritimes ont des 'centres de désintoxication terrestre' où les marins retraités peuvent se sevrer sans risque de navigation.","Le grog a sauvé plus de vies qu'il n'en a détruites, mais la balance est serrée. Les historiens maritimes débattent encore: était-ce nécessaire? Certains navires marchands ont remplacé le grog par du thé chaud au gingembre avec succès. Le grog reste un symbole de la vie en mer, pour le meilleur et pour le pire. Proverbe pirate: 'Le grog te donne des ailes en tempête, mais te coupe les jambes au port.'",68e299b29d039fe429249d78,2025-10-05T16:15:46.638000,2025-10-05T16:15:46.638000,68d133369c4bfb4942ca73e3,greg.demeulenaere@gmail.com,FALSE
Gin Tonic des Forêts,Cocktail rafraîchissant aux baies de genièvre. Élégant et botanique.,,Boisson,Elfique,Facile,11,5 minutes,0,5 minutes,1,,4.25,"Verre long, cuillère à mélange",,"PREMIER VERRE: +1 Charisme, +1 Dextérité pendant 1 heure, clarté d'esprit, esprit vif. CONSOMMATION SOCIALE MODÉRÉE (1-2 verres/semaine): Effets pleins, pas de tolérance. CONSOMMATION RÉGULIÈRE (1 verre/jour, 2-4 semaines): +1 Charisme, +0 Dextérité, début de besoin social. CONSOMMATION EXCESSIVE (2-3 verres/jour, 1-2 mois): +0 Charisme (haleine), désavantage Dextérité le matin sans gin, irritabilité. DÉPENDANCE (3+ verres/jour, 3+ mois): Malus -1 Charisme, -1 Constitution, tremblements permanents, le gin fait partie du rituel obligatoire.",1 heure par verre,Modéré,"2 verres par jour pendant 30 jours, ou binge drinking (4+ verres) 2 fois par semaine pendant 6 semaines. Les elfes ont une tolérance naturelle mais ne sont PAS immunisés.","Dégradation subtile mais réelle. Le gin-tonic est socialement acceptable, ce qui masque le danger. Semaine 1-4: Effets complets. Mois 2-3: La 'clarté d'esprit' devient illusion - le buveur pense mieux réfléchir avec un verre, mais c'est l'alcool qui parle. Mois 3-6: Le bonus Charisme devient illusion sociale - convaincu d'être charmant, devient insupportable ('drunk wisdom'). Mois 6+: Tremblements matinaux, besoin du verre pour 'fonctionner', les mains ne sont stables qu'après le premier gin.","ACCOUTUMANCE LÉGÈRE (1-2 mois): Rituel quotidien du gin-tonic après le travail, léger inconfort social sans gin, début de tolérance (besoin de 2 verres pour effet). ACCOUTUMANCE MODÉRÉE (3-6 mois): -1 Constitution, tremblements légers le matin, besoin de 3-4 verres/jour, dépenses excessives en gin premium (10-20% des revenus), déni de l'accoutumance ('je contrôle'). DÉPENDANCE SÉVÈRE (6+ mois): -1 Constitution, -1 Charisme permanents, tremblements constants sans alcool, impossible de fonctionner socialement sans gin, isolement social paradoxal (boit pour socialiser mais est alcoolique), risque de pancréatite.","SEVRAGE LÉGER (2-5 jours): Anxiété sociale intense, tremblements des mains, insomnie, irritabilité, envies puissantes. SEVRAGE MODÉRÉ (5-14 jours): Attaques de panique, transpiration excessive, incapacité à se concentrer, humeur dépressive, les mains tremblent trop pour tenir un arc (elfes archers). SEVRAGE LONG TERME (2-4 semaines): Dépression majeure, anhedonie (rien ne procure de plaisir), anxiété généralisée. Nécessite soutien psychologique + Calme des émotions régulier + substitution progressive (remplacer par tonic sans gin, puis thé). Les cercles sociaux elfiques organisent des 'soirées sans alcool' pour soutenir.","Botanique, frais, légèrement amer, notes de genièvre","Translucide avec bulles et rondelle de citron, élégant","Genièvre, citron, notes florales, parfums des forêts","Pétillant, glacé, rafraîchissant","Dans un verre ballon en cristal avec beaucoup de glace, garnir généreusement","Apéritif, poissons fumés, canapés élégants, soirées mondaines",Boire immédiatement tant que c'est frais,10 minutes max (bulles se dissipent),5,"Cocktail emblématique des soirées elfiques élégantes. La culture elfique valorise la sophistication et la modération, mais certains elfes de haute société cachent leur alcoolisme derrière l'élégance du gin-tonic. Les 'aperitifs' elfiques durent 3-4 heures, consommation de 4-6 gin-tonics courants. Le déni est fort: 'Ce n'est pas de l'alcoolisme, c'est du raffinement.'","Adapté d'une recette humaine par les elfes des bois vers 1850. Les hauts-elfes l'ont adopté rapidement pour leurs réceptions. Premier cas d'alcoolisme elfique documenté au gin: Lady Elenwe de Rivendell (1867), morte de cirrhose à seulement 450 ans.",,"Le ratio gin/tonic est important, ne pas noyer le gin. Traditionnellement 1 dose de gin (50ml) pour 3 de tonic (150ml). Certains elfes mettent 2-3 doses de gin, multipliant les risques. Compter ses verres est essentiel mais socialement mal vu dans les cercles elfiques ('tu brises l'ambiance').","DANGER SOCIAL MASQUÉ. Le gin-tonic étant socialement valorisé et élégant, il est facile de glisser dans l'alcoolisme 'respectable'. Les soirées elfiques où le gin coule peuvent durer des heures, normalisant la surconsommation. Beaucoup d'elfes développent une dépendance sans s'en rendre compte car 'c'est socialement acceptable'. Le ratio gin/tonic est crucial - certains bars elfiques servent du 'gin pur déguisé en gin-tonic' (très peu de tonic), augmentant les risques.","Accompagne parfaitement les discussions sous les étoiles, tant que c'est occasionnel. Les conseils elfiques ont récemment voté des lois limitant le nombre de gin-tonics servis par soirée (max 3), mais l'application est difficile. Des groupes de soutien elfiques 'Gin Anonymes' existent dans les grandes cités, mais y aller est vu comme un échec social. Le proverbe elfique dit: 'Un gin-tonic par pleine lune est tradition, un par jour est prison.'",68e299b29d039fe429249d79,2025-10-05T16:15:46.638000,2025-10-05T16:15:46.638000,68d133369c4bfb4942ca73e3,greg.demeulenaere@gmail.com,FALSE
Smoothie Draconique aux Baies,Boisson fruitée énergisante avec essence de dragon. Revigore instantanément.,,Boisson,Magique,Moyen,15,10 minutes,0,10 minutes,2,,38.25,Mixeur magique ou mortier,,Restaure 3d8+3 points de vie. +2 Force et Constitution pendant 4 heures. Résistance à un type de dégâts élémentaires (selon dragon) pendant 1 heure.,4 heures,,,,,,"Fruité intense, notes de puissance draconique",Rouge vif avec reflets iridescents,Baies fraîches avec arrière-goût sulfureux,"Épais, onctueux, énergisant",Boire juste avant un combat ou effort intense,"Seul, en boost d'énergie",Perd ses propriétés magiques après 1 heure,1 heure (magique),20,Boisson des aventuriers d'élite avant les donjons,Inventée par un alchimiste qui a survécu à une rencontre avec un dragon,,L'écaille doit être ajoutée en dernier sinon elle brûle les autres ingrédients,Peut causer des rêves de dragons. Ne pas consommer avant de dormir.,Les guerriers en redemandent toujours,68e2973d62ee4dfd14fa1c15,2025-10-05T16:05:17.857000,2025-10-05T16:05:17.857000,68d133369c4bfb4942ca73e3,greg.demeulenaere@gmail.com,FALSE
Gin Tonic des Forêts,Cocktail rafraîchissant aux baies de genièvre. Élégant et botanique.,,Boisson,Elfique,Facile,11,5 minutes,0,5 minutes,1,,4.25,"Verre long, cuillère à mélange",,"+1 Charisme, +1 Dextérité pendant 1 heure. Clarté d'esprit.",1 heure,,,,,,"Botanique, frais, légèrement amer",Translucide avec bulles et citron,"Genièvre, citron, notes florales","Pétillant, glacé",Dans un verre ballon avec beaucoup de glace,"Apéritif, poissons fumés",Boire immédiatement,10 minutes,5,Cocktail des soirées elfiques élégantes,Adapté d'une recette humaine par les elfes des bois,,"Le ratio gin/tonic est important, ne pas noyer le gin",,Accompagne parfaitement les discussions sous les étoiles,68e2973d62ee4dfd14fa1c16,2025-10-05T16:05:17.857000,2025-10-05T16:05:17.857000,68d133369c4bfb4942ca73e3,greg.demeulenaere@gmail.com,FALSE
Jus de Fruits de l'Arbre-Monde,Nectar de fruits magiques de l'Yggdrasil. Purifie et revitalise.,,Boisson,Druidique,Difficile,18,30 minutes,0,30 minutes,4,,101.4,"Pressoir en bois sacré, récipients en cristal",,Restaure 5d8+5 PV. Enlève toutes maladies et poisons. +3 à toutes caractéristiques pendant 8 heures. Régénération de 1 PV/round pendant 1 minute.,8 heures,,,,,,"Indescriptible, goût de vie pure",Doré avec lueurs arc-en-ciel,Parfum de printemps éternel,Liquide lumineux,"Dans des coupes en cristal, sous les arbres",Ne nécessite aucun accompagnement,Doit être conservé dans du cristal enchanté,1 an si correctement conservé,100,"Plus rare que les potions de soins supérieures, réservé aux héros","Recette secrète des archidruides, transmise oralement",,Un seul échec dans la préparation peut transformer le nectar en poison mortel,Ne doit être préparé que par un druide confirmé. Jet raté = poison.,"Vaut une petite fortune, pourrait financer une armée",68e2973d62ee4dfd14fa1c17,2025-10-05T16:05:17.857000,2025-10-05T16:05:17.857000,68d133369c4bfb4942ca73e3,greg.demeulenaere@gmail.com,FALSE
Bière Blonde Artisanale,Bière dorée rafraîchissante. Goût de malt et houblon équilibré.,,Boisson,Naine,Moyen,14,2 heures,14 jours (fermentation),14 jours,20,,15.4,"Cuve de brassage, fermenteur, tonneaux",,Bonus de +1 au Charisme pendant 1 heure. Effet d'alcool après 3 chopes.,1 heure,,,,,,"Malté, légèrement amer, rafraîchissant",Dorée brillante avec belle mousse blanche,"Houblon frais, pain grillé","Pétillante, mousse crémeuse",Servir fraîche (8°C) dans une chope,"Charcuterie, fromages, viandes grillées","Au frais, à l'abri de la lumière",6 mois en fût,1,"Boisson sacrée des nains, brassée pour chaque fête",Recette transmise de maître brasseur en apprenti depuis des siècles,,La température de fermentation est cruciale. Un échec au jet peut donner des arômes désagréables.,,Les nains considèrent un bon brasseur comme un artiste,68e2973d62ee4dfd14fa1c0b,2025-10-05T16:05:17.856000,2025-10-05T16:05:17.856000,68d133369c4bfb4942ca73e3,greg.demeulenaere@gmail.com,FALSE
Vin Rouge des Collines,Vin rubis profond aux tanins veloutés. Élégant et complexe.,,Boisson,Elfique,Difficile,18,1 journée,90 jours (fermentation + vieillissement),90 jours,50,,53,"Pressoir, cuves de fermentation, fûts de chêne, bouteilles",,+2 Charisme pour interactions sociales pendant 2 heures. Donne inspiration à un barde.,2 heures,,,,,,"Fruits rouges mûrs, tanins soyeux, notes de chêne",Rouge rubis profond avec reflets pourpres,"Cerise, mûre, vanille, épices douces","Velouté, rond en bouche","Carafer 1 heure avant, servir à 16-18°C","Viandes rouges, gibier, fromages affinés","Couché, à l'abri de la lumière, 12-14°C",5-20 ans selon millésime,2,Les elfes célèbrent leurs 100 ans avec un vin du même millésime,Art millénaire transmis par les hauts-elfes,Peut être fait avec raisins blancs pour vin blanc,Chaque étape demande précision. Un échec critique peut transformer le vin en vinaigre.,,Les meilleurs vins sont gardés pour les grandes occasions,68e2973d62ee4dfd14fa1c0c,2025-10-05T16:05:17.856000,2025-10-05T16:05:17.856000,68d133369c4bfb4942ca73e3,greg.demeulenaere@gmail.com,FALSE
Hydromel des Dieux,Breuvage sacré fermenté au miel. Doré et capiteux.,,Boisson,Nordique,Moyen,15,3 heures,60 jours,60 jours,30,,65,"Grande marmite, fermenteur, bouteilles",,"+1 Constitution, +2 Charisme pour 2 heures. Résistance au froid pendant 1 heure.",2 heures,,,,,,"Sucré miellé, épicé, chaleureux","Doré ambré, brillant","Miel, épices douces, notes florales","Onctueux, légèrement sirupeux",Servir frais ou chaud selon saison,"Viandes rôties, desserts aux fruits","Bouteilles couchées, au frais",Plusieurs années,3,Boisson des banquets vikings et cérémonies sacrées,Considéré comme le nectar des dieux nordiques,,Le ratio miel/eau détermine la force finale,,Meilleur après 6 mois de vieillissement,68e2973d62ee4dfd14fa1c0d,2025-10-05T16:05:17.856000,2025-10-05T16:05:17.856000,68d133369c4bfb4942ca73e3,greg.demeulenaere@gmail.com,FALSE
Cidre Pétillant des Vergers,Cidre effervescent aux pommes. Fruité et désaltérant.,,Boisson,Halfeline,Facile,12,4 heures,21 jours,21 jours,25,,17.5,"Pressoir, fermenteur, bouteilles résistantes à pression",,+1 Dextérité pendant 1 heure. Légère euphorie.,1 heure,,,,,,"Fruité, légèrement acidulé, rafraîchissant","Jaune paille, bulles fines","Pomme fraîche, notes florales","Pétillant, léger",Servir bien frais (6-8°C),"Fromages, tarte aux pommes, crêpes","Debout, au frais",1 an,0.8,Boisson traditionnelle des fêtes de la récolte des halfelins,,,"Attention à la pression en bouteille, risque d'explosion si trop de sucre",,Les halfelins organisent des concours du meilleur cidre,68e2973d62ee4dfd14fa1c0e,2025-10-05T16:05:17.856000,2025-10-05T16:05:17.856000,68d133369c4bfb4942ca73e3,greg.demeulenaere@gmail.com,FALSE
Café Noir Corsé,Café fort et aromatique. Réveille les morts.,,Boisson,Universelle,Facile,10,5 minutes,5 minutes,10 minutes,4,,6,"Cafetière, moulin à café",,Élimine 1 niveau de fatigue. +2 Perception pendant 4 heures. Désavantage aux jets de Sagesse (nervosité).,4 heures,,,,,,"Amer, corsé, notes de chocolat et noisette",Noir profond avec crema dorée,"Torréfaction intense, caramélisé","Liquide dense, huileux","Chaud, avec ou sans sucre/lait","Viennoiseries, chocolat","Boire frais, café moulu à garder au sec","30 minutes (optimal), grains 6 mois",2,Rituel matinal des magiciens et érudits,Introduit par les marchands des îles lointaines,,Eau trop chaude rend le café amer,,Interdit de réveiller un magicien avant son café,68e2973d62ee4dfd14fa1c0f,2025-10-05T16:05:17.856000,2025-10-05T16:05:17.856000,68d133369c4bfb4942ca73e3,greg.demeulenaere@gmail.com,FALSE
Thé Elfique aux Épices,Thé noir parfumé d'épices orientales. Réconfortant et énergisant.,,Boisson,Elfique,Facile,10,5 minutes,10 minutes,15 minutes,4,,6.6,"Casserole, passoire fine",,"+1 Sagesse, +1 Concentration pendant 4 heures. Avantage aux jets de Perception.",4 heures,,,,,,"Épicé, crémeux, légèrement sucré",Brun laiteux avec reflets dorés,"Cannelle, cardamome, gingembre","Onctueux, velouté",Servir très chaud dans des tasses fines,"Biscuits, pâtisseries aux amandes",Boire frais,2 heures,2,Servi lors des conseils elfiques et cérémonies,Recette rapportée par les elfes voyageurs d'Orient,,Les elfes ont un rituel précis de préparation,,Favorise la méditation et la clarté d'esprit,68e2973d62ee4dfd14fa1c10,2025-10-05T16:05:17.856000,2025-10-05T16:05:17.856000,68d133369c4bfb4942ca73e3,greg.demeulenaere@gmail.com,FALSE
Limonade Magique Pétillante,Limonade enchantée qui pétille d'elle-même. Rafraîchissante et énergisante.,,Boisson,Magique,Moyen,14,15 minutes,0,15 minutes,6,,13.5,"Pichet, presse-agrumes",,Restaure 1d4 emplacements de sorts de niveau 1. +1 Charisme pendant 2 heures. Lévitation de 1cm pendant 1 minute.,2 heures,,,,,,"Acidulé, sucré, pétille sur la langue",Jaune pâle avec éclats scintillants,"Citron frais, menthe, notes magiques sucrées",Pétillant magiquement sans CO2,Dans des verres transparents pour voir les étincelles,Parfait seul ou avec desserts légers,Perd sa magie après 4 heures,"4 heures (magie), 2 jours (boisson normale)",3,Boisson festive des académies de magie,Inventée par un apprenti sorcier distrait qui a laissé tomber de la poussière de fée dans sa limonade,,"Le sens de rotation pour mélanger est crucial, sinon la boisson peut exploser","Ne pas consommer plus de 2 verres par jour, risque de lévitation incontrôlée",Les enfants adorent les bulles magiques,68e2973d62ee4dfd14fa1c11,2025-10-05T16:05:17.856000,2025-10-05T16:05:17.856000,68d133369c4bfb4942ca73e3,greg.demeulenaere@gmail.com,FALSE
Grog du Pirate,Rhum chaud épicé. Réchauffe le corps et l'esprit.,,Boisson,Maritime,Très facile,8,5 minutes,5 minutes,10 minutes,4,,4.7,"Casserole, louche",,+2 Constitution contre le froid pendant 4 heures. Ignore 1 niveau de fatigue. +1 Force pendant 1 heure.,4 heures,,,,,,"Chaud, épicé, alcoolisé, réconfortant",Ambré fumant avec rondelle de citron,"Rhum, cannelle, citron",Chaud et réconfortant,"Dans des chopes en étain, très chaud","Biscuits de mer, fruits secs",Boire immédiatement,30 minutes,1.5,"Ration quotidienne des marins, cure contre le scorbut",Inventé par l'amiral Grog pour réduire l'ivresse à bord,,"Ne jamais faire bouillir le rhum, il perd ses arômes",,Sauve des vies lors des tempêtes glacées,68e2973d62ee4dfd14fa1c12,2025-10-05T16:05:17.856000,2025-10-05T16:05:17.856000,68d133369c4bfb4942ca73e3,greg.demeulenaere@gmail.com,FALSE
Thé Glacé de l'Oasis,Thé vert glacé à l'hibiscus. Désaltérant et rafraîchissant.,,Boisson,Désertique,Facile,10,10 minutes,10 minutes (+ 2h refroidissement),2h20,6,,5.7,"Pichet, passoire",,Immunité contre coup de chaleur pendant 8 heures. Restaure 1d4 points de vie. +1 Sagesse.,8 heures,,,,,,"Acidulé, mentholé, légèrement sucré",Rouge rubis avec feuilles de menthe,"Hibiscus, menthe fraîche, citron","Glacé, désaltérant",Très frais avec beaucoup de glace,Parfait seul sous le soleil,Au frais,2 jours,1,Boisson essentielle des caravanes du désert,Sauve les voyageurs de la déshydratation,,La glace magique ne dilue pas la boisson,,Essentiel dans toute oasis qui se respecte,68e2973d62ee4dfd14fa1c13,2025-10-05T16:05:17.856000,2025-10-05T16:05:17.856000,68d133369c4bfb4942ca73e3,greg.demeulenaere@gmail.com,FALSE
Lait de Poule Festif,Boisson crémeuse épicée aux œufs. Tradition des fêtes d'hiver.,,Boisson,Nordique,Moyen,13,10 minutes,15 minutes,25 minutes,8,,5.2,"Casserole, fouet, bols",,"+1 Constitution, +2 Charisme pendant 3 heures. Réchauffement garanti.",3 heures,,,,,,"Crémeux, épicé, chaleureux",Jaune pâle crémeux avec mousse,"Cannelle, muscade, vanille, rhum","Velouté, mousseux",Servir dans des tasses avec paille de cannelle,"Biscuits de Noël, pain d'épices",Consommer frais ou froid,2 jours au frais,1.5,Boisson traditionnelle du solstice d'hiver,Recette ancestrale pour célébrer les longues nuits d'hiver,,Attention à ne pas cuire les œufs lors de l'ajout du lait chaud,"Contient œufs crus, consommer rapidement",Encore meilleur avec une double dose de rhum,68e2973d62ee4dfd14fa1c14,2025-10-05T16:05:17.856000,2025-10-05T16:05:17.856000,68d133369c4bfb4942ca73e3,greg.demeulenaere@gmail.com,FALSE
Pommes de Terre Rôties au Beurre,"Le plat réconfortant le plus simple. Doré, croustillant et fondant.",,Accompagnement,Paysanne,Très facile,8,10 minutes,40 minutes,50 minutes,4,,1.8,"Four, plat à four, couteau",,,,,,,,,Doux et beurré avec une pointe d'herbes,Quartiers dorés brillants,Parfum réconfortant de beurre et pommes de terre rôties,"Croustillant dehors, fondant dedans",Accompagne toutes les viandes et poissons,"Viandes grillées, poissons",Se réchauffe au four,2 jours,0.5,Plat de base dans chaque foyer,,,Bien sécher les pommes de terre pour plus de croustillant,,Impossible à rater,68e295d4d669d09f29993cd2,2025-10-05T15:59:16.723000,2025-10-05T15:59:16.723000,68d133369c4bfb4942ca73e3,greg.demeulenaere@gmail.com,FALSE
Salade Verte Simple,Salade fraîche classique. Vinaigrette légère.,,Entrée,Universelle,Très facile,5,5 minutes,0,5 minutes,4,,0.9,"Saladier, fouet",,,,,,,,,Frais et léger avec acidité équilibrée,Feuilles vertes brillantes,Fraîcheur végétale et notes de vinaigre,Croquant et tendre,En entrée ou accompagnement,,Ne pas assaisonner à l'avance,Consommer immédiatement,0.3,,,,Assaisonner au dernier moment pour le croquant,,Base de toute alimentation saine,68e295d4d669d09f29993cd3,2025-10-05T15:59:16.723000,2025-10-05T15:59:16.723000,68d133369c4bfb4942ca73e3,greg.demeulenaere@gmail.com,FALSE
Œufs Brouillés Crémeux,Œufs onctueux et baveux. Petit-déjeuner parfait.,,Plat principal,Universelle,Très facile,8,2 minutes,5 minutes,7 minutes,2,,1,"Poêle anti-adhésive, fouet",,,,,,,,,"Onctueux, crémeux, délicat","Jaune pâle, texture nuageuse",Doux parfum de beurre et œufs,Baveux et fondant,"Sur pain grillé, avec bacon","Pain toasté, bacon, champignons",Ne se conserve pas,Consommer immédiatement,1,,,,"Cuisson douce et constante, ne pas trop cuire",,Réconfort matinal garanti,68e295d4d669d09f29993cd4,2025-10-05T15:59:16.723000,2025-10-05T15:59:16.723000,68d133369c4bfb4942ca73e3,greg.demeulenaere@gmail.com,FALSE
Tartine de Fromage Frais et Tomate,Simplicité parfaite. Fraîcheur et saveurs équilibrées.,,Entrée,Méditerranéenne,Très facile,5,5 minutes,0,5 minutes,2,,2.1,"Couteau, planche",,,,,,,,,"Frais, acidulé, crémeux","Couleurs vives : blanc, rouge, vert",Parfum de basilic et tomate fraîche,"Pain croustillant, fromage crémeux, tomate juteuse",Apéritif ou déjeuner léger,"Vin blanc frais, rosé",À préparer juste avant,Consommer immédiatement,1.5,Classique des terrasses ensoleillées,,,Tomates bien mûres pour plus de saveur,,Parfait pour l'été,68e295d4d669d09f29993cd5,2025-10-05T15:59:16.723000,2025-10-05T15:59:16.723000,68d133369c4bfb4942ca73e3,greg.demeulenaere@gmail.com,FALSE
Pâtes au Beurre et Parmesan,La recette la plus simple du monde. Réconfortante à souhait.,,Plat principal,Italienne,Très facile,6,2 minutes,10 minutes,12 minutes,4,,4.8,"Grande casserole, passoire",,,,,,,,,"Onctueux, beurré, salé par le parmesan",Pâtes jaune doré brillantes,Beurre fondu et fromage,Pâtes enrobées de sauce crémeuse,Servir très chaud,"Vin blanc léger, salade verte",Ne se réchauffe pas bien,Consommer immédiatement,2,Plat de comfort food universel,,,Utiliser l'eau de cuisson pour lier la sauce,,Le repas de dernière minute idéal,68e295d4d669d09f29993cd6,2025-10-05T15:59:16.723000,2025-10-05T15:59:16.723000,68d133369c4bfb4942ca73e3,greg.demeulenaere@gmail.com,FALSE
Fraises au Sucre,Dessert estival parfait. Simplicité et fraîcheur.,,Dessert,Universelle,Très facile,5,5 minutes,0 (macération 30 min),35 minutes,4,,2.85,Saladier,,,,,,,,,"Sucré-acidulé, intensément fruité",Rouge vif brillant dans leur jus,Parfum enivrant de fraises fraîches,Juteux et tendre,"Nature, avec crème fouettée ou glace vanille","Crème Chantilly, glace, champagne",Consommer dans les 24h,1 jour,1,Dessert emblématique de l'été,,,Le sucre fait ressortir le jus naturel,,Peut aussi se faire avec d'autres fruits rouges,68e295d4d669d09f29993cd7,2025-10-05T15:59:16.723000,2025-10-05T15:59:16.723000,68d133369c4bfb4942ca73e3,greg.demeulenaere@gmail.com,FALSE
Chocolat Chaud Onctueux,Boisson réconfortante par excellence. Riche et veloutée.,,Boisson,Universelle,Très facile,7,2 minutes,5 minutes,7 minutes,2,,6.54,"Casserole, fouet",,"+1 moral temporaire, sensation de chaleur",1 heure,,,,,,"Riche, chocolaté, légèrement sucré","Brun foncé, surface brillante",Chocolat intense avec notes de vanille,Velouté et onctueux,Avec marshmallows ou crème fouettée,"Biscuits, brioches",Se réchauffe doucement,Consommer chaud,4,Boisson des soirées hivernales,,,Ne pas faire bouillir pour éviter l'amertume,,Réconfort liquide garanti,68e295d4d669d09f29993cd8,2025-10-05T15:59:16.723000,2025-10-05T15:59:16.723000,68d133369c4bfb4942ca73e3,greg.demeulenaere@gmail.com,FALSE
Thé à la Menthe Rafraîchissant,Boisson désaltérante et digestive. Parfaite après les repas.,,Boisson,Orientale,Très facile,6,2 minutes,5 minutes,7 minutes,4,,1.36,"Théière, tasses",,"Aide à la digestion, rafraîchit l'haleine",2 heures,,,,,,"Frais, mentholé, légèrement sucré",Vert pâle avec mousse blanche,Menthe puissante et vivifiante,Liquide léger,Chaud ou glacé avec glaçons,"Pâtisseries orientales, fruits secs",Se boit frais ou chaud,Dans la journée,0.5,Symbole d'hospitalité dans le désert,,,Le geste de verser en hauteur est important,,Parfait après un repas copieux,68e295d4d669d09f29993cd9,2025-10-05T15:59:16.723000,2025-10-05T15:59:16.723000,68d133369c4bfb4942ca73e3,greg.demeulenaere@gmail.com,FALSE
Pain Perdu au Miel,Dessert ou petit-déjeuner gourmand. Transforme le pain rassis.,,Dessert,Universelle,Très facile,8,5 minutes,8 minutes,13 minutes,4,,1.74,"Poêle, plat creux",,,,,,,,,"Sucré, moelleux, caramélisé",Doré brillant au miel,"Pain grillé, vanille, miel","Croustillant dehors, fondant dedans",Avec fruits frais ou crème,"Fruits rouges, glace vanille",Meilleur consommé chaud,Consommer immédiatement,1,Recette anti-gaspillage ancestrale,,,Le pain rassis fonctionne mieux,,Les enfants adorent,68e295d4d669d09f29993cda,2025-10-05T15:59:16.723000,2025-10-05T15:59:16.723000,68d133369c4bfb4942ca73e3,greg.demeulenaere@gmail.com,FALSE
Soupe de Tomates Express,Soupe réconfortante prête en 15 minutes. Simplicité parfaite.,,Soupe,Méditerranéenne,Très facile,7,5 minutes,15 minutes,20 minutes,4,,3.5,"Casserole, mixeur",,,,,,,,,"Fruité, légèrement acidulé, réconfortant",Rouge orangé éclatant,Tomates cuites et basilic,Velouté lisse,Avec croûtons et crème fraîche,"Pain grillé, parmesan râpé",Se réchauffe bien,3 jours,1.5,Classique des repas rapides,,,Ajouter une pincée de sucre si trop acide,,Encore meilleure le lendemain,68e295d4d669d09f29993cdb,2025-10-05T15:59:16.723000,2025-10-05T15:59:16.723000,68d133369c4bfb4942ca73e3,greg.demeulenaere@gmail.com,FALSE
Civet de Lapin aux Champignons Lumineux,Ragoût rustique et réconfortant avec une touche magique qui illumine le plat.,,Plat principal,Paysanne,Moyen,13,45 minutes,2 heures,2h45,6,,23.9,"Cocotte en fonte, couteau",,"Vision nocturne faible pendant 4 heures, le plat brille légèrement",4 heures,,,,,,Saveur riche de gibier avec notes terreuses des champignons,Ragoût brun foncé qui luit subtilement dans l'obscurité,Parfum rustique de ragoût avec une pointe de forêt,Viande fondante qui se détache de l'os,Avec des pommes de terre ou polenta crémeuse,"Vin rouge corsé, pain de campagne",Se bonifie en réchauffant,4 jours,6,Plat traditionnel des chasseurs et fermiers,,,La marinade préalable attendrit davantage la viande,,Idéal pour les soirées d'hiver à la campagne,68e2952e0b5bce32ea0851c7,2025-10-05T15:56:30.734000,2025-10-05T15:56:30.734000,68d133369c4bfb4942ca73e3,greg.demeulenaere@gmail.com,FALSE
Médaillons de Venaison Sauce aux Baies de Vitalité,Plat noble et raffiné. La viande de cerf mariée aux baies créé une harmonie parfaite.,,Plat principal,Noble,Difficile,17,30 minutes,25 minutes,55 minutes,4,,52.2,"Poêle, casserole, thermomètre à viande",,"Guérit 2d4 points de vie, +1 Constitution pendant 8 heures",8 heures,,,,,,Gibier délicat avec sauce fruitée légèrement sucrée,Médaillons rosés nappés de sauce pourpre brillante,Parfum forestier avec notes de fruits rouges,"Viande tendre et rosée, sauce veloutée",Avec purée de céleri-rave ou légumes rôtis,"Grand vin rouge, gelée de groseille",La viande ne se réchauffe pas bien,Consommer immédiatement,22,Plat des banquets nobles et chasses royales,,,"Ne pas trop cuire la venaison, elle doit rester rosée",,La cuisson parfaite est cruciale,68e2952e0b5bce32ea0851c8,2025-10-05T15:56:30.734000,2025-10-05T15:56:30.734000,68d133369c4bfb4942ca73e3,greg.demeulenaere@gmail.com,FALSE
Terrine de Sanglier aux Noisettes et Lierre de Fer,Charcuterie robuste qui fortifie. Parfaite pour les longs voyages.,,Conserve,Forestière,Moyen,14,1 heure,3 heures,4 heures + 2 jours repos,16,,30.7,"Hachoir, terrine, four",,"+2 CA naturelle pendant 8 heures, +1 Force",8 heures,,,,,,Saveur puissante de gibier avec croquant des noisettes,Tranche brune marbrée de gras et noisettes,Parfum rustique et herbacé,Texture grossière avec morceaux croquants,En tranches épaisses avec pain et cornichons,"Vin rouge tannique, moutarde",Se conserve 3 semaines au frais,3 semaines,3,Provision des chasseurs et guerriers,,,Le repos est essentiel pour les saveurs,,Idéal pour les rations d'aventuriers,68e2952e0b5bce32ea0851c9,2025-10-05T15:56:30.734000,2025-10-05T15:56:30.734000,68d133369c4bfb4942ca73e3,greg.demeulenaere@gmail.com,FALSE
Faisan Farci à la Truffe Noire et Foie Gras,Sommet de la cuisine noble. Alliance parfaite de trois ingrédients légendaires.,,Plat principal,Haute cuisine,Très difficile,22,2 heures,45 minutes,2h45,4,,316.5,"Four, ficelle de cuisine, aiguille à brider",,"+2 Charisme pendant 12 heures, les autres créatures sont impressionnées",12 heures,,,,,,"Harmonie sublime entre gibier, foie gras et truffe",Volaille dorée et brillante truffée,Parfum envoûtant de truffe qui embaume la pièce,"Chair délicate du faisan, fondant du foie gras","Découper en salle, servir avec légumes glacés","Grand cru classé, purée de topinambours",Ne se conserve pas,Consommer immédiatement,120,Plat des couronnements et mariages royaux,Recette créée pour un empereur elfe il y a 500 ans,,La truffe doit être insérée juste avant cuisson,"Plat excessivement coûteux, réserver aux grandes occasions",Peut nécessiter plusieurs tentatives pour maîtriser,68e2952e0b5bce32ea0851ca,2025-10-05T15:56:30.734000,2025-10-05T15:56:30.734000,68d133369c4bfb4942ca73e3,greg.demeulenaere@gmail.com,FALSE
Bouillabaisse de Langouste Royale,Soupe de poissons méditerranéenne élevée au rang de plat royal par la langouste.,,Soupe,Côtière,Difficile,18,1h30,1 heure,2h30,8,,220.5,"Grande marmite, mortier, tamis",,"Vision brève de l'avenir (comme Augure), +2 Sagesse pendant 8 heures",8 heures,,,,,,Explosion de saveurs marines avec la touche céleste du safran,Soupe orange vif qui scintille subtilement,Parfum puissant d'océan et d'épices avec notes stellaires,Bouillon corsé avec chair ferme de langouste,"Avec rouille, croûtons et gruyère râpé",Vin rosé de Provence bien frais,Se réchauffe bien,2 jours,45,Plat des grandes fêtes maritimes,,,Le safran stellaire doit être infusé au dernier moment,,Les propriétés divinatoires sont réelles et puissantes,68e2952e0b5bce32ea0851cb,2025-10-05T15:56:30.734000,2025-10-05T15:56:30.734000,68d133369c4bfb4942ca73e3,greg.demeulenaere@gmail.com,FALSE
Saumon Gravlax aux Herbes Elfiques,"Saumon mariné à froid selon la tradition nordique, sublimé par les herbes elfes.",,Entrée,Nordique,Moyen,15,45 minutes,0 (marinade 48h),48 heures,12,,39,"Plat profond, poids (pierre ou livres)",,"Avantage aux jets de Sagesse pendant 6 heures, calme mental",6 heures,,,,,,Saumon soyeux avec fraîcheur citronnée et notes de thé,Tranches roses translucides parsemées d'herbes,"Parfum délicat d'aneth, thé et agrumes",Chair fondante qui se découpe comme du beurre,Sur blinis avec crème aigre et aneth,"Aquavit glacé, vodka, champagne",Se conserve 1 semaine au frais,7 jours,8,Plat traditionnel des fêtes elfiques du solstice d'hiver,,,"La patience est la clé, ne pas presser la marinade",,Parfait pour les buffets et réceptions,68e2952e0b5bce32ea0851cc,2025-10-05T15:56:30.734000,2025-10-05T15:56:30.734000,68d133369c4bfb4942ca73e3,greg.demeulenaere@gmail.com,FALSE
Truite Argentée au Beurre de Fleur de Givre,Poisson délicat cuit au beurre magique. Le contraste chaud-froid crée une expérience unique.,,Plat principal,Elfique,Moyen,15,20 minutes,15 minutes,35 minutes,2,,74.7,"Poêle, pilon et mortier",,Résistance aux dégâts de feu pendant 2 heures,2 heures,,,,,,Poisson fondant avec une fraîcheur glaciale qui persiste en bouche,Filets dorés nappés de beurre blanc cristallin avec amandes grillées,Parfum frais de montagne avec notes citronnées,"Chair floconneuse et tendre, beurre crémeux",Servir sur assiette préchauffée pour le contraste thermique,"Vin blanc sec bien frais, légumes vapeur","Ne se conserve pas, consommer immédiatement",Immédiat,50,Plat signature des auberges alpines elfiques,,,Le beurre de givre doit être ajouté hors du feu pour préserver ses propriétés,,La sensation de fraîcheur persiste même avec le poisson chaud,68e29430df16a667f1f97041,2025-10-05T15:52:16.099000,2025-10-05T15:52:16.099000,68d133369c4bfb4942ca73e3,greg.demeulenaere@gmail.com,FALSE
Pot-au-Feu Fortifiant,Plat traditionnel roboratif qui rassasie et fortifie. Nourriture de base des paysans.,,Plat principal,Humaine,Facile,10,30 minutes,4 heures,4h30,8,,12.5,"Grande marmite, écumoire",,"+1 Constitution pendant 8 heures, retire 1 niveau d'épuisement",8 heures,,,,,,Saveurs riches et réconfortantes du bouillon et de la viande fondante,Bouillon doré clair avec viande et légumes colorés,Arôme chaleureux de pot-au-feu traditionnel,"Viande tendre, légumes fondants, bouillon velouté","Servir le bouillon d'abord, puis viande et légumes avec cornichons","Pain de campagne, moutarde forte, gros sel","Se conserve 5 jours, se bonifie en réchauffant",5 jours,3,Plat familial dominical traditionnel,Recette millénaire transmise de génération en génération,,La cuisson lente est essentielle pour un bouillon clair et savoureux,,,68e29430df16a667f1f97042,2025-10-05T15:52:16.099000,2025-10-05T15:52:16.099000,68d133369c4bfb4942ca73e3,greg.demeulenaere@gmail.com,FALSE
Salade de Pieuvre Marinée à l'Algue Luminescente,Entrée rafraîchissante et élégante des côtes. L'algue apporte une touche iodée unique.,,Entrée,Côtière,Moyen,14,45 minutes,1 heure,1h45,4,,27.8,"Grande casserole, saladier",,+1 Intelligence pendant 4 heures (oméga-3 des algues),4 heures,,,,,,Fraîcheur iodée avec la tendresse de la pieuvre et l'acidité du citron,Salade colorée avec une subtile luminescence verte de l'algue,Parfum de mer et d'agrumes,Pieuvre tendre et légèrement croquante,Servir frais avec du pain grillé,"Vin blanc sec, ouzo",Se conserve 3 jours mariné,3 jours,12,Spécialité des villages de pêcheurs,,,Le bouchon de liège aide à attendrir la pieuvre,,Brille légèrement dans l'obscurité grâce aux algues,68e29430df16a667f1f97043,2025-10-05T15:52:16.099000,2025-10-05T15:52:16.099000,68d133369c4bfb4942ca73e3,greg.demeulenaere@gmail.com,FALSE
Rillettes de Cochon Noir aux Herbes,Préparation charcutière onctueuse parfaite pour les voyages. Se conserve longtemps.,,Conserve,Paysanne,Facile,10,30 minutes,4 heures,4h30,12,,12.6,"Grande cocotte, pots en grès",,"Très nourrissant, +2 points de vie temporaires par portion",Instantané,,,,,,Riche et savoureux avec des notes herbacées,Préparation brune foncée dans des pots sous une couche de graisse,Parfum de charcuterie aux herbes,Texture effilochée et grasse qui fond sur le pain,Tartiner sur du pain grillé avec cornichons,"Pain de campagne, vin rouge léger","Sous graisse au frais, plusieurs mois",6 mois sous graisse,2,Provision essentielle pour les voyages,,,La couche de graisse protège de l'air et conserve,,Idéal pour les aventuriers,68e29430df16a667f1f97044,2025-10-05T15:52:16.099000,2025-10-05T15:52:16.099000,68d133369c4bfb4942ca73e3,greg.demeulenaere@gmail.com,FALSE
Bisque de Crabe Géant,Soupe crémeuse luxueuse. Le summum de la cuisine des crustacés.,,Soupe,Raffinée,Difficile,18,1 heure,1h30,2h30,6,,52.9,"Grande marmite, mixeur, tamis fin",,+1 Charisme pendant 6 heures (plat si raffiné qu'il rend confiant),6 heures,,,,,,Velouté riche et crémeux avec une saveur concentrée de crustacés,Soupe orange-corail crémeuse avec morceaux de chair de crabe,Parfum intense de fruits de mer et de crème,Velouté parfaitement lisse et onctueux,Servir très chaud dans des bols préchauffés avec croûtons,"Vin blanc sec et élégant, pain grillé à l'ail",Se conserve 2 jours au frais,2 jours,18,Plat de fête dans les villes portuaires,,,Bien filtrer pour une texture parfaitement lisse,,Le flambrage au cognac est crucial pour la profondeur de saveur,68e29430df16a667f1f97045,2025-10-05T15:52:16.099000,2025-10-05T15:52:16.099000,68d133369c4bfb4942ca73e3,greg.demeulenaere@gmail.com,FALSE
Magret de Canard Laqué au Miel et Mousse de Mémoire,Plat sophistiqué qui stimule l'esprit tout en régalant le palais.,,Plat principal,Raffinée,Difficile,17,30 minutes,25 minutes,55 minutes,4,,42.5,"Poêle, pinceau, four",,"Avantage aux jets d'Intelligence pendant 6 heures, peut se souvenir parfaitement d'une scène vécue",6 heures,,,,,,Canard juteux avec un glaçage sucré-salé et notes herbacées de la mousse,Magret brillant laqué avec croûte dorée et poudre verte,Parfum envoûtant de miel caramélisé et d'épices,"Peau croustillante, chair rosée et tendre",Trancher en éventail et servir avec légumes sautés,"Vin rouge fruité, purée de patate douce",Consommer immédiatement pour texture optimale,1 jour,18,Plat des érudits et sages avant les examens,,,La cuisson rosée est cruciale pour la tendreté,,Les effets de mémoire sont remarquables,68e29430df16a667f1f97046,2025-10-05T15:52:16.099000,2025-10-05T15:52:16.099000,68d133369c4bfb4942ca73e3,greg.demeulenaere@gmail.com,FALSE
Ragoût de Sanglier aux Champignons Lumineux,Un ragoût copieux et savoureux qui brille doucement dans le noir. Plat favori des mineurs nains.,,Plat principal,Naine,Facile,10,30 minutes,3 heures,3h30,6,,24,"Grande marmite en fonte, couteau de boucher",,Confère une vision nocturne faible (6 mètres) pendant 4 heures,4 heures,,,,,,Riche et savoureux avec une touche umami des champignons. La viande est fondante.,Ragoût brun foncé avec une lueur bleutée subtile provenant des champignons,Arôme robuste de gibier mêlé aux notes terreuses des champignons,"Viande tendre qui se défait, sauce onctueuse",Servir chaud dans des bols en pierre avec du pain de campagne,"Bière brune naine, pain noir aux graines",Se conserve 5 jours au frais,5 jours,6,Plat traditionnel des mineurs nains qui travaillent dans l'obscurité,Créé par les nains de Mithral Hall il y a des siècles,,Ne pas cuire les champignons trop longtemps pour préserver leurs propriétés luminescentes,,La lueur des champignons persiste dans le plat fini,68e29304062c229af79b9c71,2025-10-05T15:47:16.370000,2025-10-05T15:47:16.370000,68d133369c4bfb4942ca73e3,greg.demeulenaere@gmail.com,FALSE
Lapin Lunaire Rôti à l'Herbe d'Argent,Plat délicat et raffiné favori de la noblesse elfique. La viande fond en bouche.,,Plat principal,Elfique,Difficile,18,45 minutes,1 heure,1h45,4,,53.6,"Rôtissoire, four, pinceau de cuisine",,+1 aux jets de Sagesse et vision nocturne pendant 6 heures,6 heures,,,,,,Viande délicate et légèrement sucrée avec des notes herbacées subtiles,"Viande nacrée avec un léger éclat argenté, peau croustillante dorée",Parfum frais et lunaire de l'herbe d'argent mêlé au rôti,Chair tendre qui se détache facilement de l'os,Servir avec des légumes racines rôtis et une réduction de vin,"Vin blanc elfique léger, salade de pousses printanières",Consommer le jour même pour préserver les propriétés magiques,1 jour,22,Plat servi lors des banquets de la haute société elfique sous la pleine lune,Recette millénaire des cuisiniers royaux de Evermeet,Peut être préparé avec du vin rouge pour une version plus robuste,Badigeonner régulièrement pour garder la viande humide,Les propriétés magiques sont réduites si le plat est réchauffé,,68e29304062c229af79b9c72,2025-10-05T15:47:16.370000,2025-10-05T15:47:16.370000,68d133369c4bfb4942ca73e3,greg.demeulenaere@gmail.com,FALSE
Sashimi de Poisson Cristallin,Plat ultra-raffiné où le poisson cru révèle toute sa pureté. Réservé aux plus fins gourmets.,,Entrée,Exotique,Très difficile,22,30 minutes,0 minute,30 minutes,2,,109.5,"Couteau à sashimi parfaitement aiguisé, planche en bois de cèdre",,Purifie l'organisme des toxines et maladies mineures. +2 aux jets de sauvegarde contre le poison pendant 24h,24 heures,,,,,,Goût pur et délicat d'eau de source avec une texture fondante,Tranches translucides qui semblent contenir de minuscules cristaux de glace,Parfum frais de montagne et de citron,Fond sur la langue comme de la neige,Servir immédiatement sur assiette glacée avec un vin blanc très frais,"Vin blanc glacé, saké de riz elfique","Ne se conserve pas, doit être consommé immédiatement",Immédiat,73,Considéré comme le summum de la cuisine raffinée,Technique importée des moines des montagnes glacées,Impossible de varier sans perdre l'essence du plat,La température et la fraîcheur sont absolument critiques,Risque d'intoxication si le poisson n'est pas ultra-frais,Nécessite une maîtrise parfaite du couteau,68e29304062c229af79b9c73,2025-10-05T15:47:16.370000,2025-10-05T15:47:16.370000,68d133369c4bfb4942ca73e3,greg.demeulenaere@gmail.com,FALSE
Volaille Dorée Farcie aux Baies de Vitalité,Plat festif qui restaure l'énergie et la santé. Populaire lors des célébrations.,,Plat principal,Humaine,Moyen,15,45 minutes,2 heures,2h45,4,,32.2,"Four, plat à rôtir, ficelle de cuisine",,Restaure 2d4+2 points de vie et retire 1 niveau d'épuisement,Instantané,,,,,,Volaille juteuse avec une farce sucrée-salée des baies,Volaille dorée éclatante avec un jus brillant,Parfum chaleureux de rôti aux notes fruitées,"Peau croustillante, chair tendre et juteuse, farce moelleuse",Servir entière à table pour un effet spectaculaire,"Vin blanc sec, purée de pommes de terre, légumes rôtis",Se conserve 3 jours au frais,3 jours,13,Plat traditionnel des fêtes de fin d'année,Recette paysanne améliorée au fil des générations,Peut être farcie avec d'autres fruits ou champignons,Arroser toutes les 20 minutes pour une peau parfaitement dorée,,,68e29304062c229af79b9c74,2025-10-05T15:47:16.370000,2025-10-05T15:47:16.370000,68d133369c4bfb4942ca73e3,greg.demeulenaere@gmail.com,FALSE
Médaillons de Venaison au Piment de Feu,Plat noble et épicé qui réchauffe le corps. Favori des chasseurs des terres froides.,,Plat principal,Humaine,Difficile,18,30 minutes,20 minutes,50 minutes,4,,38.8,"Poêle en fonte, pilon et mortier",,"Résistance aux dégâts de froid pendant 4 heures, +1 en Force pendant 1 heure","4 heures (froid), 1 heure (Force)",,,,,,Viande noble et savoureuse avec un kick épicé intense mais équilibré,Médaillons parfaitement saisis avec une sauce rouge-orangée,Arôme puissant de gibier relevé par les épices,"Médaillons tendres rosés à cœur, sauce veloutée",Servir immédiatement avec une purée de céleri-rave,"Vin rouge tannique, légumes racines rôtis","Se conserve 2 jours, réchauffer délicatement",2 jours,16,Plat traditionnel des chasseurs des montagnes,Créé par les rangers des terres glacées du Nord,Peut être préparé avec d'autres viandes nobles,Ne pas trop cuire la venaison pour qu'elle reste rosée,"Les piments peuvent être très forts, ajuster selon tolérance",,68e29304062c229af79b9c75,2025-10-05T15:47:16.370000,2025-10-05T15:47:16.370000,68d133369c4bfb4942ca73e3,greg.demeulenaere@gmail.com,FALSE
Bouillon Régénérant de Troll,Bouillon magique aux propriétés curatives extraordinaires. Aspect peu engageant mais efficacité redoutable.,,Soupe,Alchimique,Très difficile,22,1 heure,12 heures,13 heures,8,,189,"Grande marmite en cuivre, tamis fin, gants de protection",,Régénère 1 point de vie par round pendant 10 rounds. Retire toutes les maladies et poisons. Peut réattacher un membre sectionné si consommé dans l'heure suivant la blessure.,10 rounds de régénération,,,,,,"Goût étrange mais pas désagréable, légèrement métallique avec des notes herbacées",Liquide verdâtre trouble qui pulse légèrement,Odeur forte et médicinale avec des notes terreuses,Bouillon épais et légèrement gélatineux,Servir très chaud dans des bols en étain,"Pain complet, rien d'autre nécessaire","Conservation difficile, consommer dans les 24h",24 heures,47,Recette secrète des alchimistes-cuisiniers,Découverte accidentelle par un alchimiste affamé,Certains ajoutent des champignons rares pour amplifier l'effet,La cuisson longue est cruciale pour extraire les propriétés régénératives,La langue doit être ABSOLUMENT neutralisée d'abord ou elle continue de repousser dans la marmite,Peut sauver une vie en situation critique,68e29304062c229af79b9c76,2025-10-05T15:47:16.370000,2025-10-05T15:47:16.370000,68d133369c4bfb4942ca73e3,greg.demeulenaere@gmail.com,FALSE
Civet de Bulette aux Truffes des Profondeurs,Plat rustique et puissant pour les aventuriers. La viande coriace devient tendre après cuisson.,,Plat principal,Aventurière,Moyen,15,1 heure,6 heures,7 heures,10,,199.4,"Marmite très résistante, couteau lourd",,"+3 en Force pendant 8 heures, +10 points de vie temporaires",8 heures,,,,,,Goût de gibier très puissant adouci par les truffes luxueuses,Ragoût brun foncé avec des paillettes de truffe visible,Arôme terreux intense des truffes mêlé au ragoût robuste,Viande devenue tendre et fondante après longue cuisson,Servir en grandes portions avec du pain de campagne,"Bière forte, vin rouge corsé, pommes de terre","Se bonifie en vieillissant, 1 semaine au frais",1 semaine,33,Plat des chasseurs de monstres après une chasse réussie,Recette née de la nécessité d'utiliser la viande de bulette,Peut être fait avec d'autres viandes de monstres coriaces,La cuisson longue est indispensable pour attendrir la viande,,Extrêmement nourrissant et fortifiant,68e29304062c229af79b9c77,2025-10-05T15:47:16.370000,2025-10-05T15:47:16.370000,68d133369c4bfb4942ca73e3,greg.demeulenaere@gmail.com,FALSE
Omelette d'Œuf de Dragon,Le plat le plus luxueux et rare de l'existence. Un seul œuf suffit pour un banquet royal.,,Plat principal,Légendaire,Maître cuisinier,25,2 heures,30 minutes,2h30,20,,5500,"Poêle en mithril, fouet en argent, gants thermiques",,Résistance permanente à un type d'énergie (correspondant au type de dragon) pendant 30 jours. +2 à toutes les caractéristiques pendant 24 heures. Immunité aux maladies pendant 1 mois. Sensation de bien-être indescriptible.,Variable selon les effets,,,,,,Indescriptible. Le goût le plus divin jamais expérimenté. Chaque bouchée est une révélation.,Omelette dorée brillante avec des reflets irisés selon le type de dragon. Semble contenir des étincelles d'énergie élémentaire.,"Parfum d'une richesse et complexité inégalées, mêlant notes florales, terreuses et magiques","Crémeuse et aérienne à la fois, fond instantanément sur la langue",Servir dans de la vaisselle en or avec couverts en mithril,"Vin des dieux, nectar elfique millénaire","DOIT être consommé immédiatement, impossible à conserver",Immédiat,550,Le plat ultime. N'est servi que lors d'événements historiques majeurs.,Seuls quelques cuisiniers légendaires l'ont réalisé dans l'histoire,Chaque type de dragon donne une saveur et des effets différents,Nécessite une concentration absolue. Une erreur et l'œuf explose (dégâts élémentaires dans un rayon de 6m),DANGER: L'œuf peut exploser si mal manipulé. Ne JAMAIS utiliser un œuf fertile. Porter des protections magiques.,Ce plat transforme celui qui le mange. Certains disent qu'il change la destinée.,68e29304062c229af79b9c78,2025-10-05T15:47:16.370000,2025-10-05T15:47:16.370000,68d133369c4bfb4942ca73e3,greg.demeulenaere@gmail.com,FALSE
Tartare de Basilic aux Écailles Moulues,Plat dangereux et fortifiant. Les écailles moulues renforcent les os et les muscles.,,Entrée,Aventurière,Très difficile,22,1 heure,0 minutes,1 heure,4,,134,"Mortier et pilon en pierre, couteau bien aiguisé, gants en plomb",,+2 Constitution pendant 24 heures. Résistance aux dégâts contondants pendant 8 heures. Les os deviennent temporairement plus denses.,Variable selon les effets,,,,,,Viande crue au goût puissant avec une texture légèrement croquante des écailles,Tartare rouge avec des paillettes grisâtres brillantes,Arôme de viande crue épicée,Viande hachée fine avec un croquant minéral,Servir avec des toasts grillés et un jaune d'œuf cru,"Vin rouge très corsé, vodka glacée",Consommer immédiatement,Immédiat,56,Plat des chasseurs de monstres les plus téméraires,Inventé par accident après une chasse périlleuse,Certains ajoutent du sang de basilic (extrêmement dangereux),S'assurer absolument que le basilic ne peut plus pétrifier,DANGER: Porter des gants en plomb pour manipuler les écailles. Risque de pétrification résiduelle. Ne pas consommer si enceinte.,Renforce significativement la structure osseuse temporairement,68e29304062c229af79b9c79,2025-10-05T15:47:16.370000,2025-10-05T15:47:16.370000,68d133369c4bfb4942ca73e3,greg.demeulenaere@gmail.com,FALSE