name,description,higher_level,level,school,casting_time,range,components,duration,ritual,classes,id,created_date,updated_date,created_by_id,created_by,is_sample
Nuée de météores,Des orbes de feu flamboyants s'abattent au sol en quatre points différents à portée. Chaque créature dans une sphère de 12 mètres de rayon centrée sur un point subit 20d6 dégâts de feu et 20d6 dégâts contondants (jet de Dex pour moitié).,,9,Évocation,1 action,"1,5 kilomètre",,Instantanée,,,68e136fff5cb8ce86c3117d8,2025-10-04T15:02:23.686000,2025-10-04T15:02:23.686000,68d133369c4bfb4942ca73e3,greg.demeulenaere@gmail.com,FALSE
Mot de pouvoir mortel,"Vous prononcez un mot de pouvoir qui peut forcer une créature visible à portée à mourir instantanément. Si la créature que vous choisissez a 100 points de vie ou moins, elle meurt. Sinon, le sort n'a aucun effet.",,9,Enchantement,1 action,18 mètres,,Instantanée,,,68e136fff5cb8ce86c3117db,2025-10-04T15:02:23.686000,2025-10-04T15:02:23.686000,68d133369c4bfb4942ca73e3,greg.demeulenaere@gmail.com,FALSE
Emprisonnement,"Vous créez une contrainte magique pour retenir une créature visible à portée. La cible doit réussir un jet de Sagesse ou être liée par le sort. Choisissez entre ensevelissement, enchaînement, prison hedronique, mise en sommeil minimum ou mise en stase. Seul un sort de souhait peut libérer la cible.",,9,Abjuration,1 minute,9 mètres,,Jusqu'à dissipation,,,68e136fff5cb8ce86c3117de,2025-10-04T15:02:23.686000,2025-10-04T15:02:23.686000,68d133369c4bfb4942ca73e3,greg.demeulenaere@gmail.com,FALSE
Portail,"Vous invoquez un portail reliant un espace inoccupé que vous voyez à portée à un lieu précis sur un autre plan d'existence. Le portail est une ouverture circulaire de 1,50 à 6 mètres de diamètre. Vous pouvez également nommer une créature pour l'invoquer à travers le portail.",,9,Conjuration,1 action,18 mètres,,"Concentration, 1 minute",,,68e136fff5cb8ce86c3117dc,2025-10-04T15:02:23.686000,2025-10-04T15:02:23.686000,68d133369c4bfb4942ca73e3,greg.demeulenaere@gmail.com,FALSE
Dominer un monstre,Vous tentez d'ensorceler une créature visible à portée. Elle doit réussir un jet de Sagesse ou être charmée. Vous avez un lien télépathique avec elle tant qu'elle est sur le même plan que vous. Vous pouvez donner des ordres à la créature.,La durée augmente à 8 heures (9e niveau).,8,Enchantement,1 action,18 mètres,,"Concentration, 1 heure",,,68e136fff5cb8ce86c3117d6,2025-10-04T15:02:23.686000,2025-10-04T15:02:23.686000,68d133369c4bfb4942ca73e3,greg.demeulenaere@gmail.com,FALSE
Projection astrale,"Vous et jusqu'à huit créatures consentantes projetez vos corps astraux sur le Plan Astral. Vos corps matériels restent en transe. Votre forme astrale peut voyager librement sur le Plan Astral et peut entrer dans d'autres plans via des portails. Si le cordon argenté est coupé, vous mourez.",,9,Nécromancie,1 heure,3 mètres,,Spécial,,,68e136fff5cb8ce86c3117dd,2025-10-04T15:02:23.686000,2025-10-04T15:02:23.686000,68d133369c4bfb4942ca73e3,greg.demeulenaere@gmail.com,FALSE
Mot de pouvoir étourdissant,"Vous prononcez un mot de pouvoir qui étourdit une créature visible à portée. Si la créature a 150 points de vie ou moins, elle est étourdie. Sinon, le sort n'a aucun effet. La créature étourdie doit faire un jet de Constitution à la fin de chacun de ses tours.",,8,Enchantement,1 action,18 mètres,,Instantanée,,,68e136fff5cb8ce86c3117d7,2025-10-04T15:02:23.686000,2025-10-04T15:02:23.686000,68d133369c4bfb4942ca73e3,greg.demeulenaere@gmail.com,FALSE
Doigt de mort,"Vous envoyez de l'énergie négative vers une créature visible à portée. La cible doit faire un jet de Constitution. Elle subit 7d8+30 dégâts nécrotiques en cas d'échec, la moitié en cas de réussite. Un humanoïde tué par ce sort se relève comme un zombie sous votre contrôle.",,7,Nécromancie,1 action,18 mètres,,Instantanée,,,68e136fff5cb8ce86c3117d1,2025-10-04T15:02:23.686000,2025-10-04T15:02:23.686000,68d133369c4bfb4942ca73e3,greg.demeulenaere@gmail.com,FALSE
Souhait,"Le sort le plus puissant qu'un mortel puisse lancer. En exprimant votre désir à voix haute, vous pouvez altérer les fondements de la réalité. L'utilisation la plus sûre est de dupliquer un sort de niveau 8 ou inférieur. Vous pouvez également créer des effets plus puissants au risque de ne plus jamais pouvoir lancer ce sort.",,9,Conjuration,1 action,Personnelle,,Instantanée,,,68e136fff5cb8ce86c3117da,2025-10-04T15:02:23.686000,2025-10-04T15:02:23.686000,68d133369c4bfb4942ca73e3,greg.demeulenaere@gmail.com,FALSE
Clone,"Vous créez un double inerte d'une créature vivante pour servir de sauvegarde contre la mort. Le clone se développe en 120 jours. Si la créature originale meurt, son âme se transfère dans le clone, qui est physiquement identique mais possède sa personnalité, ses souvenirs et ses capacités.",,8,Nécromancie,1 heure,Contact,,Instantanée,,,68e136fff5cb8ce86c3117d5,2025-10-04T15:02:23.686000,2025-10-04T15:02:23.686000,68d133369c4bfb4942ca73e3,greg.demeulenaere@gmail.com,FALSE
Métamorphose suprême,Vous transformez une créature visible à portée en une forme différente. Une créature non consentante peut faire un jet de Sagesse. La nouvelle forme peut être n'importe quelle créature de FP égal ou inférieur au FP/niveau de la cible. La transformation dure jusqu'à la fin du sort ou jusqu'à ce que la cible tombe à 0 PV.,,9,Transmutation,1 action,9 mètres,,"Concentration, 1 heure",,,68e136fff5cb8ce86c3117df,2025-10-04T15:02:23.686000,2025-10-04T15:02:23.686000,68d133369c4bfb4942ca73e3,greg.demeulenaere@gmail.com,FALSE
Téléportation en groupe,"Vous et jusqu'à huit créatures consentantes vous téléportez vers une destination sur le même plan d'existence. Contrairement à téléportation, il n'y a pas de risque d'accident même avec une destination inconnue.",,7,Conjuration,1 action,3 mètres,,Instantanée,,,68e136fff5cb8ce86c3117d2,2025-10-04T15:02:23.686000,2025-10-04T15:02:23.686000,68d133369c4bfb4942ca73e3,greg.demeulenaere@gmail.com,FALSE
Symbole,"Vous inscrivez un glyphe nuisible sur une surface ou dans un objet. Si le glyphe est dérangé, ceux dans un rayon de 18 mètres doivent faire un jet de sauvegarde. Effets : mort (10d10 nécrotiques), discorde (combat), peur, folie, douleur, sommeil, étourdissement.",,7,Abjuration,1 minute,Contact,,Jusqu'à dissipation,,,68e136fff5cb8ce86c3117d4,2025-10-04T15:02:23.686000,2025-10-04T15:02:23.686000,68d133369c4bfb4942ca73e3,greg.demeulenaere@gmail.com,FALSE
Arrêt du temps,Vous arrêtez brièvement le cours du temps pour tout le monde sauf vous. Le temps cesse de s'écouler pour toutes les autres créatures pendant que vous effectuez 1d4+1 tours d'affilée pendant lesquels vous pouvez utiliser vos actions et vous déplacer normalement.,,9,Transmutation,1 action,Personnelle,,Instantanée,,,68e136fff5cb8ce86c3117d9,2025-10-04T15:02:23.686000,2025-10-04T15:02:23.686000,68d133369c4bfb4942ca73e3,greg.demeulenaere@gmail.com,FALSE
Mirage,"Vous créez une illusion affectant le terrain dans un carré de 1,5 km de côté que vous pouvez voir. Vous pouvez modifier l'apparence du terrain, des structures et des créatures. L'illusion touche tous les sens mais une interaction physique révèle sa nature.",,7,Illusion,10 minutes,Vision,,10 jours,,,68e136fff5cb8ce86c3117d3,2025-10-04T15:02:23.686000,2025-10-04T15:02:23.686000,68d133369c4bfb4942ca73e3,greg.demeulenaere@gmail.com,FALSE
Cône de froid,"Une explosion d'air froid jaillit de vos mains. Chaque créature dans un cône de 18 mètres doit faire un jet de sauvegarde de Constitution. Une créature subit 8d8 dégâts de froid en cas d'échec, la moitié en cas de réussite.",1d8 supplémentaire par niveau au-delà du 5e.,5,Évocation,1 action,Personnelle (cône 18m),,Instantanée,,,68e136fff5cb8ce86c3117bd,2025-10-04T15:02:23.685000,2025-10-04T15:02:23.685000,68d133369c4bfb4942ca73e3,greg.demeulenaere@gmail.com,FALSE
Création,"Vous créez un objet non magique de matière végétale ou minérale qui tient dans un cube de 1,50 mètre d'arête. L'objet doit être d'une forme simple et ne peut pas avoir de mécanismes. La durée dépend du matériau : végétal 1 jour, pierre/cristal 12 heures, métaux précieux 1 heure, gemmes/métaux 10 minutes.","Le cube augmente de 1,50 mètre par niveau au-delà du 5e.",5,Illusion,1 minute,9 mètres,,Spécial,,,68e136fff5cb8ce86c3117c0,2025-10-04T15:02:23.685000,2025-10-04T15:02:23.685000,68d133369c4bfb4942ca73e3,greg.demeulenaere@gmail.com,FALSE
Tremblement de terre,Vous créez une perturbation sismique dans un cercle de 30 mètres de rayon au sol. Chaque créature au sol doit faire un jet de Dextérité ou tomber à terre. Le sol devient un terrain difficile. Structures et créatures peuvent subir des dégâts.,,5,Évocation,1 action,150 mètres,,"Concentration, 1 minute",,,68e136fff5cb8ce86c3117c3,2025-10-04T15:02:23.685000,2025-10-04T15:02:23.685000,68d133369c4bfb4942ca73e3,greg.demeulenaere@gmail.com,FALSE
Changement de plan,"Vous et jusqu'à huit créatures consentantes êtes transportés vers un autre plan d'existence. Vous pouvez spécifier une destination générale ou une destination précise. Pour déplacer une créature non consentante, elle doit rater un jet de Charisme.",,7,Conjuration,1 action,Contact,,Instantanée,,,68e136fff5cb8ce86c3117ce,2025-10-04T15:02:23.685000,2025-10-04T15:02:23.685000,68d133369c4bfb4942ca73e3,greg.demeulenaere@gmail.com,FALSE
Téléportation,"Ce sort vous transporte instantanément à une destination de votre choix, avec jusqu'à huit créatures consentantes. La destination doit être un lieu que vous connaissez sur le même plan d'existence. Plus la destination est familière, plus la téléportation a de chances de réussir.",,5,Conjuration,1 action,3 mètres,,Instantanée,,,68e136fff5cb8ce86c3117be,2025-10-04T15:02:23.685000,2025-10-04T15:02:23.685000,68d133369c4bfb4942ca73e3,greg.demeulenaere@gmail.com,FALSE
Vision suprême,"Vous touchez une créature consentante et lui accordez la capacité de voir les choses telles qu'elles sont vraiment. La cible voit dans les ténèbres normales et magiques, voit les créatures et objets invisibles, détecte les illusions et voit dans le plan éthéré.",,6,Divination,1 action,Contact,,1 heure,,,68e136fff5cb8ce86c3117c9,2025-10-04T15:02:23.685000,2025-10-04T15:02:23.685000,68d133369c4bfb4942ca73e3,greg.demeulenaere@gmail.com,FALSE
Transport végétal,Ce sort crée un lien magique entre une plante de taille G ou supérieure et une autre plante sur le même plan d'existence. Vous devez avoir vu ou touché la plante de destination. Vous et jusqu'à huit créatures apparaissez à côté de la plante de destination.,,6,Conjuration,1 action,3 mètres,,1 round,,,68e136fff5cb8ce86c3117cc,2025-10-04T15:02:23.685000,2025-10-04T15:02:23.685000,68d133369c4bfb4942ca73e3,greg.demeulenaere@gmail.com,FALSE
Chaîne d'éclairs,"Vous créez un arc électrique qui bondit vers une cible puis jusqu'à trois autres cibles. Chaque cible doit se trouver à 9 mètres maximum de la précédente. Les cibles font un jet de Dextérité et subissent 10d8 dégâts de foudre en cas d'échec, la moitié en cas de réussite.",1d8 supplémentaire par niveau au-delà du 6e.,6,Évocation,1 action,45 mètres,,Instantanée,,,68e136fff5cb8ce86c3117c6,2025-10-04T15:02:23.685000,2025-10-04T15:02:23.685000,68d133369c4bfb4942ca73e3,greg.demeulenaere@gmail.com,FALSE
Désintégration,"Un mince rayon vert jaillit de votre doigt. Faites une attaque de sort à distance. Si vous touchez, la cible subit 10d6+40 dégâts de force. Si ces dégâts réduisent la cible à 0 point de vie, elle est désintégrée en fine poussière grise.",3d6 supplémentaires par niveau au-delà du 6e.,6,Transmutation,1 action,18 mètres,,Instantanée,,,68e136fff5cb8ce86c3117c7,2025-10-04T15:02:23.685000,2025-10-04T15:02:23.685000,68d133369c4bfb4942ca73e3,greg.demeulenaere@gmail.com,FALSE
Inversion de la gravité,"Ce sort inverse la gravité dans un cylindre de 15 mètres de rayon et 30 mètres de haut centré sur un point à portée. Toutes les créatures et objets qui ne sont pas attachés chutent vers le haut jusqu'au sommet de la zone. Si un objet ou une créature atteint le sommet, elle y reste en flottant.",,7,Transmutation,1 action,30 mètres,,"Concentration, 1 minute",,,68e136fff5cb8ce86c3117d0,2025-10-04T15:02:23.685000,2025-10-04T15:02:23.685000,68d133369c4bfb4942ca73e3,greg.demeulenaere@gmail.com,FALSE
Modification de mémoire,"Vous tentez de remodeler les souvenirs d'une créature. La cible doit réussir un jet de Sagesse. Si elle rate, vous pouvez charmer la créature et modifier jusqu'à 10 minutes de ses souvenirs. Vous pouvez éliminer ou modifier ces souvenirs.","Affecte une minute supplémentaire par niveau au-delà du 5e, ou durée de 10 minutes (6e), 1 heure (7e), 24 heures (8e), permanente (9e).",5,Enchantement,1 action,9 mètres,,"Concentration, 1 minute",,,68e136fff5cb8ce86c3117c4,2025-10-04T15:02:23.685000,2025-10-04T15:02:23.685000,68d133369c4bfb4942ca73e3,greg.demeulenaere@gmail.com,FALSE
Globe d'invulnérabilité,Une barrière immobile et scintillante apparaît dans un rayon de 3 mètres autour de vous. Les sorts de niveau 5 ou inférieur lancés de l'extérieur ne peuvent pas affecter les créatures ou objets à l'intérieur. Le sort ne protège pas contre les sorts de niveau 6 ou supérieur.,Le niveau bloqué augmente de 1 par niveau au-delà du 6e.,6,Abjuration,1 action,Personnelle (sphère 3m),,"Concentration, 1 minute",,,68e136fff5cb8ce86c3117c8,2025-10-04T15:02:23.685000,2025-10-04T15:02:23.685000,68d133369c4bfb4942ca73e3,greg.demeulenaere@gmail.com,FALSE
Cercle de mort,"Une sphère d'énergie négative s'étend dans un rayon de 18 mètres depuis un point à portée. Chaque créature dans la zone doit faire un jet de Constitution. Une créature subit 8d6 dégâts nécrotiques en cas d'échec, la moitié en cas de réussite.",2d6 supplémentaires par niveau au-delà du 6e.,6,Nécromancie,1 action,45 mètres,,Instantanée,,,68e136fff5cb8ce86c3117c5,2025-10-04T15:02:23.685000,2025-10-04T15:02:23.685000,68d133369c4bfb4942ca73e3,greg.demeulenaere@gmail.com,FALSE
Boule de feu à retardement,"Un rayon de lumière jaune jaillit de votre doigt et se condense en une perle luisante. Quand le sort se termine, la perle explose avec un grondement sourd. Chaque créature dans une sphère de 6 mètres de rayon subit 12d6 dégâts de feu (jet de Dex pour moitié).",1d6 supplémentaire par niveau au-delà du 7e.,7,Évocation,1 action,45 mètres,,"Concentration, 1 minute",,,68e136fff5cb8ce86c3117cd,2025-10-04T15:02:23.685000,2025-10-04T15:02:23.685000,68d133369c4bfb4942ca73e3,greg.demeulenaere@gmail.com,FALSE
Contact avec un autre plan,"Vous contactez mentalement un esprit d'un autre plan d'existence et lui posez jusqu'à cinq questions. Vous devez poser vos questions avant la fin du sort. Le MJ répond par un mot (oui, non, peut-être, jamais, sans importance). L'esprit peut être cryptique.",,5,Divination,1 minute,Personnelle,,1 minute,TRUE,,68e136fff5cb8ce86c3117c1,2025-10-04T15:02:23.685000,2025-10-04T15:02:23.685000,68d133369c4bfb4942ca73e3,greg.demeulenaere@gmail.com,FALSE
Mur de glace,Vous créez un mur de glace sur une surface solide. Le mur peut être en dôme de 3 mètres de rayon ou en surface plane de dix panneaux de 3x3 mètres. Le mur fait 30 cm d'épaisseur. Les créatures à son emplacement subissent 10d6 dégâts de froid (jet de Dex pour moitié).,2d6 supplémentaires par niveau au-delà du 6e.,6,Évocation,1 action,36 mètres,,"Concentration, 10 minutes",,,68e136fff5cb8ce86c3117ca,2025-10-04T15:02:23.685000,2025-10-04T15:02:23.685000,68d133369c4bfb4942ca73e3,greg.demeulenaere@gmail.com,FALSE
Suggestion de groupe,Vous influencez jusqu'à douze créatures à portée avec une suggestion qui semble raisonnable. Les créatures qui ratent un jet de Sagesse sont charmées et suivent la suggestion. Les activités qui dureraient plus de quelques minutes les occupent pendant toute la durée.,"La durée augmente : 10 jours (7e), 30 jours (8e), 1 an (9e).",6,Enchantement,1 action,18 mètres,,24 heures,,,68e136fff5cb8ce86c3117cb,2025-10-04T15:02:23.685000,2025-10-04T15:02:23.685000,68d133369c4bfb4942ca73e3,greg.demeulenaere@gmail.com,FALSE
Mur de force,"Un mur de force invisible apparaît. Il peut être formé en hémisphère ou en dôme de 3 mètres de rayon, ou en surface composée de dix panneaux de 3x3 mètres. Le mur est immunisé à tous les dégâts et ne peut pas être dissipé.",,5,Évocation,1 action,36 mètres,,"Concentration, 10 minutes",,,68e136fff5cb8ce86c3117bf,2025-10-04T15:02:23.685000,2025-10-04T15:02:23.685000,68d133369c4bfb4942ca73e3,greg.demeulenaere@gmail.com,FALSE
Épée de Mordenkainen,"Vous créez un plan de force en forme d'épée qui plane à portée. Elle dure pendant toute la durée. Quand l'épée apparaît, faites une attaque de sort au corps à corps contre une cible. Si vous touchez, la cible subit 3d10 dégâts de force. Vous pouvez répéter l'attaque à chaque tour.",,7,Évocation,1 action,18 mètres,,"Concentration, 1 minute",,,68e136fff5cb8ce86c3117cf,2025-10-04T15:02:23.685000,2025-10-04T15:02:23.685000,68d133369c4bfb4942ca73e3,greg.demeulenaere@gmail.com,FALSE
Invoquer un élémentaire,"Vous invoquez un esprit élémentaire qui apparaît dans un espace inoccupé. Choisissez air, terre, feu ou eau. L'élémentaire est amical envers vous et vos compagnons. Il obéit à vos ordres verbaux.","FP 6 (6e niveau), FP 7 (7e niveau), FP 8 (8e niveau), FP 9 (9e niveau).",5,Conjuration,1 minute,27 mètres,,"Concentration, 1 heure",,,68e136fff5cb8ce86c3117c2,2025-10-04T15:02:23.685000,2025-10-04T15:02:23.685000,68d133369c4bfb4942ca73e3,greg.demeulenaere@gmail.com,FALSE
Dissimulation,Vous ou une créature que vous touchez devient invisible jusqu'à la fin du sort. Tout ce que la cible porte ou transporte est invisible tant que c'est sur elle.,,3,Illusion,1 action,Contact,,8 heures,,,68e13660ef6b3299233f2f88,2025-10-04T14:59:44.108000,2025-10-04T14:59:44.108000,68d133369c4bfb4942ca73e3,greg.demeulenaere@gmail.com,FALSE
Minuscule cabane,Un dôme de force immobile de 3 mètres de rayon apparaît autour de vous. Neuf créatures de taille M ou inférieure peuvent tenir dedans. Le sort échoue s'il y a une créature plus grande ou plus de neuf créatures. L'intérieur est confortable et sec.,,3,Évocation,1 minute,Personnelle (hémisphère 3m),,8 heures,TRUE,,68e13660ef6b3299233f2f8b,2025-10-04T14:59:44.108000,2025-10-04T14:59:44.108000,68d133369c4bfb4942ca73e3,greg.demeulenaere@gmail.com,FALSE
Déblocage,"Choisissez un objet que vous pouvez voir : une porte, une boîte, un coffre, des menottes, un cadenas. Toute fermeture ordinaire sur l'objet s'ouvre. Les serrures fermées par verrou arcanique sont supprimées pendant 10 minutes.",,2,Transmutation,1 action,18 mètres,,Instantanée,,,68e13660ef6b3299233f2f82,2025-10-04T14:59:44.108000,2025-10-04T14:59:44.108000,68d133369c4bfb4942ca73e3,greg.demeulenaere@gmail.com,FALSE
Confusion,"Ce sort affecte le comportement des créatures dans une sphère de 3 mètres de rayon. Les créatures affectées ne peuvent pas faire de réactions et agissent de manière aléatoire : attaquent une cible aléatoire, se déplacent aléatoirement ou ne font rien.","Le rayon augmente de 1,50 mètre par niveau au-delà du 4e.",4,Enchantement,1 action,27 mètres,,"Concentration, 1 minute",,,68e13660ef6b3299233f2f91,2025-10-04T14:59:44.108000,2025-10-04T14:59:44.108000,68d133369c4bfb4942ca73e3,greg.demeulenaere@gmail.com,FALSE
Assassin imaginaire,Vous puisez dans les cauchemars d'une créature pour créer une manifestation illusoire de ses pires peurs. La cible subit 4d10 dégâts psychiques (jet de Sagesse pour moitié) au lancement puis à chacun de vos tours.,1d10 supplémentaire par niveau au-delà du 4e.,4,Illusion,1 action,36 mètres,,"Concentration, 1 minute",,,68e13660ef6b3299233f2f93,2025-10-04T14:59:44.108000,2025-10-04T14:59:44.108000,68d133369c4bfb4942ca73e3,greg.demeulenaere@gmail.com,FALSE
Respiration aquatique,Ce sort accorde à un maximum de dix créatures consentantes la capacité de respirer sous l'eau jusqu'à la fin du sort. Les créatures affectées conservent leur mode de respiration normal.,,3,Transmutation,1 action,9 mètres,,24 heures,TRUE,,68e13660ef6b3299233f2f87,2025-10-04T14:59:44.108000,2025-10-04T14:59:44.108000,68d133369c4bfb4942ca73e3,greg.demeulenaere@gmail.com,FALSE
Motif hypnotique,Vous créez un motif de lumières tourbillonnantes dans un cube de 9 mètres d'arête. Les créatures qui ratent un jet de Sagesse sont charmées et ont leur vitesse réduite à 0.,,2,Illusion,1 action,36 mètres,,"Concentration, 1 minute",,,68e13660ef6b3299233f2f81,2025-10-04T14:59:44.108000,2025-10-04T14:59:44.108000,68d133369c4bfb4942ca73e3,greg.demeulenaere@gmail.com,FALSE
Langues,"Une créature touchée comprend toute langue parlée qu'elle entend. De plus, lorsque la cible parle, toute créature qui connaît au moins une langue peut comprendre ce qu'elle dit.",,3,Divination,1 action,Contact,,1 heure,,,68e13660ef6b3299233f2f85,2025-10-04T14:59:44.108000,2025-10-04T14:59:44.108000,68d133369c4bfb4942ca73e3,greg.demeulenaere@gmail.com,FALSE
Terreur,Vous projetez une image fantasmagorique des pires cauchemars d'une créature. Les créatures dans un cône de 9 mètres doivent réussir un jet de Sagesse ou lâcher ce qu'elles tiennent et être effrayées.,,4,Illusion,1 action,Personnelle (cône 9m),,"Concentration, 1 minute",,,68e13660ef6b3299233f2f8f,2025-10-04T14:59:44.108000,2025-10-04T14:59:44.108000,68d133369c4bfb4942ca73e3,greg.demeulenaere@gmail.com,FALSE
Tempête de grêle,Des grêlons durs comme la pierre s'abattent dans un cylindre de 6 mètres de rayon et 12 mètres de haut. Chaque créature dans la zone subit 2d8 dégâts contondants et 4d6 dégâts de froid (jet de Dextérité pour moitié).,1d8 contondants supplémentaires par niveau au-delà du 4e.,4,Évocation,1 action,90 mètres,,Instantanée,,,68e13660ef6b3299233f2f8e,2025-10-04T14:59:44.108000,2025-10-04T14:59:44.108000,68d133369c4bfb4942ca73e3,greg.demeulenaere@gmail.com,FALSE
Passage par les arbres,Vous obtenez la capacité d'entrer dans un arbre et de vous déplacer d'un arbre à un autre du même type à 150 mètres maximum. Les deux arbres doivent être vivants et au moins de la même taille que vous.,,5,Conjuration,1 action,Personnelle,,"Concentration, 1 minute",,,68e13660ef6b3299233f2f96,2025-10-04T14:59:44.108000,2025-10-04T14:59:44.108000,68d133369c4bfb4942ca73e3,greg.demeulenaere@gmail.com,FALSE
Animation des morts,"Ce sort crée un serviteur mort-vivant. Choisissez des os ou un cadavre d'un humanoïde de taille M ou P. Le sort imprègne la cible d'une imitation ignoble de vie, créant un squelette ou un zombie. Le mort-vivant devient votre serviteur.",Deux morts-vivants supplémentaires par niveau au-delà du 3e.,3,Nécromancie,1 minute,3 mètres,,Instantanée,,,68e13660ef6b3299233f2f8c,2025-10-04T14:59:44.108000,2025-10-04T14:59:44.108000,68d133369c4bfb4942ca73e3,greg.demeulenaere@gmail.com,FALSE
Tentacules noirs,Des tentacules noirs se tordent sur le sol dans un carré de 6 mètres de côté. La zone devient un terrain difficile. Les créatures qui y entrent ou y commencent leur tour subissent 3d6 dégâts contondants et sont entravées (jet de Dex).,1d6 supplémentaire par niveau au-delà du 4e.,4,Conjuration,1 action,27 mètres,,"Concentration, 1 minute",,,68e13660ef6b3299233f2f90,2025-10-04T14:59:44.108000,2025-10-04T14:59:44.108000,68d133369c4bfb4942ca73e3,greg.demeulenaere@gmail.com,FALSE
Restauration partielle,"Vous touchez une créature et pouvez mettre fin à une maladie ou un état (assourdi, aveuglé ou paralysé) qui l'affecte.",,2,Abjuration,1 action,Contact,,Instantanée,,,68e13660ef6b3299233f2f80,2025-10-04T14:59:44.108000,2025-10-04T14:59:44.108000,68d133369c4bfb4942ca73e3,greg.demeulenaere@gmail.com,FALSE
Invoquer des élémentaires mineurs,"Vous invoquez des élémentaires qui apparaissent dans des espaces inoccupés visibles à portée. Choisissez : un élémentaire de FP 2, deux élémentaires de FP 1, quatre élémentaires de FP 1/2, ou huit élémentaires de FP 1/4.",Doublez le nombre de créatures invoquées pour chaque emplacement au-delà du 4e.,4,Conjuration,1 minute,27 mètres,,"Concentration, 1 heure",,,68e13660ef6b3299233f2f8d,2025-10-04T14:59:44.108000,2025-10-04T14:59:44.108000,68d133369c4bfb4942ca73e3,greg.demeulenaere@gmail.com,FALSE
Glyphe de protection,"Vous inscrivez un glyphe qui inflige des dégâts ou lance un sort lorsqu'il est déclenché. Le glyphe est presque invisible. Vous décidez du déclencheur. Si le glyphe inflige des dégâts, choisissez acide, froid, feu, foudre ou tonnerre (5d8 dégâts, jet de Dex pour moitié).","1d8 supplémentaire par niveau au-delà du 3e si dégâts, ou peut stocker un sort d'un niveau supérieur.",3,Abjuration,1 heure,Contact,,Jusqu'à dissipation,,,68e13660ef6b3299233f2f8a,2025-10-04T14:59:44.108000,2025-10-04T14:59:44.108000,68d133369c4bfb4942ca73e3,greg.demeulenaere@gmail.com,FALSE
Bannissement,"Vous tentez d'envoyer une créature dans un autre plan d'existence. La cible doit réussir un jet de Charisme ou être bannie. Si la cible est native d'un autre plan, elle y retourne. Sinon, elle va dans un demi-plan inoffensif.",Une créature supplémentaire par niveau au-delà du 4e.,4,Abjuration,1 action,18 mètres,,"Concentration, 1 minute",,,68e13660ef6b3299233f2f92,2025-10-04T14:59:44.108000,2025-10-04T14:59:44.108000,68d133369c4bfb4942ca73e3,greg.demeulenaere@gmail.com,FALSE
Scrutation,"Vous voyez et entendez une créature spécifique que vous choisissez et qui se trouve sur le même plan d'existence. La cible doit faire un jet de Sagesse. Si elle rate, un capteur invisible apparaît à 3 mètres d'elle.",,5,Divination,10 minutes,Personnelle,,"Concentration, 10 minutes",,,68e13660ef6b3299233f2f97,2025-10-04T14:59:44.108000,2025-10-04T14:59:44.108000,68d133369c4bfb4942ca73e3,greg.demeulenaere@gmail.com,FALSE
Mur de pierre,Un mur de pierre non magique apparaît. Le mur fait 15 cm d'épaisseur et comprend dix panneaux de 3 mètres sur 3 mètres. Chaque panneau doit être contigu à au moins un autre. Le mur peut être en forme de dôme ou de sphère.,,5,Évocation,1 action,36 mètres,,"Concentration, 10 minutes",,,68e13660ef6b3299233f2f94,2025-10-04T14:59:44.108000,2025-10-04T14:59:44.108000,68d133369c4bfb4942ca73e3,greg.demeulenaere@gmail.com,FALSE
Cercle de téléportation,Vous créez un cercle de téléportation de 3 mètres de diamètre. Choisissez une destination connue. Toute créature qui entre dans le cercle apparaît instantanément à destination et sort du cercle ou à l'espace libre le plus proche.,,3,Conjuration,1 action,3 mètres,,1 round,,,68e13660ef6b3299233f2f86,2025-10-04T14:59:44.108000,2025-10-04T14:59:44.108000,68d133369c4bfb4942ca73e3,greg.demeulenaere@gmail.com,FALSE
Dominer un humanoïde,Vous tentez d'ensorceler un humanoïde. Il doit réussir un jet de Sagesse ou être charmé. Vous avez un lien télépathique avec lui. Vous pouvez utiliser ce lien pour donner des ordres à la créature qui fait de son mieux pour les suivre.,"La durée augmente : 10 minutes (6e), 1 heure (7e), 8 heures (8e).",5,Enchantement,1 action,18 mètres,,"Concentration, 1 minute",,,68e13660ef6b3299233f2f95,2025-10-04T14:59:44.108000,2025-10-04T14:59:44.108000,68d133369c4bfb4942ca73e3,greg.demeulenaere@gmail.com,FALSE
Tromperie,"Vous devenez invisible au moment même où un double illusoire de vous apparaît à votre place. Le double dure pendant toute la durée, mais l'invisibilité se termine si vous attaquez ou lancez un sort.",,5,Illusion,1 action,Personnelle,,"Concentration, 1 heure",,,68e13660ef6b3299233f2f98,2025-10-04T14:59:44.108000,2025-10-04T14:59:44.108000,68d133369c4bfb4942ca73e3,greg.demeulenaere@gmail.com,FALSE
Image majeure,"Vous créez l'image d'un objet, d'une créature ou d'un autre phénomène visible de 6 mètres cube maximum. L'image inclut sons, odeurs et température appropriés. Une interaction physique révèle qu'il s'agit d'une illusion.",,3,Illusion,1 action,36 mètres,,"Concentration, 10 minutes",,,68e13660ef6b3299233f2f83,2025-10-04T14:59:44.108000,2025-10-04T14:59:44.108000,68d133369c4bfb4942ca73e3,greg.demeulenaere@gmail.com,FALSE
Protection contre l'énergie,"Une créature touchée acquiert une résistance à un type de dégâts au choix : acide, froid, feu, foudre ou tonnerre.",,3,Abjuration,1 action,Contact,,"Concentration, 1 heure",,,68e13660ef6b3299233f2f84,2025-10-04T14:59:44.108000,2025-10-04T14:59:44.108000,68d133369c4bfb4942ca73e3,greg.demeulenaere@gmail.com,FALSE
Tempête de neige,De la grêle et de la glace tombent dans un cylindre de 6 mètres de rayon et 12 mètres de haut. La zone est à visibilité nulle et terrain difficile. Les créatures subissent 2d8 dégâts contondants et 4d6 dégâts de froid (jet de Dextérité pour moitié).,1d8 contondants supplémentaires par niveau au-delà du 3e.,3,Conjuration,1 action,45 mètres,,"Concentration, 1 minute",,,68e13660ef6b3299233f2f89,2025-10-04T14:59:44.108000,2025-10-04T14:59:44.108000,68d133369c4bfb4942ca73e3,greg.demeulenaere@gmail.com,FALSE
Feuille morte,"Choisissez jusqu'à cinq créatures en chute libre. La vitesse de descente des cibles ralentit à 18 mètres par round jusqu'à la fin du sort. Si une créature atterrit avant la fin du sort, elle ne subit aucun dégât de chute.",,1,Transmutation,1 réaction,18 mètres,,1 minute,,,68e13660ef6b3299233f2f72,2025-10-04T14:59:44.107000,2025-10-04T14:59:44.107000,68d133369c4bfb4942ca73e3,greg.demeulenaere@gmail.com,FALSE
Toile d'araignée,Vous conjurez une masse de toiles d'araignée épaisses et collantes dans un cube de 6 mètres d'arête. Les toiles sont un terrain difficile et imposent un camouflage léger. Les créatures doivent réussir un jet de Force ou être entravées.,,2,Conjuration,1 action,18 mètres,,"Concentration, 1 heure",,,68e13660ef6b3299233f2f7a,2025-10-04T14:59:44.107000,2025-10-04T14:59:44.107000,68d133369c4bfb4942ca73e3,greg.demeulenaere@gmail.com,FALSE
Serviteur invisible,"Ce sort crée une force invisible, dépourvue d'intelligence et de forme, qui effectue des tâches simples sur votre ordre. Le serviteur ne peut pas attaquer mais peut manipuler des objets, ouvrir des portes, porter jusqu'à 15 kg.",,1,Conjuration,1 action,18 mètres,,1 heure,TRUE,,68e13660ef6b3299233f2f77,2025-10-04T14:59:44.107000,2025-10-04T14:59:44.107000,68d133369c4bfb4942ca73e3,greg.demeulenaere@gmail.com,FALSE
Graisse,De la graisse visqueuse recouvre le sol dans un carré de 3 mètres de côté. La zone devient un terrain difficile. Les créatures qui y entrent ou y commencent leur tour doivent réussir un jet de sauvegarde de Dextérité ou tomber à terre.,,1,Conjuration,1 action,18 mètres,,1 minute,,,68e13660ef6b3299233f2f73,2025-10-04T14:59:44.107000,2025-10-04T14:59:44.107000,68d133369c4bfb4942ca73e3,greg.demeulenaere@gmail.com,FALSE
Rafale de vent,"Une ligne de vent fort de 18 mètres de long et 3 mètres de large souffle. Les créatures doivent réussir un jet de Force ou être repoussées de 4,50 mètres. Le vent disperse gaz et vapeurs et éteint les flammes.",,2,Évocation,1 action,Personnelle (ligne 18m),,"Concentration, 1 minute",,,68e13660ef6b3299233f2f7c,2025-10-04T14:59:44.107000,2025-10-04T14:59:44.107000,68d133369c4bfb4942ca73e3,greg.demeulenaere@gmail.com,FALSE
Immobiliser un humanoïde,"Choisissez un humanoïde visible à portée. La cible doit réussir un jet de sauvegarde de Sagesse ou être paralysée. À la fin de chacun de ses tours, elle peut refaire le jet.",Une créature supplémentaire par niveau au-delà du 2e.,2,Enchantement,1 action,18 mètres,,"Concentration, 1 minute",,,68e13660ef6b3299233f2f7d,2025-10-04T14:59:44.107000,2025-10-04T14:59:44.107000,68d133369c4bfb4942ca73e3,greg.demeulenaere@gmail.com,FALSE
Nappe de brouillard,Vous créez une sphère de brouillard de 6 mètres de rayon centrée sur un point à portée. Le brouillard se répand en contournant les angles et la zone est à visibilité nulle.,,1,Conjuration,1 action,36 mètres,,"Concentration, 1 heure",,,68e13660ef6b3299233f2f76,2025-10-04T14:59:44.107000,2025-10-04T14:59:44.107000,68d133369c4bfb4942ca73e3,greg.demeulenaere@gmail.com,FALSE
Alarme,"Vous créez une alarme contre les intrusions. Choisissez une porte, une fenêtre ou une zone de 6 mètres cube maximum. Vous choisissez si l'alarme est mentale ou audible. Une alarme mentale vous alerte tant que vous êtes à 1,5 km maximum.",,1,Abjuration,1 minute,9 mètres,,8 heures,TRUE,,68e13660ef6b3299233f2f75,2025-10-04T14:59:44.107000,2025-10-04T14:59:44.107000,68d133369c4bfb4942ca73e3,greg.demeulenaere@gmail.com,FALSE
Appel de familier,"Vous obtenez un familier, un esprit qui prend la forme d'un animal. Tant que votre familier est à 30 mètres, vous pouvez communiquer avec lui par télépathie. Vous pouvez voir et entendre à travers ses sens.",,1,Conjuration,1 heure,3 mètres,,Instantanée,TRUE,,68e13660ef6b3299233f2f78,2025-10-04T14:59:44.107000,2025-10-04T14:59:44.107000,68d133369c4bfb4942ca73e3,greg.demeulenaere@gmail.com,FALSE
Agrandissement/Rapetissement,"Vous agrandissez ou réduisez une créature ou un objet. Agrandissement double la taille et multiplie le poids par 8, +1d4 aux dégâts. Rapetissement divise par deux la taille et le poids par 8, -1d4 aux dégâts.",,2,Transmutation,1 action,9 mètres,,"Concentration, 1 minute",,,68e13660ef6b3299233f2f79,2025-10-04T14:59:44.107000,2025-10-04T14:59:44.107000,68d133369c4bfb4942ca73e3,greg.demeulenaere@gmail.com,FALSE
Compréhension des langues,"Vous comprenez le sens littéral de toute langue parlée que vous entendez. Vous comprenez également tout écrit que vous voyez, mais vous devez toucher la surface sur laquelle les mots sont inscrits.",,1,Divination,1 action,Personnelle,,1 heure,TRUE,,68e13660ef6b3299233f2f71,2025-10-04T14:59:44.107000,2025-10-04T14:59:44.107000,68d133369c4bfb4942ca73e3,greg.demeulenaere@gmail.com,FALSE
Fracassement,"Un bruit assourdissant retentit. Chaque créature dans une sphère de 3 mètres de rayon subit 3d8 dégâts de tonnerre (jet de Constitution pour moitié). Les objets non magiques en verre, cristal, métal ou bois sont détruits.",1d8 supplémentaire par niveau au-delà du 2e.,2,Évocation,1 action,18 mètres,,Instantanée,,,68e13660ef6b3299233f2f7b,2025-10-04T14:59:44.107000,2025-10-04T14:59:44.107000,68d133369c4bfb4942ca73e3,greg.demeulenaere@gmail.com,FALSE
Aveuglement/Surdité,Vous rendez une créature aveugle ou sourde. La cible doit réussir un jet de Constitution ou être affectée. Elle peut refaire le jet à la fin de chacun de ses tours.,Une créature supplémentaire par niveau au-delà du 2e.,2,Nécromancie,1 action,9 mètres,,1 minute,,,68e13660ef6b3299233f2f7f,2025-10-04T14:59:44.107000,2025-10-04T14:59:44.107000,68d133369c4bfb4942ca73e3,greg.demeulenaere@gmail.com,FALSE
Détection des pensées,"Vous pouvez lire les pensées de certaines créatures. Vous percevez la présence de pensées à 9 mètres. Vous pouvez sonder l'esprit d'une créature, lisant ses pensées superficielles ou plus profondes.",,2,Divination,1 action,Personnelle,,"Concentration, 1 minute",,,68e13660ef6b3299233f2f7e,2025-10-04T14:59:44.107000,2025-10-04T14:59:44.107000,68d133369c4bfb4942ca73e3,greg.demeulenaere@gmail.com,FALSE
Saut,Vous touchez une créature. La distance de saut de la créature est triplée jusqu'à la fin du sort.,,1,Transmutation,1 action,Contact,,1 minute,,,68e13660ef6b3299233f2f74,2025-10-04T14:59:44.107000,2025-10-04T14:59:44.107000,68d133369c4bfb4942ca73e3,greg.demeulenaere@gmail.com,FALSE
Charme-personne,Un humanoïde qui rate son jet de Sagesse est charmé et vous considère comme un ami.,Une créature supplémentaire par niveau au-delà du 1er.,1,Enchantement,1 action,9 mètres,,1 heure,,,68e1354d944431b311e52db6,2025-10-04T14:55:09.662000,2025-10-04T14:55:09.662000,68d133369c4bfb4942ca73e3,greg.demeulenaere@gmail.com,FALSE
Détection de la magie,Vous percevez la présence de magie à 9 mètres et pouvez identifier son école.,,1,Divination,1 action,Personnelle,,"Concentration, 10 minutes",TRUE,,68e1354d944431b311e52db8,2025-10-04T14:55:09.662000,2025-10-04T14:55:09.662000,68d133369c4bfb4942ca73e3,greg.demeulenaere@gmail.com,FALSE
Identification,Vous apprenez les propriétés magiques d'un objet touché.,,1,Divination,1 minute,Contact,,Instantanée,TRUE,,68e1354d944431b311e52db9,2025-10-04T14:55:09.662000,2025-10-04T14:55:09.662000,68d133369c4bfb4942ca73e3,greg.demeulenaere@gmail.com,FALSE
Arrêt du temps,Le temps s'arrête pour tout le monde sauf vous. Vous bénéficiez de 1d4+1 tours pendant lesquels vous agissez normalement.,,9,Transmutation,1 action,Personnelle,,Instantanée,,,68e1354d944431b311e52dd7,2025-10-04T14:55:09.662000,2025-10-04T14:55:09.662000,68d133369c4bfb4942ca73e3,greg.demeulenaere@gmail.com,FALSE
Armure du mage,Une créature sans armure obtient une CA de base de 13 + modificateur de Dextérité.,,1,Abjuration,1 action,Contact,,8 heures,,,68e1354d944431b311e52db5,2025-10-04T14:55:09.662000,2025-10-04T14:55:09.662000,68d133369c4bfb4942ca73e3,greg.demeulenaere@gmail.com,FALSE
Déguisement,"Vous modifiez votre apparence (±30 cm de hauteur, corpulence différente).",,1,Illusion,1 action,Personnelle,,1 heure,,,68e1354d944431b311e52dba,2025-10-04T14:55:09.662000,2025-10-04T14:55:09.662000,68d133369c4bfb4942ca73e3,greg.demeulenaere@gmail.com,FALSE
Suggestion,Vous suggérez magiquement une ligne de conduite raisonnable à une créature.,,2,Enchantement,1 action,9 mètres,,"Concentration, 8 heures",,,68e1354d944431b311e52dc3,2025-10-04T14:55:09.662000,2025-10-04T14:55:09.662000,68d133369c4bfb4942ca73e3,greg.demeulenaere@gmail.com,FALSE
Boule de feu,Explosion dans une sphère de 6m de rayon infligeant 8d6 dégâts de feu (jet de Dextérité pour moitié).,1d6 supplémentaire par niveau au-delà du 3e.,3,Évocation,1 action,45 mètres,,Instantanée,,,68e1354d944431b311e52dc8,2025-10-04T14:55:09.662000,2025-10-04T14:55:09.662000,68d133369c4bfb4942ca73e3,greg.demeulenaere@gmail.com,FALSE
Peau de pierre,"Une créature touchée a une résistance aux dégâts non-magiques contondants, perforants et tranchants.",,4,Abjuration,1 action,Contact,,"Concentration, 1 heure",,,68e1354d944431b311e52dd1,2025-10-04T14:55:09.662000,2025-10-04T14:55:09.662000,68d133369c4bfb4942ca73e3,greg.demeulenaere@gmail.com,FALSE
Projectile magique,"Trois projectiles lumineux touchent automatiquement, chacun infligeant 1d4+1 dégâts de force.",Un projectile supplémentaire par niveau au-delà du 1er.,1,Évocation,1 action,36 mètres,,Instantanée,,,68e1354d944431b311e52db3,2025-10-04T14:55:09.662000,2025-10-04T14:55:09.662000,68d133369c4bfb4942ca73e3,greg.demeulenaere@gmail.com,FALSE
Ténèbres,"Ténèbres magiques dans une sphère de 4,50m de rayon. La vision dans le noir ne fonctionne pas.",,2,Évocation,1 action,18 mètres,,"Concentration, 10 minutes",,,68e1354d944431b311e52dc4,2025-10-04T14:55:09.662000,2025-10-04T14:55:09.662000,68d133369c4bfb4942ca73e3,greg.demeulenaere@gmail.com,FALSE
Couleurs dansantes,"Lumières aveuglantes affectant 6d10 PV de créatures (par ordre croissant), les aveuglant.",2d10 supplémentaires par niveau au-delà du 1er.,1,Illusion,1 action,"Personnelle (cône 4,50m)",,1 round,,,68e1354d944431b311e52dbc,2025-10-04T14:55:09.662000,2025-10-04T14:55:09.662000,68d133369c4bfb4942ca73e3,greg.demeulenaere@gmail.com,FALSE
Pas brumeux,Vous vous téléportez jusqu'à 9 mètres vers un espace inoccupé visible.,,2,Conjuration,1 action bonus,Personnelle,,Instantanée,,,68e1354d944431b311e52dc2,2025-10-04T14:55:09.662000,2025-10-04T14:55:09.662000,68d133369c4bfb4942ca73e3,greg.demeulenaere@gmail.com,FALSE
Sphère de feu,"Sphère de feu mobile de 1,50m de diamètre infligeant 2d6 dégâts de feu aux créatures proches.",1d6 supplémentaire par niveau au-delà du 2e.,2,Conjuration,1 action,18 mètres,,"Concentration, 1 minute",,,68e1354d944431b311e52dc6,2025-10-04T14:55:09.662000,2025-10-04T14:55:09.662000,68d133369c4bfb4942ca73e3,greg.demeulenaere@gmail.com,FALSE
Porte dimensionnelle,Vous vous téléportez jusqu'à 150 mètres vers un espace visible ou décrit par distance et direction.,,4,Conjuration,1 action,150 mètres,,Instantanée,,,68e1354d944431b311e52dcf,2025-10-04T14:55:09.662000,2025-10-04T14:55:09.662000,68d133369c4bfb4942ca73e3,greg.demeulenaere@gmail.com,FALSE
Souhait,"Le sort le plus puissant. Peut dupliquer n'importe quel sort de niveau 8 ou inférieur, ou créer d'autres effets au choix du MJ.",,9,Conjuration,1 action,Personnelle,,Instantanée,,,68e1354d944431b311e52dd8,2025-10-04T14:55:09.662000,2025-10-04T14:55:09.662000,68d133369c4bfb4942ca73e3,greg.demeulenaere@gmail.com,FALSE
Aspersion d'acide,"Lancez une bulle d'acide. Choisissez une créature ou deux créatures distantes de 1,50 mètre maximum. Une cible rate son jet de Dextérité subit 1d6 dégâts d'acide.","Les dégâts augmentent de 1d6 aux niveaux 5 (2d6), 11 (3d6) et 17 (4d6).",0,Conjuration,1 action,18 mètres,,Instantanée,,,68e1354d944431b311e52db1,2025-10-04T14:55:09.662000,2025-10-04T14:55:09.662000,68d133369c4bfb4942ca73e3,greg.demeulenaere@gmail.com,FALSE
Éclair,Éclair en ligne infligeant 8d6 dégâts de foudre (jet de Dextérité pour moitié).,1d6 supplémentaire par niveau au-delà du 3e.,3,Évocation,1 action,Personnelle (ligne 30m),,Instantanée,,,68e1354d944431b311e52dc9,2025-10-04T14:55:09.662000,2025-10-04T14:55:09.662000,68d133369c4bfb4942ca73e3,greg.demeulenaere@gmail.com,FALSE
Flou,Votre corps devient flou. Les attaquants ont un désavantage aux jets d'attaque contre vous.,,2,Illusion,1 action,Personnelle,,"Concentration, 1 minute",,,68e1354d944431b311e52dbf,2025-10-04T14:55:09.662000,2025-10-04T14:55:09.662000,68d133369c4bfb4942ca73e3,greg.demeulenaere@gmail.com,FALSE
Hâte,"Double la vitesse d'une créature, +2 CA, avantage aux jets de Dextérité, action supplémentaire par tour.",Une créature supplémentaire par niveau au-delà du 3e.,3,Transmutation,1 action,9 mètres,,"Concentration, 1 minute",,,68e1354d944431b311e52dcb,2025-10-04T14:55:09.662000,2025-10-04T14:55:09.662000,68d133369c4bfb4942ca73e3,greg.demeulenaere@gmail.com,FALSE
Téléportation,Vous et jusqu'à 8 créatures consentantes vous téléportez vers une destination que vous connaissez.,,7,Conjuration,1 action,3 mètres,,Instantanée,,,68e1354d944431b311e52dd6,2025-10-04T14:55:09.662000,2025-10-04T14:55:09.662000,68d133369c4bfb4942ca73e3,greg.demeulenaere@gmail.com,FALSE
Dissipation de la magie,"Termine tout sort de niveau 3 ou inférieur sur une créature, objet ou zone. Test d'aptitude magique pour sorts de niveau 4+.",Termine automatiquement les sorts de niveau égal ou inférieur à l'emplacement utilisé.,3,Abjuration,1 action,36 mètres,,Instantanée,,,68e1354d944431b311e52dce,2025-10-04T14:55:09.662000,2025-10-04T14:55:09.662000,68d133369c4bfb4942ca73e3,greg.demeulenaere@gmail.com,FALSE
Mains brûlantes,Nappe de flammes infligeant 3d6 dégâts de feu (jet de Dextérité pour moitié).,1d6 supplémentaire par niveau au-delà du 1er.,1,Évocation,1 action,"Personnelle (cône 4,50m)",,Instantanée,,,68e1354d944431b311e52dbd,2025-10-04T14:55:09.662000,2025-10-04T14:55:09.662000,68d133369c4bfb4942ca73e3,greg.demeulenaere@gmail.com,FALSE
Lévitation,Une créature ou objet (max 250 kg) s'élève et reste suspendu jusqu'à 6 mètres de haut.,,2,Transmutation,1 action,18 mètres,,"Concentration, 10 minutes",,,68e1354d944431b311e52dc7,2025-10-04T14:55:09.662000,2025-10-04T14:55:09.662000,68d133369c4bfb4942ca73e3,greg.demeulenaere@gmail.com,FALSE
Cône de froid,Souffle de froid infligeant 8d8 dégâts de froid (jet de Constitution pour moitié).,1d8 supplémentaire par niveau au-delà du 5e.,5,Évocation,1 action,Personnelle (cône 18m),,Instantanée,,,68e1354d944431b311e52dd4,2025-10-04T14:55:09.662000,2025-10-04T14:55:09.662000,68d133369c4bfb4942ca73e3,greg.demeulenaere@gmail.com,FALSE
Invisibilité,Une créature touchée devient invisible jusqu'à ce qu'elle attaque ou lance un sort.,Une créature supplémentaire par niveau au-delà du 2e.,2,Illusion,1 action,Contact,,"Concentration, 1 heure",,,68e1354d944431b311e52dc0,2025-10-04T14:55:09.662000,2025-10-04T14:55:09.662000,68d133369c4bfb4942ca73e3,greg.demeulenaere@gmail.com,FALSE
Lenteur,"Jusqu'à 6 créatures voient leur vitesse réduite de moitié, -2 CA, désavantage aux jets de Dextérité.",Une créature supplémentaire par niveau au-delà du 3e.,3,Transmutation,1 action,36 mètres,,"Concentration, 1 minute",,,68e1354d944431b311e52dcc,2025-10-04T14:55:09.662000,2025-10-04T14:55:09.662000,68d133369c4bfb4942ca73e3,greg.demeulenaere@gmail.com,FALSE
Orbe chromatique,"Attaque de sort à distance infligeant 3d8 dégâts du type choisi (acide, froid, feu, foudre, poison ou tonnerre).",1d8 supplémentaire par niveau au-delà du 1er.,1,Évocation,1 action,27 mètres,,Instantanée,,,68e1354d944431b311e52dbe,2025-10-04T14:55:09.662000,2025-10-04T14:55:09.662000,68d133369c4bfb4942ca73e3,greg.demeulenaere@gmail.com,FALSE
Métamorphose,Transforme une créature en une autre créature. Les PV et statistiques changent selon la nouvelle forme.,,4,Transmutation,1 action,18 mètres,,"Concentration, 1 heure",,,68e1354d944431b311e52dd2,2025-10-04T14:55:09.662000,2025-10-04T14:55:09.662000,68d133369c4bfb4942ca73e3,greg.demeulenaere@gmail.com,FALSE
Mur de feu,Mur opaque de flammes infligeant 5d8 dégâts de feu aux créatures qui le traversent.,1d8 supplémentaire par niveau au-delà du 4e.,4,Évocation,1 action,36 mètres,,"Concentration, 1 minute",,,68e1354d944431b311e52dd3,2025-10-04T14:55:09.662000,2025-10-04T14:55:09.662000,68d133369c4bfb4942ca73e3,greg.demeulenaere@gmail.com,FALSE
Sommeil,Endort des créatures pour un total de 5d8 points de vie dans un rayon de 6 mètres.,2d8 supplémentaires par niveau au-delà du 1er.,1,Enchantement,1 action,27 mètres,,1 minute,,,68e1354d944431b311e52db7,2025-10-04T14:55:09.662000,2025-10-04T14:55:09.662000,68d133369c4bfb4942ca73e3,greg.demeulenaere@gmail.com,FALSE
Vol,Une créature touchée acquiert une vitesse de vol de 18 mètres.,Une créature supplémentaire par niveau au-delà du 3e.,3,Transmutation,1 action,Contact,,"Concentration, 10 minutes",,,68e1354d944431b311e52dca,2025-10-04T14:55:09.662000,2025-10-04T14:55:09.662000,68d133369c4bfb4942ca73e3,greg.demeulenaere@gmail.com,FALSE
Invisibilité supérieure,Une créature touchée devient invisible. Le sort ne se termine pas si la cible attaque ou lance un sort.,,4,Illusion,1 action,Contact,,"Concentration, 1 minute",,,68e1354d944431b311e52dd0,2025-10-04T14:55:09.662000,2025-10-04T14:55:09.662000,68d133369c4bfb4942ca73e3,greg.demeulenaere@gmail.com,FALSE
Télékinésie,Contrôlez le mouvement d'une créature ou d'un objet de 500 kg maximum par la pensée.,,5,Transmutation,1 action,18 mètres,,"Concentration, 10 minutes",,,68e1354d944431b311e52dd5,2025-10-04T14:55:09.662000,2025-10-04T14:55:09.662000,68d133369c4bfb4942ca73e3,greg.demeulenaere@gmail.com,FALSE
Décharge occulte,Un rayon d'énergie crépitante inflige 1d10 dégâts de force. Le sort crée plusieurs rayons aux niveaux supérieurs.,"Deux rayons au niveau 5, trois au niveau 11, quatre au niveau 17.",0,Évocation,1 action,36 mètres,,Instantanée,,,68e1354d944431b311e52db2,2025-10-04T14:55:09.662000,2025-10-04T14:55:09.662000,68d133369c4bfb4942ca73e3,greg.demeulenaere@gmail.com,FALSE
Image silencieuse,"Crée l'image visuelle d'un objet ou créature de maximum 4,50 mètres cube.",,1,Illusion,1 action,18 mètres,,"Concentration, 10 minutes",,,68e1354d944431b311e52dbb,2025-10-04T14:55:09.662000,2025-10-04T14:55:09.662000,68d133369c4bfb4942ca73e3,greg.demeulenaere@gmail.com,FALSE
Rayon ardent,"Trois rayons de feu, chacun infligeant 2d6 dégâts de feu sur attaque réussie.",Un rayon supplémentaire par niveau au-delà du 2e.,2,Évocation,1 action,36 mètres,,Instantanée,,,68e1354d944431b311e52dc5,2025-10-04T14:55:09.662000,2025-10-04T14:55:09.662000,68d133369c4bfb4942ca73e3,greg.demeulenaere@gmail.com,FALSE
Contresort,Tente d'interrompre un sort en cours d'incantation. Test d'aptitude magique si le sort est de niveau 4+.,Interrompt automatiquement les sorts de niveau égal ou inférieur à l'emplacement utilisé.,3,Abjuration,1 réaction,18 mètres,,Instantanée,,,68e1354d944431b311e52dcd,2025-10-04T14:55:09.662000,2025-10-04T14:55:09.662000,68d133369c4bfb4942ca73e3,greg.demeulenaere@gmail.com,FALSE
Bouclier,Une barrière invisible vous donne un bonus de +5 à la CA jusqu'au début de votre prochain tour.,,1,Abjuration,1 réaction,Personnelle,,1 round,,,68e1354d944431b311e52db4,2025-10-04T14:55:09.662000,2025-10-04T14:55:09.662000,68d133369c4bfb4942ca73e3,greg.demeulenaere@gmail.com,FALSE
Image miroir,Trois duplicatas illusoires apparaissent. Les attaques ont une chance de toucher un duplicata au lieu de vous.,,2,Illusion,1 action,Personnelle,,1 minute,,,68e1354d944431b311e52dc1,2025-10-04T14:55:09.662000,2025-10-04T14:55:09.662000,68d133369c4bfb4942ca73e3,greg.demeulenaere@gmail.com,FALSE
Illusion mineure,"Crée un son ou une image d'un objet ne dépassant pas 1,50 mètre cube. L'illusion est purement visuelle ou auditive.",,0,Illusion,1 action,9 mètres,,1 minute,,,68e1354d944431b311e52db0,2025-10-04T14:55:09.661000,2025-10-04T14:55:09.662000,68d133369c4bfb4942ca73e3,greg.demeulenaere@gmail.com,FALSE
Lumière,Un objet touché émet une lumière vive dans un rayon de 6 mètres et une lumière faible sur 6 mètres supplémentaires.,,0,Évocation,1 action,Contact,,1 heure,,,68e1354d944431b311e52daf,2025-10-04T14:55:09.661000,2025-10-04T14:55:09.661000,68d133369c4bfb4942ca73e3,greg.demeulenaere@gmail.com,FALSE
Main du mage,"Une main spectrale flottante apparaît à portée. Vous pouvez l'utiliser pour manipuler des objets, ouvrir des portes, ranger ou récupérer des objets dans des contenants ouverts.",,0,Conjuration,1 action,9 mètres,,1 minute,,,68e1354d944431b311e52dad,2025-10-04T14:55:09.661000,2025-10-04T14:55:09.661000,68d133369c4bfb4942ca73e3,greg.demeulenaere@gmail.com,FALSE
Trait de feu,"Vous lancez un trait de feu sur une créature ou un objet à portée. Faites une attaque de sort à distance contre la cible. Si vous touchez, la cible subit 1d10 dégâts de feu.","Les dégâts augmentent de 1d10 aux niveaux 5 (2d10), 11 (3d10) et 17 (4d10).",0,Évocation,1 action,36 mètres,,Instantanée,,,68e1354d944431b311e52dab,2025-10-04T14:55:09.661000,2025-10-04T14:55:09.661000,68d133369c4bfb4942ca73e3,greg.demeulenaere@gmail.com,FALSE
Rayon de givre,"Un rayon de lumière bleu-blanc fuse vers une créature à portée. Faites une attaque de sort à distance. Si vous touchez, elle subit 1d8 dégâts de froid et sa vitesse est réduite de 3 mètres jusqu'au début de votre prochain tour.","Les dégâts augmentent de 1d8 aux niveaux 5 (2d8), 11 (3d8) et 17 (4d8).",0,Évocation,1 action,18 mètres,,Instantanée,,,68e1354d944431b311e52dac,2025-10-04T14:55:09.661000,2025-10-04T14:55:09.661000,68d133369c4bfb4942ca73e3,greg.demeulenaere@gmail.com,FALSE
Prestidigitation,"Tour de magie mineur permettant d'allumer/éteindre une bougie, nettoyer/salir un objet, réchauffer/refroidir, créer une petite marque, un effet sensoriel ou un objet illusoire.",,0,Transmutation,1 action,3 mètres,,Jusqu'à 1 heure,,,68e1354d944431b311e52dae,2025-10-04T14:55:09.661000,2025-10-04T14:55:09.661000,68d133369c4bfb4942ca73e3,greg.demeulenaere@gmail.com,FALSE
Lumière,"Vous touchez un objet qui ne fait pas plus de 3 mètres dans n'importe quelle dimension. Jusqu'à la fin du sort, l'objet émet une lumière vive dans un rayon de 6 mètres et une lumière faible sur 6 mètres supplémentaires. La lumière peut être de la couleur que vous voulez. Couvrir complètement l'objet avec quelque chose d'opaque bloque la lumière.",,0,Évocation,1 action,Contact,,1 heure,FALSE,,68e0da86d9e4b156670e9c5a,2025-10-04T08:27:50.567000,2025-10-04T08:27:50.567000,68d133369c4bfb4942ca73e3,greg.demeulenaere@gmail.com,FALSE
Flamme sacrée,Une lumière radieuse descend sur une créature que vous pouvez voir à portée. La cible doit réussir un jet de sauvegarde de Dextérité ou subir 1d8 dégâts radiants. La cible ne bénéficie d'aucun bonus à la CA procuré par un abri pour ce jet de sauvegarde.,"Les dégâts du sort augmentent de 1d8 lorsque vous atteignez le niveau 5 (2d8), le niveau 11 (3d8), et le niveau 17 (4d8).",0,Évocation,1 action,18 mètres,,Instantanée,FALSE,,68e0da86d9e4b156670e9c58,2025-10-04T08:27:50.567000,2025-10-04T08:27:50.567000,68d133369c4bfb4942ca73e3,greg.demeulenaere@gmail.com,FALSE
Clair de lune,Une lumière argentée emplit une sphère de 9 mètres de rayon centrée sur un point que vous choisissez à portée. La zone est baignée d'une lumière vive et les créatures de votre choix dans la zone ont un avantage aux jets de Sagesse. Les créatures métamorphes qui ratent un jet de sauvegarde de Charisme contre ce sort reprennent leur forme véritable et ne peuvent pas se métamorphoser de nouveau tant qu'elles restent dans la lumière.,,2,Évocation,1 action,36 mètres,,"Concentration, jusqu'à 1 minute",FALSE,,68e0da86d9e4b156670e9c5c,2025-10-04T08:27:50.567000,2025-10-04T08:27:50.567000,68d133369c4bfb4942ca73e3,greg.demeulenaere@gmail.com,FALSE
Restauration supérieure,"Vous imprégnez une créature que vous touchez d'énergie positive pour annuler un effet débilitant. Vous pouvez réduire le niveau d'épuisement de la cible de un, ou mettre fin à l'un des effets suivants affectant la cible : un effet de charme ou de pétrification, une malédiction, toute réduction d'une des valeurs de caractéristique de la cible, ou un effet réduisant le maximum de points de vie de la cible.",,5,Abjuration,1 action,Contact,,Instantanée,FALSE,,68e0da86d9e4b156670e9c56,2025-10-04T08:27:50.567000,2025-10-04T08:27:50.567000,68d133369c4bfb4942ca73e3,greg.demeulenaere@gmail.com,FALSE
Arme spirituelle,"Vous créez une arme spectrale flottante à portée qui persiste pour la durée du sort ou jusqu'à ce que vous lanciez à nouveau ce sort. Lorsque vous lancez le sort, vous pouvez faire une attaque de sort au corps à corps contre une créature à 1,50 mètre de l'arme. En cas de réussite, la cible subit des dégâts de force égaux à 1d8 + votre modificateur de caractéristique d'incantation. Par une action bonus à votre tour, vous pouvez déplacer l'arme jusqu'à 6 mètres et répéter l'attaque contre une créature à 1,50 mètre d'elle.","Lorsque vous lancez ce sort en utilisant un emplacement de sort de niveau 3 ou supérieur, les dégâts augmentent de 1d8 tous les deux niveaux d'emplacement au-delà du niveau 2.",2,Évocation,1 action bonus,18 mètres,,1 minute,FALSE,,68e0da86d9e4b156670e9c57,2025-10-04T08:27:50.567000,2025-10-04T08:27:50.567000,68d133369c4bfb4942ca73e3,greg.demeulenaere@gmail.com,FALSE
Ténèbres,"Des ténèbres magiques se répandent depuis un point que vous choisissez à portée pour remplir une sphère de 4,50 mètres de rayon pour la durée du sort. Les ténèbres contournent les coins. Une créature avec vision dans le noir ne peut pas voir à travers ces ténèbres, et la lumière non-magique ne peut pas les illuminer.",,2,Évocation,1 action,18 mètres,,"Concentration, jusqu'à 10 minutes",FALSE,,68e0da86d9e4b156670e9c5b,2025-10-04T08:27:50.567000,2025-10-04T08:27:50.567000,68d133369c4bfb4942ca73e3,greg.demeulenaere@gmail.com,FALSE
Gardien de la foi,"Un Large gardien spectral apparaît et flotte dans un espace inoccupé de votre choix que vous pouvez voir à portée. Le gardien occupe cet espace et est indistinct sauf pour une épée et un bouclier étincelants ornés du symbole de votre divinité. Toute créature hostile envers vous qui pénètre dans un espace à 3 mètres du gardien pour la première fois lors d'un tour doit réussir un jet de sauvegarde de Dextérité. La créature subit 20 dégâts radiants en cas d'échec, ou la moitié en cas de réussite. Le gardien disparaît lorsqu'il a infligé un total de 60 dégâts.",,4,Conjuration,1 action,9 mètres,,8 heures,FALSE,,68e0da86d9e4b156670e9c59,2025-10-04T08:27:50.567000,2025-10-04T08:27:50.567000,68d133369c4bfb4942ca73e3,greg.demeulenaere@gmail.com,FALSE
Bénédiction,"Vous bénissez jusqu'à trois créatures de votre choix à portée. Chaque fois qu'une cible fait un jet d'attaque ou un jet de sauvegarde avant la fin du sort, elle peut lancer 1d4 et ajouter le résultat au jet d'attaque ou au jet de sauvegarde.","Lorsque vous lancez ce sort en utilisant un emplacement de sort de niveau 2 ou supérieur, vous pouvez cibler une créature supplémentaire pour chaque niveau d'emplacement au-delà du niveau 1.",1,Enchantement,1 action,9 mètres,,"Concentration, jusqu'à 1 minute",FALSE,,68e0da86d9e4b156670e9c55,2025-10-04T08:27:50.567000,2025-10-04T08:27:50.567000,68d133369c4bfb4942ca73e3,greg.demeulenaere@gmail.com,FALSE
Soin des blessures,Une créature que vous touchez récupère un nombre de points de vie égal à 1d8 + votre modificateur de caractéristique d'incantation. Ce sort n'a aucun effet sur les morts-vivants et les créatures artificielles.,"Lorsque vous lancez ce sort en utilisant un emplacement de sort de niveau 2 ou supérieur, les soins augmentent de 1d8 pour chaque niveau d'emplacement au-delà du niveau 1.",1,Évocation,1 action,Contact,,Instantanée,FALSE,,68e0da86d9e4b156670e9c53,2025-10-04T08:27:50.567000,2025-10-04T08:27:50.567000,68d133369c4bfb4942ca73e3,greg.demeulenaere@gmail.com,FALSE
Bouclier de la foi,"Un champ scintillant apparaît et entoure une créature de votre choix à portée, lui accordant un bonus de +2 à la CA pour la durée du sort.",,1,Abjuration,1 action bonus,18 mètres,,"Concentration, jusqu'à 10 minutes",FALSE,,68e0da86d9e4b156670e9c54,2025-10-04T08:27:50.567000,2025-10-04T08:27:50.567000,68d133369c4bfb4942ca73e3,greg.demeulenaere@gmail.com,FALSE
Toile d'araignée,"Vous conjurez une masse de toiles d'araignées épaisses et collantes en un point de votre choix à portée. Les toiles remplissent un cube de 6 mètres d'arête à partir de ce point. Les toiles sont un terrain difficile et obscurcissent légèrement leur zone. Si les toiles ne sont pas ancrées entre deux masses solides ou superposées sur le sol, les murs ou le plafond, la toile conjurée s'effondre sur elle-même.",,2,Conjuration,1 action,18 mètres,,"Concentration, jusqu'à 1 heure",FALSE,,68d399f2e22fa9d50df58856,2025-09-24T07:12:50.936000,2025-09-24T07:12:50.936000,68d133369c4bfb4942ca73e3,greg.demeulenaere@gmail.com,FALSE
Prestidigitation,"Ce sort est un tour de magie mineur que les lanceurs de sorts novices utilisent pour s'entraîner. Vous créez l'un des effets magiques suivants à portée : allumer ou éteindre instantanément une bougie, une torche ou un petit feu de camp ; nettoyer ou salir instantanément un objet ; réchauffer, refroidir ou parfumer jusqu'à 30 cm cube de matériau non vivant ; faire apparaître une couleur, une petite marque ou un symbole sur un objet ou une surface ; créer un babiole non magique ou une image illusoire.",,0,Transmutation,1 action,3 mètres,,Jusqu'à 1 heure,FALSE,,68d399f2e22fa9d50df58852,2025-09-24T07:12:50.936000,2025-10-03T13:09:34.133000,68d133369c4bfb4942ca73e3,greg.demeulenaere@gmail.com,FALSE
Bouclier,"Une barrière invisible de force magique apparaît et vous protège. Jusqu'au début de votre prochain tour, vous avez un bonus de +5 à la CA, y compris contre l'attaque qui a déclenché ce sort, et vous ne subissez aucun dégât de projectile magique.",,1,Abjuration,1 réaction,Personnelle,,1 round,FALSE,,68d399f2e22fa9d50df58854,2025-09-24T07:12:50.936000,2025-09-24T07:12:50.936000,68d133369c4bfb4942ca73e3,greg.demeulenaere@gmail.com,FALSE
Vol,"Vous touchez une créature consentante. La cible gagne une vitesse de vol de 18 mètres. Lorsque le sort se termine, la cible tombe si elle est encore en l'air, à moins qu'elle puisse arrêter sa chute.","Lorsque vous lancez ce sort en utilisant un emplacement de sort de niveau 4 ou supérieur, vous pouvez cibler une créature supplémentaire pour chaque niveau d'emplacement au-delà du niveau 3.",3,Transmutation,1 action,Contact,,"Concentration, jusqu'à 10 minutes",FALSE,,68d399f2e22fa9d50df58859,2025-09-24T07:12:50.936000,2025-09-24T07:12:50.936000,68d133369c4bfb4942ca73e3,greg.demeulenaere@gmail.com,FALSE
Restauration supérieure,"Vous imprégnez une créature que vous touchez d'énergie positive pour défaire un effet débilitant. Vous pouvez réduire le niveau d'épuisement de la cible de un, ou mettre fin à l'un des effets suivants sur la cible : un charme ou une pétrification sur la cible ; une malédiction, y compris l'harmonisation de la cible avec un objet magique maudit.",,5,Abjuration,1 action,Contact,,Instantanée,FALSE,,68d399f2e22fa9d50df5885b,2025-09-24T07:12:50.936000,2025-09-24T07:12:50.936000,68d133369c4bfb4942ca73e3,greg.demeulenaere@gmail.com,FALSE
Sommeil,Ce sort envoie les créatures dans un sommeil magique. Lancez 5d8 : le total est le nombre de points de vie de créatures que ce sort peut affecter. Les créatures dans une sphère de 6 mètres de rayon centrée sur un point de votre choix à portée sont affectées par ordre croissant de leurs points de vie actuels.,"Lorsque vous lancez ce sort en utilisant un emplacement de sort de niveau 2 ou supérieur, lancez 2d8 supplémentaires pour chaque niveau d'emplacement au-delà du niveau 1.",1,Enchantement,1 action,27 mètres,,1 minute,FALSE,,68d399f2e22fa9d50df58855,2025-09-24T07:12:50.936000,2025-09-24T07:12:50.936000,68d133369c4bfb4942ca73e3,greg.demeulenaere@gmail.com,FALSE
Contresort,"Vous tentez d'interrompre une créature en train de lancer un sort. Si la créature lance un sort de niveau 3 ou inférieur, son sort échoue et n'a aucun effet. Si elle lance un sort de niveau 4 ou supérieur, effectuez un test de caractéristique d'incantation. Le DD est égal à 10 + le niveau du sort. En cas de réussite, le sort de la créature échoue et n'a aucun effet.","Lorsque vous lancez ce sort en utilisant un emplacement de sort de niveau 4 ou supérieur, le sort interrompu n'a aucun effet si son niveau est inférieur ou égal au niveau de l'emplacement de sort que vous avez utilisé.",3,Abjuration,1 réaction,18 mètres,,Instantanée,FALSE,,68d399f2e22fa9d50df58858,2025-09-24T07:12:50.936000,2025-09-24T07:12:50.936000,68d133369c4bfb4942ca73e3,greg.demeulenaere@gmail.com,FALSE
Lumière,"Vous touchez un objet qui ne fait pas plus de 3 mètres dans chaque dimension. Jusqu'à la fin du sort, l'objet émet une lumière vive dans un rayon de 6 mètres et une lumière faible sur 6 mètres supplémentaires. La lumière peut être de la couleur que vous désirez. Couvrir complètement l'objet avec quelque chose d'opaque bloque la lumière.",,0,Évocation,1 action,Contact,,1 heure,FALSE,,68d399f2e22fa9d50df58853,2025-09-24T07:12:50.936000,2025-09-24T07:12:50.936000,68d133369c4bfb4942ca73e3,greg.demeulenaere@gmail.com,FALSE
Invisibilité,Une créature que vous touchez devient invisible jusqu'à la fin du sort. Tout ce que la cible porte ou transporte devient invisible tant que c'est sur sa personne. Le sort prend fin pour une cible qui attaque ou lance un sort.,"Lorsque vous lancez ce sort en utilisant un emplacement de sort de niveau 3 ou supérieur, vous pouvez cibler une créature supplémentaire pour chaque niveau d'emplacement au-delà du niveau 2.",2,Illusion,1 action,Contact,,"Concentration, jusqu'à 1 heure",FALSE,,68d399f2e22fa9d50df58857,2025-09-24T07:12:50.936000,2025-09-24T07:12:50.936000,68d133369c4bfb4942ca73e3,greg.demeulenaere@gmail.com,FALSE
Esprit Gardien,"Vous invoquez des esprits pour vous protéger. Ils voltigent autour de vous dans un rayon de 4,50 mètres. Si vous êtes bon ou neutre, leur forme spectrale apparaît angélique ou féerique. Si vous êtes mauvais, ils apparaissent fiéleux. Lorsque vous lancez ce sort, vous pouvez désigner un nombre de créatures que vous pouvez voir pour qu'elles ne soient pas affectées par lui.","Lorsque vous lancez ce sort en utilisant un emplacement de sort de niveau 4 ou supérieur, les dégâts augmentent de 1d8 pour chaque niveau d'emplacement au-delà du niveau 3.",3,Conjuration,1 action,Personnelle,,"Concentration, jusqu'à 10 minutes",FALSE,,68d399f2e22fa9d50df5885a,2025-09-24T07:12:50.936000,2025-09-24T07:12:50.936000,68d133369c4bfb4942ca73e3,greg.demeulenaere@gmail.com,FALSE
Soins,Une créature de votre choix que vous touchez regagne un nombre de points de vie égal à 1d8 + votre modificateur de caractéristique d'incantation. Ce sort n'a aucun effet sur les créatures artificielles ou les morts-vivants.,"Lorsque vous lancez ce sort en utilisant un emplacement de sort de niveau 2 ou supérieur, les soins augmentent de 1d8 pour chaque niveau d'emplacement au-delà du niveau 1.",1,Évocation,1 action,Contact,,Instantanée,FALSE,,68d3988cf38ad2962dac7acb,2025-09-24T07:06:52.050000,2025-09-24T07:06:52.050000,68d133369c4bfb4942ca73e3,greg.demeulenaere@gmail.com,FALSE
Armure de mage,Vous touchez une créature consentante qui ne porte pas d'armure et une force magique protectrice l'entoure jusqu'à la fin du sort. La CA de base de la cible devient 13 + son modificateur de Dextérité. Le sort prend fin s'il enfile une armure ou si vous le révoquez par une action.,,1,Abjuration,1 action,Contact,,8 heures,FALSE,,68d3988cf38ad2962dac7ace,2025-09-24T07:06:52.050000,2025-09-24T07:06:52.050000,68d133369c4bfb4942ca73e3,greg.demeulenaere@gmail.com,FALSE
Main de mage,"Une main spectrale et flottante apparaît à un point de votre choix à portée. La main reste pour la durée du sort ou jusqu'à ce que vous la révoquiez par une action. Vous pouvez utiliser votre action pour contrôler la main. Vous pouvez utiliser la main pour manipuler un objet, ouvrir une porte non verrouillée ou un récipient, ranger ou récupérer un objet d'un récipient ouvert, ou verser le contenu d'une fiole.",,0,Conjuration,1 action,9 mètres,,1 minute,FALSE,,68d3988cf38ad2962dac7acc,2025-09-24T07:06:52.050000,2025-09-24T07:06:52.050000,68d133369c4bfb4942ca73e3,greg.demeulenaere@gmail.com,FALSE
Décharge occulte,"Un rayon d'énergie crépitante se dirige vers une créature à portée. Effectuez une attaque à distance avec un sort contre la cible. En cas de réussite, la cible subit 1d10 dégâts de force.","Le sort crée plus d'un rayon lorsque vous atteignez des niveaux supérieurs : deux rayons au niveau 5, trois rayons au niveau 11 et quatre rayons au niveau 17. Vous pouvez diriger les rayons sur une ou plusieurs cibles.",0,Évocation,1 action,36 mètres,,Instantanée,FALSE,,68d3988cf38ad2962dac7acd,2025-09-24T07:06:52.050000,2025-09-24T07:06:52.050000,68d133369c4bfb4942ca73e3,greg.demeulenaere@gmail.com,FALSE
Mot de guérison,Une créature de votre choix que vous pouvez voir à portée regagne un nombre de points de vie égal à 1d4 + votre modificateur de caractéristique d'incantation. Ce sort n'a aucun effet sur les créatures artificielles ou les morts-vivants.,"Lorsque vous lancez ce sort en utilisant un emplacement de sort de niveau 2 ou supérieur, les soins augmentent de 1d4 pour chaque niveau d'emplacement au-delà du niveau 1.",1,Évocation,1 action bonus,18 mètres,,Instantanée,FALSE,,68d3988cf38ad2962dac7acf,2025-09-24T07:06:52.050000,2025-09-24T07:06:52.050000,68d133369c4bfb4942ca73e3,greg.demeulenaere@gmail.com,FALSE
Projectile magique,Vous créez trois dards brillants d'énergie magique. Chaque dard frappe une créature de votre choix que vous pouvez voir et qui se trouve à portée. Un dard inflige 1d4 + 1 dégâts de force à sa cible. Les dards frappent tous simultanément et vous pouvez les diriger vers une seule créature ou plusieurs.,"Lorsque vous lancez ce sort en utilisant un emplacement de sort de niveau 2 ou supérieur, vous créez un dard supplémentaire pour chaque niveau d'emplacement au-delà du niveau 1.",1,Évocation,1 action,36 mètres,,Instantanée,FALSE,,68d3988cf38ad2962dac7ac9,2025-09-24T07:06:52.050000,2025-09-24T07:06:52.050000,68d133369c4bfb4942ca73e3,greg.demeulenaere@gmail.com,FALSE
Boule de feu,"Un éclair de lumière jaune part de votre doigt tendu, puis explose à l'endroit de votre choix en un rugissement de flammes. Chaque créature dans une sphère de 6 mètres de rayon centrée sur ce point doit effectuer un jet de sauvegarde de Dextérité. En cas d'échec, elle subit 8d6 dégâts de feu. En cas de réussite, elle ne subit que la moitié de ces dégâts.","Lorsque vous lancez ce sort en utilisant un emplacement de sort de niveau 4 ou supérieur, les dégâts augmentent de 1d6 pour chaque niveau d'emplacement au-delà du niveau 3.",3,Évocation,1 action,45 mètres,,Instantanée,FALSE,,68d3988cf38ad2962dac7aca,2025-09-24T07:06:52.050000,2025-09-24T07:06:52.050000,68d133369c4bfb4942ca73e3,greg.demeulenaere@gmail.com,FALSE